name,placeId,taking_students,notes
- Kemelle Deeble Psychotherapy And Counselling,ChIJW8pIPT8F1YkRxE-oq9VikJA,,
101 Psychotherapy & Counselling Vaughan,ChIJQeE6g9UvK4gR9TV7A1U8d4A,,
360 Wellness Spruce Grove,ChIJix3_5liOn1MRAKhSOKU9rjc,,
4 Elements Wellness Clinic,ChIJv5P23q2HblMRUNCGWFtqZII,,
"78 Elma St W, Okotoks, AB",ChIJU_9WnRqZcVMR3OSnXddJU1Q,,
"80 Acres Counselling, Mediation & Consulting",ChIJ6_eQo6d5ClMRw2o8ueB8Wgs,,
A Beautiful Mind Psychology & Psychotherapy Clinic,ChIJT34MOHcVK4gROdUMBbwde4U,,
A Better Life Consulting & Counselling,ChIJfVErt1MsE1MRJtS8g0du-B0,,
A Better Me Counselling Services,ChIJfVWgTJEtO4gR5qqsTAoKgpw,,
A Life of Value: Psychotherapy and Counselling,ChIJHXOffGzL1IkR-Nb67CQ-3Ck,,
"A life Worth Flourishing Therapy, Coaching & Transformative Educational Programs",ChIJB_Xg66NgcqgR1rrecs0v1J0,,
A Lily Among Thorns Lymphatic & Massage Therapy,ChIJSwgoQI-Rn1MRABrPzOC6k-U,,
A Mindful Change,ChIJlaP1b0ubK4gR7G8ecW_-atw,,
A Mindful Change Therapy Barrie,ChIJj2U_wTy9KogRAVVnYeWOKoA,,
A New Pathway Counselling,ChIJxwiFT86bK4gRiC9RtG7OkWA,,
A New Tomorrow Psychotherapy Services,ChIJ31BCzDUlK4gRRN4xumZ6D7E,,
"A Path to Peace Counseling, LLC",ChIJ__-vKystO4gRrrrJWRedqJc,,
A Space to Flourish Psychology,ChIJq6q6DtoXoFMRY4cTjCgsW1o,,
A Thread of Clarity Inc.,ChIJScGmfcshoFMRe28RKytWg4w,,
AAA Academy & Consulting Ltd,ChIJrbtPGxaCY0ERBqddoa0k6pw,,
Aberdeen Centre,ChIJDRJW00SRkFMR6bV6BK2qQ4Q,,
Abilities Behaviour Consulting,ChIJE7x0qKWEK4gRen3qj44Fw_g,,
Able Therapy,ChIJ7Unu3LT2C2cR2GxM2u9kzrA,,
Abma Counselling Services in St. Catharines and Niagara Falls,ChIJgVGpF7JR04kR1Zg1pualC5M,,
Aboriginal Counseling Services of Alberta,ChIJ14_QZDgioFMRqQWStJ8iLwc,,
About the Connection Counselling,ChIJu3ZCx52bLIgRYgwzXMJ8MnQ,,
Abraham Counselling Therapy,ChIJAQAwzOtVdFMR08eevJlaO9k,,
Abundant Life Counselling,ChIJ____o7FAcVMRY6nOyto39rY,,
Abundant Life Counselling Services,ChIJS1a9aHCJn1MRiEDRY535P-8,,
Abundant Living Counselling Group,ChIJZ0B5R5MHzkwRE7ntyhRc0os,,
Abyss Psychotherapy,ChIJPbl2txYVK4gR5GGE801Dass,,
AC Counselling and Wellness,ChIJF9Yk7Y8rO4gRbNnnJAGORkE,,
AC Counselling and Wellness,ChIJp0vIbQMvO4gRYiK08AiZwc8,,
Accel Physical Therapy & Massage - Millennium Drive,ChIJl4OmFQ4JsFMRhuSYRQVLNBY,,
Accel Physical Therapy & Massage - Syncrude Sport and Wellness Centre,ChIJ-78pRYQFsFMRiRud3ztqxFg,,
"Accendus Group - Counselling, Psychotherapy, and Mediation",ChIJw0PMpJFcK4gRcw6tkHzihKA,,
Access Chiropractic and Wellness,ChIJKZqYTFlfcVMRJaJbg2HKYFI,,
Access Counselling,ChIJ1Y94u9oIsFMRw7n_yCjCbp0,,
Access Therapy,ChIJa7rK0MObLIgRa7DHhV5gXu8,,
Access Therapy Centre,ChIJHcGl6zLe1IkRAEDqGhKHILw,,
Accord Medical Clinic,ChIJWzWd1UEXoFMRe_jfyrIHOEc,,
Achieve Health and Wellness,ChIJhTkIsumIblMRfHOFBSht5Pw,,
Achieve Psychological Services,ChIJUSeeQguRkFMRLlkgOqe5_to,,
Achieve Wellness Spa,ChIJkXCfZzwJsFMRr46K8dmE5g0,,
ACM Counselling,ChIJ49gb5tkd1YkRz8c8PgoIhjw,,
Acorn Counselling,ChIJMx5SNwCbLIgR8ytknrEHIyQ,,
Action Plan Counselling,ChIJY8djpKeFLIgRuwOFtdlVGNE,,
Activa Clinics,ChIJQ1Zl6k30K4gRZ6DJIcx64Rw,,
Active Balance Health Centre,ChIJW2UZI82ZcVMRn5GktzHys38,,
Active Physio Works,ChIJZ_jQkyokoFMRA2IjeFEgAl0,,
Active Physio Works - St. Albert Servus Place,ChIJ-f4b3aQloFMRdAmclJStZmc,,
Active Physio Works - Sturgeon Medical,ChIJlyDHayUloFMR73VNQ2ALvQg,,
Active Recovery Therapy Massage Clinic,ChIJ_TGfsFD5n1MRnRgvFSDISe4,,
Actualize Psychological Services - St. Albert,ChIJOYBOZXMnoFMR07nOQKa11M4,,
Adam Vasey Therapy,ChIJy-tO7hMtO4gRaigdcDBzVLA,,
Addiction & Mental Health Services - Alberta Health Services,ChIJS03bU4aXcVMR0nUa9DqQprk,,
Addiction And Mental Health Adult Outreach Services,ChIJ-0BfHu8sE1MRaVx43mIkJU8,,
Addiction and Mental Health Clinic,ChIJ0S3i6OPMc1MRaiUYdkxsy70,,
Addiction and Mental Health Services - KFLA,ChIJzdmcrQCr0kwRfcSKla_WW54,,
Addiction Mental Health Community,ChIJi0KIglcsE1MRf04UWpyNXfc,,
Adoption Advisory & Counselling Service,ChIJx_ycd7NR04kR9Fh0nN3Tib8,,
Adriel Family Therapy Centre,ChIJFRLmtCVUdFMR6_X6cGwvLus,,
Adrienne Richardson Niagara Counselling/ Online Therapy,ChIJK-y2oEJD04kR9BaDap5NuJo,,
Advance Therapy,ChIJGedgYAAd1YkRnZIfkP6pBus,,
Advanced Counceling & Consulting Practice,ChIJyWXw7bQIsFMRDik4znnF9oQ,,
Advanced Counselling,ChIJ7YUXAaQtE1MRRlTJwb2iJp4,,
Advanced Mind Clinic,ChIJwX_CWf1hK4gR_jnw56D4g3M,,
Advanced Psychology Institute (API Canada),ChIJZ208PksZoFMRWSA4XpieNFc,,
"Advanced Psychology Services, Richmond Hill",ChIJ44aGpLIrK4gRuMPp-f3HIxI,,
Advanced Solutions Counselling,ChIJBwCwIeeqL00RzQH9u412Ybk,,
Advanced Therapeutic Counselling,ChIJXfTtYW5fcVMRB0-qJBMNUxM,,
Adventure Physiotherapy - North,ChIJhZMd76qWkFMR5koznvdcoOA,,
ADZ Psychology & Wellness Clinic,ChIJ3YeFWm35n1MRMBs89LByC28,,
AE Counselling and Support Services,ChIJ9xTJRkL1K4gR__KOmb6CUCg,,
AE Therapy - Angelica Esposito | EMDR,ChIJU4JxtA5hK4gRqNQ3pBDly4E,,
Afall Healing Services,ChIJb6pdEGQtO4gRqs3Ab64stEk,,
Affinity Counselling,ChIJa6gjsSf1K4gR8XZhibjN4hc,,
Affirming Mental Health Services,ChIJo6UidIYfWU0R6Ei_UmsSfzk,,
Affix Therapy,ChIJa_vPrOT5n1MRoYpcT4ouD4s,,
Affordable Child and Family Therapy,ChIJex0OPeqJToYRwUeo-6o4eaM,,
Afterglow Counselling & Wellness,ChIJE4n6cgktO4gRjovgesTIZDk,,
Ahana Counselling & Consulting,ChIJA60m_-Yd1YkRZX1V3K2wCHI,,
Ahave Massage Spa Lethbridge,ChIJpSLkPKHTqoQRHQzNtXTVmzQ,,
Ahmad And Associates,ChIJ__9PGa4rO4gRXcip0HOzYAU,,
"Ahmadreza Zamani, Family Counsellor, Registered Psychotherapist",ChIJQVOuOSfT1IkRvlyykN1O_TI,,
AIKYA Complete Wellness,ChIJW7dM1KK7ClMR172QvbXZ0SU,,
"AIM youth and family counselling, addictions counselling",ChIJdzyytwRhK4gRJImPNvx4tVc,,
Airdrie - Alberta Supports Centre,ChIJJ-0L0ElfcVMR9EqY1BVqGzs,,
Airdrie Addiction & Mental Health Clinic,ChIJD0jpOm9fcVMRPguJG6eQRiY,,
Airdrie Children's Services,ChIJm0-efAdfcVMRTT-rABKExSg,,
Airdrie Community Health Centre,ChIJE3Vy8XFfcVMRP0JH5ZhXn50,,
Airdrie Community Health Services,ChIJCxwN8XFfcVMR9RoCvj_M17A,,
Airdrie Counselling Centre,ChIJKbaTCBlfcVMRWHmPRF_Y3HE,,
Airdrie Family Services Society,ChIJ9_2uOW9fcVMRQ0_i99Vqh34,,
Airdrie Family Wellness,ChIJ0UXDvJpfcVMRlsOuhd_8Y6M,,
Airdrie Massage Wellness,ChIJ8YK5cFNfcVMRcyTt9G6nc4s,,
Airdrie Performance Massage,ChIJR4HzXJRfcVMRr4NefvEvvwo,,
Airdrie Physiotherapy & Massage,ChIJXcWUHnJfcVMRz59slvRAZy8,,
Airport Rehab Centre,ChIJMWKtugc8K4gRyJO-4SgD900,,
Aks Counselling and Psychotherapy Services,ChIJOez_T85HK4gR2ywr2b3gFRw,,
"AL Kaibzhanov, Psychotherapist RSW",ChIJP9uk7ow0K4gRUgYaSqd5I5M,,
Alan Young,ChIJpbo6tEEfWU0RQoz2ZdKeOxc,,
Alana Jacobsen Counselling & Psychotherapy,ChIJSyDTg2cfWU0Re2tDhE1C-aI,,
Alana lasovich hypnotherapy,ChIJYV29Ykz5n1MRE2DC8psWLyA,,
Alas del Cóndor: Psicología Profunda,ChIJ1bvXxW81K4gRwGtFxAMjJpA,,
Alberta Balance Centre,ChIJJfq8q8NvcVMRIdCsSUfsiB4,,
Alberta College of Massage Therapy,ChIJzQ2lqc0FsFMRaBo3VoaQIZ4,,
Alberta College of Massage Therapy,ChIJ99qPsomyCVMRZ3oCVe9XIAU,,
Alberta Counselling Centre,ChIJl0m2NuNwcVMR7Gnb9q7dX4s,,
Alberta Counselling Coop,ChIJUZTS1sLhc1MRJGurjpIllyE,,
Alberta Counselling Coop,ChIJryuMTVIPsFMR1fGYJ21g7EA,,
Alberta Counselling Services,ChIJX9UlqZhlcVMRl9tXEqmu-GY,,
Alberta Family Psychology,ChIJ8RtKnbNvcVMRbIUAMQSjVrI,,
Alberta Health Services,ChIJAdEnvy9UdFMRzFbOzrTnY98,,
Alberta Health Services,ChIJbSVdnW9fcVMRzjzVKIqBpBk,,
Alberta Health Services Home Care Clinic,ChIJ0TIAAnUtE1MRFaMnai5E5K8,,
Alberta Health Svc,ChIJETmr1YqOn1MR0YX-sguvl8U,,
Alberta Physical Therapy Clinics Inc.,ChIJg1qhywotE1MRPKlsHQXEGpY,,
Alberta Psychsystems,ChIJpQO5iugIsFMRNwReI6N1FEw,,
Alberta Spine and Sport,ChIJH89EnXCXcVMRVsS_T8bUJGQ,,
Alberta Supports - Leduc,ChIJDb4QV035n1MRhxEFXx1-gBc,,
Alberta Therapist,ChIJTY2a2zAloFMRRlpLIJNCITU,,
Alberta Therapy Co. - Old Strathcona,ChIJaZtGUJojoFMReliBWcRJQns,,
AlbertaHealthServices,ChIJa8Y_VQD5n1MR4-5ym3KMqDc,,
Alchemic Serendipity,ChIJVzOhmjOPn1MRuq8cF1Nu7qo,,
Alessia Manzoli,ChIJ3eB_SRGHEYoRJtkAXS8nCn0,,
"Alesya Courtnage, MA, RP Psychotherapy and Counselling",ChIJqQdsjpmbLIgRMegkvDnVBGo,,
ALEXANDRA BROWN THERAPY,ChIJV1A9drJR04kRhRNpweUAcug,,
"Alexandra Unitas, Registered Psychotherapist",ChIJmxZArQrV1IkRsAsvxthB59I,,
Alia Ziesman Counselling,ChIJW82ub9KbK4gRyeYnndxLG7s,,
"Alice Rushing MASc., Psychologist and Associates",ChIJs8QRVA30K4gRycAG6BJfMcY,,
"Alice Wood MSW RSW- Registered Social Worker, Psychotherapist",ChIJNZdRQJ4rO4gR0i0fnVP9ids,,
Alicia Dance Counselling Services,ChIJfysJXmpvK4gRQRAXBxKHLcs,,
Align Osteopathy & Wellness,ChIJU4IHYsMhWU0RpXWMf2qJY6E,,
Align Wellness,ChIJVVVl8Z1AcVMRnO13e03OHCA,,
Aligned Health,ChIJNVLURTLzK4gRzKY0qlTCiaA,,
Aligned Minds,ChIJlYuAiR9wcVMRKQllJdOmE8k,,
Aligned Minds Counseling and Therapy,ChIJuXymYg8joFMRliP3mWypov8,,
Aligned Psychotherapy,ChIJG4zLi3AFzkwRUvNS2XH0xg4,,
Aliman family Services (AIFS),ChIJl2TjXKEJnGERRkzP2ioyMtI,,
Alisha Sabourin,ChIJyaUL1WMioFMRueyObbPTYjY,,
Alison K. Parnell - Child Life Specialist,ChIJBeei-tWiKogRRFhPXwvx51c,,
All Good Psychotherapy & Wellness,ChIJRSLxMfCRLa0RQqaNuPFGqW0,,
All of You Wellness Centre,ChIJIec-IU_L1IkRDS16nb8g3PU,,
Allegro Counselling Inc.,ChIJyVOfga43K4gROes-aTdYTQU,,
Alli MacKenzie Hypnotherapy & Energy Healing,ChIJuU7q96f5n1MRhlTiFWRC7Gw,,
Alliance Therapy Group,ChIJNZn_TdWjKogRzr_iLDvvwYw,,
"Allison Roy, MA, C. Psych.",ChIJsScXaSZVLk0RzOoCl3H2PtU,,
Almariego Psychotherapy,ChIJr7t2ESIvO4gR29ZKEzyg2Y4,,
Alpha Court Community Mental Health & Addiction Services,ChIJE9nY8sojWU0RChHSxdQLCIs,,
Alta Psychology,ChIJdWK6ZE9KlokRk4eBAlpr5CA,,
Alta-Sask Wellness - Lloydminster,ChIJV1OF1YmyCVMRzxr4n7bBaQs,,
Altruism Connection - Integrative Counselling & Services,ChIJeZ5fhUktE1MRi58ww3g_hBw,,
Aly Bird Therapy,ChIJS5BsYMM1K4gRyytMOaYLIPQ,,
Alycol Psychological Health Services,ChIJNS1M1POOn1MR4ZMRvpOAgRk,,
Alysha Gurney Counselling Services,ChIJs0V5toItE1MRNodFkZqCP04,,
Amanda Baird,ChIJ__-_BPgjoFMRbZ-6UT5TF_w,,
Amanda Blaire Wellness,ChIJddYEPnU_cVMRT_NRAS94OV8,,
Amanda Neves Therapy,ChIJs1xRcScvK4gRgfXF3JYh-h0,,
"Amanda Rocheleau, MSW, RSW Counselling & Consulting",ChIJqf11LSACzkwRrdKQZL2BZu8,,
Amanda Tobe & Associates,ChIJWbONWQ-rwCMRQiGZJQblkJs,,
Amber Chenard Psychological Services,ChIJ6XE_-uyRkFMRPcUS00T99N0,,
Amber Sperling Social Work and Psychotherapy Services,ChIJp58plkupKogRHIwRd2Cn1uw,,
Amethyst Wellness Group,ChIJiYTz9AYnP0cRtCygbm0LNYM,,
Amity Detroit Counseling,ChIJbXzXQM7VJIgR-jAdu079qFY,,
Amity’s Body & Mind Therapeutic Massage,ChIJHY99E7mzCVMRPlWB5fsP_1I,,
Amna Khan Psychotherapy and Counselling Services,ChIJR38019FDK4gRfONe4uOse94,,
"Amreeta Kaur, MSW, RSW Therapy",ChIJ2w9K2WIrK4gRFM7CjLYSv20,,
Amy May Counselling Services,ChIJRUYgpc6jKogRqh1lIZvmE20,,
Amy Moroz Psychological Services,ChIJ6UMwcaaaK4gRQ43Ake96-pA,,
Amytra Therapy,ChIJh2g-oY3RZW4RSKeI3kp3kUg,,
Ana Montero Psychotherapy & Trauma Counselling,ChIJs-V9z4c0K4gRWHZ0oYh0CRI,,
Ana Schlosser Counselling - Medicine Hat,ChIJOUXcBrYtE1MR6cUVTp2QehY,,
Ancestral Memory Therapy,ChIJbVWBRM41K4gRbzuCb1yLgZE,,
Anchor & Bloom Psychotherapy,ChIJozvh2VxrK4gRClyq0RO1t-8,,
Anchor & Evolve Counselling and Psychotherapy,ChIJB8cEm_mbK4gRGv_fwA8gSSc,,
"Anchor Child Therapy - Child Therapist Specialists in Hamilton, ON for children ages 2 to 10 years",ChIJ-VrkA9uFLIgROgtqkiiLPuc,,
Anchored Therapy Centre - Individual and Couples Therapy,ChIJoxkHU3FrK4gR_tOFgIsefA8,,
Anchored Therapy Centre - Individual and Couples Therapy,ChIJ4-241anXTw8RldV2oBcPHgQ,,
Anchoridge Counselling Services,ChIJOw-T1qLxLogReEfnWwEGl2U,,
Anchoridge Counselling Services,ChIJYQD9tGn0K4gREkEymZfg50k,,
Anchoridge Counselling Services,ChIJp9Zk3QVnK4gRfINCzOJg1bY,,
ANDREA BEVAN SOCIAL WORK SERVICES,ChIJI4ecTehR04kRlBf66mVNch4,,
Andrea Conway Counselling,ChIJt7dqYMsjWU0RkZNWCG6525M,,
"Andrea Kauppinen, MSc, RP Registered Psychotherapist, Couple and Family Therapist",ChIJTQjY0tT1K4gRoqvqAH31Bs4,,
Andrea Zahra Therapy and Counselling Services,ChIJ-1oXyt8NzQgRMq8OiQPe4JI,,
Anew Counselling & Therapy,ChIJn7ek8-2jKogRzshluRgmIzQ,,
Angel's Healing Therapeutic Massage,ChIJjZ-ASadO0SIR7gf3rv206xA,,
Angela Irvine Consulting (Registered Provisional Psychologist),ChIJRxnRx1AsE1MRo9tME1kMOns,,
Angela Jans Counselling Services,ChIJ-5tNAtKHblMRDUdwzk6G9-o,,
"Angela MacKinnon, MSW, BSW, RSW Psychotherapy Services",ChIJ_yShp6krO4gRO9IAbI1gsW8,,
Angelis justus,ChIJrSWUdEIPsFMReJr-PLe_Vi8,,
Anger Management and Family Counselling Centre- Brampton,ChIJqVjZ85MVK4gRn73IWiveros,,
Anger Management Incorporated (Alberta ARMI),ChIJX-cLlFtfcVMRpiCP6igdbH8,,
Angie Ratcliff Counselling,ChIJB10SWuJvcVMRX1bz96MR2w8,,
Anita Pal,ChIJ6wBfoXmjKogRA6SCm95MJEM,,
Anita Pearce Counselling,ChIJVVXFMi2s0kwRKVdWy9nsMwo,,
Anju astrology & psychic medium,ChIJAylOutsXoFMRHADt67trE-I,,
Anna massage therapist,ChIJmzsLWoSRkFMRQpN0UpS4SRw,,
Annie’s Therapeutic Massage,ChIJIzBhVw37n1MR3jTZBXIELdA,,
Another Path Psychotherapy - Centretown Therapy,ChIJCQb-S5UFzkwR_62get2x0Q4,,
Another Perspective Family Centres,ChIJM1aZr8JQ04kRYo-8uXt6mC8,,
"Anthony Lavender, RP(Q) – Psychotherapist at Zenith Counselling",ChIJi80VIvr1K4gRjpR9MnqN3PM,,
Anxiety & Trauma Clinic of Ontario,ChIJpXe2z6XzLogRmwTAHPcxixk,,
Anxiety Clinic of Central Alberta,ChIJB_sNvslVdFMRadEW9JNemaQ,,
Anya Malda - Soulful Balance Counselling,ChIJ___v6SSeLIgRc92T_Nb_mWs,,
Apple Creek Sports Medicine Centre,ChIJSZvt4_zU1IkRoRC8SwE_G7I,,
APPLE WELLNESS CENTER,ChIJcXxtW25fcVMRIXR_qhCD-hY,,
Approach Psychology,ChIJ0RXidPMjoFMRwfVyaI3S79c,,
Apsi the Ferrance Group,ChIJY50h_egIsFMR8qP24LCY2LQ,,
Aquility,ChIJY16up3JGK4gR2jehRNYzYRM,,
ARC Psychology,ChIJO8SaZA4tK4gR4vFOHdchCMs,,
ARCH Psychological Services Inc.,ChIJcT10_7SWkFMRTq5iVnnR-Nc,,
Archways Centre for CBT,ChIJbyK3ja_xLogRdNBPO1OLqlM,,
"Arising Bliss Individual, Couple, Family and Refugee Newcomer Psychotherapy and Counselling Mississauga",ChIJDwzrrRJHK4gRQ0FIh2HCLrs,,
"Arising Bliss Individual, Couple, Family and Refugee Newcomer Psychotherapy and Counselling Services Toronto",ChIJUcZHj9M7K4gRo_a4d3WJ5ho,,
"Arising Bliss Individual, Couple, Family and Refugee Newcomer Psychotherapy and Counselling Services Toronto",ChIJ0TZNP3vR1IkROsnQg7QLbqs,,
"Arising Bliss Psychotherapy and Counselling - English, Hindi, Punjabi, Urdu & Malayalam Counselling",ChIJz04WTUQXK4gRsiRG6OYIqMA,,
Armstrong Healthcare and Wellness,ChIJ08_lmMat0kwRdDNUBQymXh8,,
Armstrong Scott Marriage & Family Therapist,ChIJiYF3aaMD1YkRtW1To0WjXpE,,
Arokaya Healing Wellness Centre (Arokaya Thai Wellness),ChIJpapH71APsFMRWKFVkoedIwo,,
Art as Therapy,ChIJ_Qeas_MVK4gR2nPGCY9Fe3Y,,
Art of Caring,ChIJuaCUry27ClMRxh3JjoSYpiI,,
Art of Living Psychotherapy Services,ChIJTTBJ6iW5W00RYnCQefwMXv8,,
ART OF MIND PSYCHOLOGICAL SERVICES,ChIJNV3Ww5s9oFMRgsKEOzSJA4w,,
Artemis Assessment Mental Health - Burlington,ChIJA9OVQbdhK4gRLPT_a42NbXE,,
Artemis Assessment Mental Health - Windsor,ChIJ7W9KfzUtO4gR05eWfR-p0n8,,
Artemis Counselling,ChIJB058HVF6bEcRTqUEMuR9vtY,,
Ascend Pediatrics,ChIJAQAEVZxAcVMR4YT65qLTJKU,,
Ascent Psychological Services (Online and In-Person Options),ChIJBfw7kBIfoFMR8iFH6AIv8Sw,,
ASH Counseling,ChIJzbzbISFHoFMRY0O4Shqhko8,,
Ash Wellness Co.,ChIJP6wtcZq7ClMRQEPgQOwe8wA,,
Ashay Therapy,ChIJSX3Ut0lxcVMRsRZ3pZcUF6M,,
Ashes & Rising Therapy and Wellness,ChIJ4_SmSkdfcVMRHiSDapEiAWI,,
Ashley Hughes Counselling,ChIJLatP9Dyr0kwRqyJ46VEpVLs,,
Ashley Otte Counselling,ChIJ-9YjGqqHblMRPalHYivBfxI,,
ASL Intervention-Counseling,ChIJD--s90NUdFMRko8_iQ7ifWg,,
Aspen Grove Counselling,ChIJ7VpX4SxBcVMR1xsg2pk_BJI,,
Aspen Psychology,ChIJm08QsMVBcVMRYeQN9AzS-eg,,
Aspen Therapy & Wellness Counselling,ChIJC-j_folvcVMRVoIudbcQXMM,,
Aspiration and Discoveries,ChIJHTkxS4TU1IkRwP47XMHidQw,,
Aspire Care Clinic,ChIJy-VKOUlfcVMR2mCuqd-EGcw,,
Aspire Counselling and Psychology,ChIJHQCQzvOOn1MRHzGJn05S8Hc,,
Assertive Community Treatment,ChIJNfeWobsjWU0RB4LSkQ75JqQ,,
"ASSIST Counselling, Psychotherapy and Psychiatric Services",ChIJgwXIIiT1K4gRCWTQ1elVjN0,,
Associated Counselling,ChIJ1xjakCdwcVMR-vQ-ONJE3Lg,,
Associates Counselling Services Inc.,ChIJHSMNYbeHblMR1kDrFFSPcM4,,
Assure Occupational Testing,ChIJ512LHZeyCVMRdMdSKEaWMu4,,
Assured Psychology,ChIJzYky7CJvcVMROJOUzs8KA60,,
Assured Psychology Counselling Services,ChIJZZoDy9ZBcVMR983NwQ3OpAo,,
Astra Medicare Medical Aesthetics,ChIJG3yxYr4VK4gRlpjIR-ikddg,,
At Dawn Wellness Centre,ChIJKRfnbsRfcVMRpwBa_21GuMo,,
Atara Psychotherapy,ChIJ81pF5b_V1IkRsmrTlDnKF3c,,
Athena's Counselling & Advocacy Centre,ChIJAQAAVQ7bKk0RT5XZUMK4KRk,,
Athlete's Choice Massage Sherwood Park,ChIJ___vKYU9oFMRMggERtExXFg,,
Atia Counselling Centre,ChIJxVgjiMArK4gRTm-Ww-tgOYw,,
Atlas Therapy Windsor ON,ChIJdxov9PzVOogRw2WKq-U0RAM,,
Atlohsa Family Healing Services,ChIJUS-fTRzyLogRe5J74I3YLfo,,
Atolagbe Therapy Inc.,ChIJR9xYVGEb1YkRzJ9JyFNrDak,,
ATRIUM PSYCHOLOGY,ChIJgbTo67yZLIgR0fy4ABeM0KA,,
Attached Counselling Co.,ChIJbYqroc1xcVMRr_wlGiDv484,,
Attachment and Trauma Treatment Centre for Healing (ATTCH) Niagara,ChIJ__8zzFdQ04kR7r5k3feNcrw,,
Attune Trauma and Regulation Centre,ChIJP-pL9DmRK4gRuR8SDP4x16Q,,
Attuned Families,ChIJ8Z4BWtM1K4gRcNG4jae_JWM,,
Attuned Psychological Services,ChIJ8bC6Ch7qoW0Ra890Jw_DABg,,
Attunement Psychotherapy Centre,ChIJZaKv9uVnK4gRI6i8MboYiWI,,
Audacity Health,ChIJEVlNjojxLogR_IGS53MbZIo,,
Audrey Locane MSW/RSW Counselling,ChIJJWLE9ARhK4gRLvgkOcQ0bvY,,
Aura Counselling Services,ChIJtQlAYe79zUwRFxYuIZqmXkw,,
Aura Wellness,ChIJO1IkTm8tE1MRFKNVm7KQNwk,,
Aurora Pathways Psychotherapy,ChIJpRtCRQy9KogR9ANjCuK2PKM,,
Austin Counselling Services,ChIJA-jt1rSh8qQRXsxIDHNxH5o,,
Authentic Change Counselling & Psychotherapy Inc,ChIJqwBfyZH1K4gRaDxJ84Lc_jQ,,
Authentic Connection Psychotherapy & Reiki,ChIJp-3iUQHdWE0RqE8LsNACeio,,
Authentic Living London,ChIJ7anjn4HzLogRUQdxb2Y3bFI,,
Authentic Minds Counselling and Psychotherapy,ChIJ8SJhUSiFK4gRPEV0QDMOtW8,,
Authentic Psychology,ChIJFVSvXlZwcVMRiSAffkzYdKI,,
Authentic Self Therapy,ChIJvQJ4EjgtO4gReJkgXD6xnKk,,
"Authentic You: Counselling, Assessment & Addictions Services Inc.",ChIJk_gfi5gdoFMRPR2HoBFPcy0,,
Authentically You Holistic Counselling Corp,ChIJQYHSVABVdFMRMtKEggGIz6M,,
Autumn Conn Psychotherapy,ChIJbRtC9JFR04kRdwxOT-p1YSE,,
Autumnwood Counselling Thunder Bay,ChIJsePqEXsjWU0R6_IKgF262Lg,,
Aveiro Sleep,ChIJh9pS4JCyCVMRgy_LJYmq7MQ,,
Aveya Therapeutic Massage,ChIJU9WAzdq7ClMRg98YcVb4fL4,,
Awaken Counselling & Holistic Services,ChIJi300QVeXkFMRKFXJdl5H6gg,,
Awaken Medium,ChIJkSjIEaStCVMRy-ObpxsvnIA,,
AXB Psychological Services,ChIJs36NlWtfcVMRl2_HbF1R_Es,,
Axel Therapy,ChIJA9MOdi31K4gR8I09swlO57k,,
Axial Physio & Health Inc.,ChIJ4VdM0R2tCVMRd0RXcX-Tv7o,,
Azadeh Family counseling,ChIJgytVbLMFzkwRjaOBGEOK-oU,,
Azure Massage and Wellness Camrose,ChIJB5xoW8O7ClMRswf_RwXF0zk,,
B Well Physiotherapy,ChIJqc9zq51AcVMRolR2fLlQ1Xs,,
Back 2 Health Rehabilitation Centre,ChIJW_Wy6xFVLk0RXHVLpTOzoWs,,
Back Door Mission,ChIJe2AbHeEc1YkRq_GXsLvjACw,,
Back On Track Health Centre,ChIJd1t_VfGOn1MRVHffqDqvXQc,,
Bader Mediation & Counselling Services,ChIJhyZnofL0K4gRveuQELJcH14,,
Badour Psychology,ChIJB5aD-sp7cVMRi2ZkUAr9cak,,
Balance Physiotherapy & Massage,ChIJG9dc37iXcVMRBBX9-RDEYOg,,
Balance Wellness,ChIJJTxnX4AXoFMRUfIz43a8lis,,
Balanced Life Therapy,ChIJFcs9_CijKogR0z6gfW7i7k4,,
Balanced Mind and Wellness Inc.,ChIJB8bPsF80K4gRr5ecQpKnf0k,,
Balanced Self Psychotherapy,ChIJdTUzGrxmbQkRPL2vfRa5N6c,,
BalanceWorks Psychological - Counselling Services,ChIJK9-UN8iWkFMRhVS5itf5oD4,,
Baldwin Psychotherapy,ChIJxSI-FJ-jKogRl7Gy73l_Ojc,,
Balens Psychotherapy,ChIJd0htXU84KiARJSjOILp2MEU,,
Barb Davies Hypnotherapy and Counselling,ChIJS3W0GfkjWU0RyLBKAE5Dj7c,,
"Barbara Douglass, DCP, MC, B.Ed, Counselling Psychology",ChIJGSQ9DGeZcVMRrAS4-YvALos,,
Barrie and Community Family Health Team,ChIJyxsVdHmjKogRpYOpPt0AHNI,,
Barrie Anxiety Clinic,ChIJnbv8JV69KogRLlphavow9Lw,,
Barrie Core Wellness Centre,ChIJ-afzkTe8KogRtWVTarZuW64,,
Barrie Counselling Services,ChIJW0nLiwSjKogRrzSZ_jXRjVA,,
Barron and Associates,ChIJ26bI3r0rO4gRlKUMrqJMOZ4,,
Basanti Counseling | Trauma and Wellness Therapy (in-person and online),ChIJHcTYXVrVKogR6UROFHbgl9E,,
Bash Bays,ChIJ4z89SRYfWU0RSNM2v_iVrVY,,
Bask Wellness UV Spray tan,ChIJ9Y2gIuS7ClMR9hhJcZ3G7_Y,,
Bassis and Carter,ChIJB5GLo9SqL00RFwHZ2qyhUNI,,
Batool Psychotherapy & Wellness,ChIJYR_Zb9r_CwsRKa7vTfMPxH8,,
Baxter Antoniazzi and Associates,ChIJFVQQ6U2aLIgRykwPb5cJiGs,,
Bay Lake Psychotherapy,ChIJS8dOj0S9KogRWDqcTqPuWK0,,
Bay View Therapy Centre,ChIJOQJIWSejKogRiq95TmwOyG0,,
Bay View Therapy Centre Orillia,ChIJiw5-BKCpKk0RQmu1Me2x6Qo,,
Baynes Family Wellness,ChIJD5yBJ3X5n1MReKYNXAwCndg,,
Bayridge Counselling Centres Brampton,ChIJE08V9M4VK4gRZFGTPSgowgc,,
Bayridge Counselling Centres Burlington,ChIJTzsRe_-dLIgRT8Y8hLQRxr4,,
Bayridge Counselling Centres Hamilton,ChIJRayA9C2bLIgRo76pdlX9iVU,,
Bayridge Counselling Centres Kitchener/Waterloo,ChIJ_QyJsPL0K4gRRUsdMaaHPE4,,
Bayridge Counselling Centres Mississauga,ChIJGe-QxjBHK4gRaq8nPZMETL0,,
Bayridge Counselling Centres Oakville,ChIJDZW6pJFcK4gRsmqw8tOTsG0,,
Bayridge Counselling Centres St. Catharines,ChIJ36AjDFJQ04kR3kCNhUUc8-o,,
BE by Design,ChIJz5uOYIQep4MRAnK3mbCKHN8,,
Be Mind Body Therapy,ChIJVVUFDraHblMRxxfXF7eY8bo,,
Be Well Psychology,ChIJ6Xq4JelvcVMRxLD4p574Oh4,,
Be Well Therapy Studio,ChIJc9i0dgDzLogRpb3kLJgpS3I,,
Be Wellness Therapy,ChIJuao0ElpVdFMRDfmS4xw140Y,,
Bea Fisher,ChIJd-UZaZmyCVMR0s1hbm5ZU_8,,
Beaches Therapy Group,ChIJ4_H_rZbL1IkR0dye0dAIbik,,
Beaches Therapy Group,ChIJg4PYOgXM1IkRUJ8XdwSC4fs,,
Beaches Therapy Group,ChIJTWBM98dhK4gRmYkfQheyRgQ,,
Beacon of Hope Counselling,ChIJA2axqSsf1YkRwgaws4p9vQ0,,
Beacon Of Light Counselling,ChIJnafAYxhR04kRn-FFJ0DPMSU,,
Bear Creek Counselling & Psychology,ChIJPerKfKqWkFMRvYDuKlotBLA,,
Bear With Me Counselling Services,ChIJcTFgmsAsO4gRdux3j_u6_ww,,
Becca Sawyer Therapy,ChIJN9hb-YUd1YkRjDHvCXX19nc,,
Beck Psychological Services,ChIJ0ctQnENBcVMRahPS49Su-gU,,
Become Wellness,ChIJ9252k19R04kRmep-zKxshbA,,
Begin Within Psychology,ChIJ6-COTQsmoFMR-trBxKJEWt0,,
Beginnings Counselling Services,ChIJy9cDXjKHblMRPx8evs0FMN4,,
Behaviour Matters,ChIJWYDN_wYyK4gRZCRXOHybAEA,,
Behavioural Wellness Clinic,ChIJI9soHwYFzkwRXppQVvgBqKY,,
Being Human Club,ChIJ2a7CXThxcVMRCOS-cmNU0K8,,
Being Human Services Inc.,ChIJz9Qpt1MsE1MRHP40CBc6MDQ,,
Bekker Antoinette Dr,ChIJazmm4uUsE1MR01nn0qbIK-I,,
Bella Vita Psychotherapy,ChIJza5kCPifLIgRNHlmH5AkSoY,,
Belland Psychotherapy,ChIJ___PgUaqL00R0c8Fm8BWRSE,,
Belmind Therapeia,ChIJGVx-Mv-fjCIRbYgtpbanPcU,,
Ben Hofs Counselling,ChIJzdAi2FNBcVMRZXKb6y38p5Y,,
Bending Tree Counselling,ChIJHXhHdiWbK4gRM4-Axxb_RKI,,
Bennett & Associates Psychotherapy Services,ChIJYTO7xPnU1IkRm0g7zjcaXJs,,
Bereaved Families of Ontario - Kingston Region,ChIJ85jxP1Ss0kwRSfwu_scG1aY,,
Bereaved Families of Ontario Durham Region,ChIJYUIeW4Qc1YkRKd7CpuVEYPM,,
Berg Counselling,ChIJ_7LPUMalLIgRCfnytruSukE,,
Berg Psychology,ChIJ4b0mvLsXoFMR1q1mdm9fyG0,,
Bernes Kerry Dr,ChIJmXmIt8uHblMRGM5GhKEoypw,,
Bernstein Howard Dr & Associates,ChIJx8-yXVJDK4gRXPhJE5jXYx0,,
Bespoke Therapy,ChIJYfWjXsTX1IkRDrlS4asR4mU,,
Best Behaviour (Waterloo ABA and Psychotherapy),ChIJ4ztMBCX1K4gRv4Mhq35O55E,,
Best Bodies Counselling & Hypnotherapy Inc.,ChIJEw9qhdcloFMRkFSUHqsEgdI,,
Best Choice Counselling,ChIJUVkb8iTqDCoRgOZh5vzSOc4,,
Best Psychological Services,ChIJFbJ5dgw1K4gRG4jcmTAU9Gg,,
Best Psychological Services,ChIJTxQJZLHN1IkRt6uxdVDIr9Y,,
Best Relationships Counselling Centre,ChIJxfN1a4c9oFMR2BacTsLgw2w,,
Beth Timlin ADHD Coaching,ChIJ9TTMHP9Wj20RFxqaMX73DUI,,
Beth Wocks,ChIJTWTpzNBQdFMR_L1MLtfM61s,,
Bethany Mills Psychological Services,ChIJM31lFMyHblMR1LbEi5aU4CI,,
Better Days Counselling & Psychotherapy,ChIJj_OlGoItK4gRYAyHG6h_ZWQ,,
Better Minds Counselling,ChIJfQ7a_Y3zLogR_5DZSwcx4yY,,
Better You Counselling Services,ChIJOV5i1wcHzkwRcooCWupvBpc,,
"Betty Ann McPherson MA, RP",ChIJHXoRlYQAL00RAZnquV_NBhE,,
BeWell Hamilton Health Centre,ChIJjb48PDoSQyYRnV8RIoLIzGI,,
BeWell Mississauga Health Centre,ChIJx2OfdC5FK4gRxbWJDHCg4NY,,
BeWell Therapy Whitby,ChIJ26OgPa6V04QRyjLkJEwSDmY,,
Beyond Balance Psychological Services,ChIJw073dcOzCVMREit-RyA1hBQ,,
Beyond Boundaries Psychotherapy,ChIJmZRdAVklK4gRur-tQ3BBBMA,,
Beyond Happiness Counselling - Therapy for Individuals and Couples in Kitchener-Waterloo,ChIJf_baVqb1bCARwqmYa69OueE,,
Beyond Minds Therapy,ChIJhZ8uL8I_K4gR3SlHWZH7BQ8,,
Beyond Therapy Counselling & Holistic Services,ChIJYbvWNUyXkFMRmdISbb50WPI,,
Beyond Trauma Recovery Centre,ChIJbTeALNyjKogRsLnUBK5Fi5I,,
Beyond Wellness Collective,ChIJdbZu8qFVLk0RmbVtNSAH7JM,,
"Big Rock Chiropractic, Physiotherapy & Massage",ChIJ99Um4HmXcVMR16X_Wh79X0I,,
Big Rock Psychology,ChIJ3WoBmsuZcVMRL0RfWX0L3y0,,
Bioalchemy Wellness and Performance,ChIJrcgQKKGPn1MRUUwkJF2xexk,,
Biodynamic Wellness Clinic,ChIJJwf3SwCtCVMRQWq5YUm6Wqc,,
Bipolar narcissist therapy,ChIJk-drCgE_oFMRz1FfR7DpU44,,
"Birch Grove Wellness - Online Psychotherapy for Individuals, Couples, Youth and Teens in Ontario",ChIJC8EFUTzL1IkRygdfcMLQcgY,,
Birch Meadows Massage Therapy,ChIJzxtfiztBcVMRa-QHlzNoKGQ,,
Birchwood Circle of Care,ChIJfXB7ltkJsFMRugDm8dzD8uk,,
Bishay Psychology,ChIJ67SfoVkXoFMRxgkCKf1RmSQ,,
BJM Counselling,ChIJX62v_2dfcVMR-Bf3e7JucCc,,
Black Counselling and Consulting Services LTD.,ChIJhWCy_BpVdFMR98259opm9Jo,,
Black Health and Social Services Hub Peel,ChIJZxB2aq6Z42kRiu0N17_IGOw,,
Black Onyx Counselling and Wellness,ChIJ-caWbv7tLogRYQDcxq3rTm8,,
Black Rock Counselling,ChIJW2ta3eKHblMRDM-W8Dk9PII,,
Black Rock Therapies,ChIJcbbRqplWdFMRku2i4zI_UcA,,
Blackbird Crossing Counselling & End-of-Life Companioning,ChIJaZAP9KqHblMRjDYEu1VUFns,,
"Blake Psychological - Couples Counselling, Sex Therapy, ADHD, Teen Therapy, Psycho-Educational and ASD Assessment in Edmonton",ChIJad2TzoYZoFMRgp3fTPeGXow,,
BLB & Associates,ChIJ53CQyajxLogR6U98o8qA2mg,,
Blessingways Family Wellness,ChIJE4DI1HpfcVMRSFUXosHalns,,
Bliss Counselling & Psychotherapy,ChIJBw917W70K4gRPiUdq3W0GG4,,
Bliss Studios,ChIJx2ADrHiZcVMRbv3xb-H-DNM,,
Blissful Balance Counselling,ChIJz6Ei6gkFzkwR_jtA7D-5Vsw,,
Blissful therapy,ChIJw5kkrBAjWU0RVVxVWTQ58ho,,
Blissoul Counselling,ChIJv0-YTwYgoFMRkLB0WC2rUW8,,
Bloom & Thrive Therapy,ChIJX-cFW9XgGm8RfHFAVCThfLw,,
Bloom Child & Family Therapy - Kitchener,ChIJVU2sy6uEZQURjZNu3NlfbRU,,
Bloom Child & Family Therapy - Waterloo,ChIJAxqt0gz1K4gRNOZkkCTJL1A,,
Bloom Child and Youth Counselling,ChIJE1ke4dQtO4gRho9hwQB2rQc,,
Bloom Child and Youth Counselling,ChIJGS5ujSPVOogRcsnPp63wGqY,,
Bloom Clinical Care Counselling and Therapy Services,ChIJ_QPd4_fQ1IkR2-vv37vInpM,,
Bloom Narratives Therapy & Wellness,ChIJFRRVdnFfcVMR4tOi9VFSeAE,,
Bloom Psychedelic Therapy & Research Institute Ltd,ChIJcR6ZarJvcVMRdlFbCm-ShPc,,
Bloom Psychological Services,ChIJ08ij70AnoFMRUS3zSeJeKzg,,
Bloom rTMS,ChIJC9MWvERvcVMR02O0wyKjTZo,,
Bloom Therapy Co.,ChIJ_aabIAABzkwRKITdfetkr5A,,
Bloom Therapy Wellness Collective,ChIJ80C_dvKOn1MRU_ZNJIFg4YQ,,
Blooming Minds Mental Health,ChIJO6vOMBIe1YkRxgSPx4sWppE,,
Blooming Room Counselling,ChIJQ-ZD_YJVLk0R1yPnoczsmPw,,
Blooming Rose Therapy,ChIJNWO6FR-eLIgRnYFwTO2YH_w,,
Blossom Counselling,ChIJj3YChwIjoFMRoVOGu-9y3q8,,
Blue Angel Psychotherapy & Support Services,ChIJcXkKP3dnK4gRZK5OBHz2kpk,,
Blue Couch Psychotherapy Group,ChIJfaN9XHGbK4gRMDFiRssxFPE,,
Blue Door Psychological Services,ChIJ8TYR4o7_0UwRUwoA8e5dKc8,,
Blue Leaf Counselling,ChIJ_S89E4GHblMRXBbjKNaHwPM,,
Blue Line Health and Wellness Group,ChIJYY2T7V9R04kRP2vUhkN7bEw,,
Blue Rock Psychology,ChIJw0vFB89xcVMRbHHST2xcgGk,,
Blue Wave Therapy,ChIJl9UZPlkp1YkRoU46BoaoLCc,,
Bluebird Counselling Services,ChIJ6aDMM9I_cVMR9vdx1MIMK9E,,
Blueprint Counselling,ChIJpT8Pb5TzLogRhLcJS4sOzkw,,
Blueprint Counselling,ChIJfbdZVPDvLogRJO5Gi6yQSoc,,
Bluestone Therapy,ChIJb2IG-LRBcVMRQFTj1N2fmZg,,
Bobbie Cochrane Counselling,ChIJX11yT7BfcVMR4rg_LxlYR4E,,
Body & Mind Natural Health Clinic,ChIJvZVE_HArO4gRkykm2r0A6fI,,
BODYMIND Collective Psychotherapy,ChIJk25BD37LySYRMvhv_xYyul0,,
Bold Lotus Trauma Therapy,ChIJqTaWAvzzLogRIO7XnQm0nxw,,
Bona Fide Psychotherapy & Counselling,ChIJe7pUOn0Q_ksR_VQIp1pucDw,,
Bonafide Wellness & Consulting,ChIJl8ZxTHqzCVMR6YcSHxTxyaA,,
Bond Wellness Clinic Oshawa,ChIJYys0lTwd1YkRDEkJ33JF4Pk,,
Bonnie Duarte | Divorce Healing Coach,ChIJFepWTXvN1IkRY9r7oqQhY5s,,
Bonnie Rude-Weisman,ChIJGVH868ctE1MRHvkfGLYS6z0,,
Bonnie Taylor Counselling & Consulting Services,ChIJC3OvYQX1K4gRv6NtzeOunEM,,
"Bonnie Wolski, MSW, RSW",ChIJr93JeJYZoFMR2LIceAgXfbM,,
Boost Psychology - Counselling and Psychological Services,ChIJ7ZBwxa8foFMRP8jqieFIX3c,,
Boreal Therapy Collective,ChIJX-DGfWkPsFMRHc80gfYwq8o,,
Botten Psychological Services,ChIJKapBF0qRkFMRqyLcffj5RWo,,
Boyd Therapy and Wellness,ChIJWWe4U93zLogRUCdLG2Rb8EM,,
Braced & Balanced Family Counselling Practice,ChIJtdGTegCbLIgRmFNg3doUSaM,,
Bracken Bloom Counselling & Psychotherapy,ChIJDz8hXcBJZagRgKMvEAA-Xa8,,
BRAD KAUFFMAN Applied Psychology,ChIJlTftzPkXoFMRiXTaAMU9730,,
"Brad Tamcsu Registered Social Worker, MSW, RSW - Life Balance Counselling Ontario",ChIJE0nuSfv1K4gRAEFEInQF8-M,,
Bradley-Jane & Associates,ChIJbYWwOAdR04kRXGC7KU8LZp8,,
Brady & Associates,ChIJwbiEC7aHblMReNF0_OlU6FM,,
Brain and Body Co.,ChIJoxw4uDGbK4gRqIoJ1x2mJlw,,
Brampton Family Physio,ChIJi4tg040iK4gRt_NXE1fCdJk,,
Brampton Physiotherapy + Wellness Institute,ChIJj4k5hoMVK4gR4QkXycesfk0,,
Brampton Psychologists - Dr. Carol Heusser and Associates,ChIJfRNs4pIVK4gRqHQa87qc3No,,
Branching Out Psychotherapy & Wellness,ChIJDYDal2UXKiURRUez5zujVyc,,
Brandi May Counselling and Ecotherapy,ChIJAY03guMx04kRPhTS4TYCJ-c,,
"Brandi Rosgen Registered Clinical Counsellor, Meditation & Hypnotherapy Professional",ChIJH9NEAa9fcVMRVH2vLjcbj5k,,
Brandon Boorsma Counselling,ChIJVVXFPPmGblMRHwPIQqOxH4A,,
Brandon Figueroa Psychotherapy,ChIJP74s-fWt0kwRcLVuISLMzoU,,
Brave Roots Psychology,ChIJoaysK18noFMRyFdwQ2IHHP4,,
Brave Waves Psychotherapy,ChIJuzQgH_KfLIgR_ZivG1OTB9g,,
BraveWork Psychotherapy,ChIJw5PoRiQfWU0RDwefKESnNiQ,,
"Breakthrough Counseling Fikè Ayeni, LCSW, RSW",ChIJS-rGR4RfK4gRVsUlnTzCJwA,,
Breathe Counselling,ChIJc_1r9NkZoFMRiaJL3jjEIb0,,
Breathing Again Therapy,ChIJ55aC6af1K4gRMH9A3PBMmFU,,
Breckenridge Counselling,ChIJ_bvmUIQRzkwRspgg1vNCoww,,
Bredin Centre for Career Advancement,ChIJh6nJtfeOn1MREOCXWA3_bOM,,
Brendan Marshall Counselling - ADHD and Anxiety Therapy,ChIJyQryZxXV1IkRafP1fl5usK4,,
Brentwood Chiropractic Clinic,ChIJ5zflrpMXoFMRWzWHdbdFREQ,,
Bridge For Families Wellness Centre,ChIJexOlG3JhgwMRNhAsCv4Wcus,,
Bridges Family Programs,ChIJUcBzXFcsE1MR3H3b6leO3Nw,,
Bridges Psychology Services,ChIJjaHRT6H5n1MRGkIunTZrdVU,,
Bridgeway Counselling,ChIJsVv0xvQySosR9hD6K6ouj1w,,
Bridging Connections,ChIJD3jf81ksE1MR0ajgAHAc8Hg,,
Bright Future Counselling and Psychological Services,ChIJhQwY1W5fcVMRC-Bh_1D49lg,,
Bright Horizons Counselling,ChIJp37Y3WWRkFMRZ7GY3s3CzRU,,
Bright-Path Therapeutic Centre,ChIJjaKP3tCPn1MRQz0vqbCfmx8,,
Brighter Future Psychology,ChIJd_AeFgAFzkwRiiV96lcect0,,
Brighter Horizon Financial Services Inc.,ChIJ__-7K5eyCVMRUWrUeQY7u1M,,
Brilliant Minds Counselling and Therapy Centre Inc.,ChIJudEqdsfxLogREgBoJ0m4YU0,,
Brittany Vincze Psychotherapy Services,ChIJ4RkDl_eFLIgRHBmpgg6GpSY,,
Broadleaf Health,ChIJ66pOB8CaK4gRZNUF5TtShA0,,
Brock Counselling,ChIJfWQQL3dhK4gRQvbwyFg60p4,,
Brockwell Neil Dr,ChIJ-39wessjWU0R8DX8s40BndQ,,
Brookhaven Psychotherapy,ChIJ0f7k-AuUmm8RNTFzmundRdE,,
Brookhaven Psychotherapy,ChIJX307JLTxLogRDuvnT1oTq_k,,
Brookhaven Psychotherapy,ChIJef1a215dK4gRBm5RXxVJxfU,,
Brookside Therapy & Assessments,ChIJI4ecTehR04kRt2SsS_ZfoNo,,
Brookside Therapy & Assessments,ChIJG4LHqJVhK4gRJkUlb4KRz6g,,
Brown Counselling and Therapy Services,ChIJNQZc7cETzkwRgq7PzIRDqN0,,
BSB Counselling,ChIJdbq5TiyA3k4REzwneDjdnYU,,
BT Psychology Services,ChIJAQDAKFIPsFMRGiy-SUkJa7o,,
Buchanan-Sedun Yvonne Dr,ChIJ4bjjOi9UdFMRNHrP1E9tz7A,,
Building Bridges Counselling Services,ChIJUZRlkZRxcVMRbm_o-ZhZu-0,,
Building Bridges Psychotherapy,ChIJSeoxgRYFzkwRA1-21M2tR84,,
Building Bridges Psychotherapy,ChIJgR3IeT5HK4gRm6HAg29d9eo,,
Building Bridges Psychotherapy,ChIJsUXxSekrO4gReegqPqOv7gA,,
Building Bridges Psychotherapy,ChIJn96kTlabK4gRmF0NwCev5pU,,
Building Bridges Psychotherapy,ChIJQetXMk3V1IkR10J0hH2FGT8,,
Building Bridges Psychotherapy,ChIJYxdtkLguK4gRfOSYsVMnb_I,,
Bumbleberry Counselling Services,ChIJgxEu1qtfcVMRrAm7kDTnOM0,,
Burgess Counselling and Family Therapy,ChIJpYZR44H3LogRYn97GO1vkFw,,
Burlington Anger and Counselling services,ChIJ9UJTh9FhK4gRsdXPPcfa19Q,,
Burlington Family Health Team Psychotherapy (BFHT Psychotherapy) Program,ChIJYRRawd6fLIgR6y8v_lMvQxQ,,
Burlington Psychological and Counselling,ChIJx4sS89xhK4gR0A_1kihSGkc,,
Burlington Psychotherapy,ChIJq6rOPStgK4gR1jBAqOgSl04,,
By Peaceful Waters,ChIJEXBtTqL1K4gRA-4sCHOLE2U,,
By Peaceful Waters - Guelph Counselling and Psychotherapy,ChIJX80HR06PK4gRScqezVP0poI,,
By Peaceful Waters Inc.,ChIJQ91izo3zK4gRrBLp4RUbxfM,,
C L Body Therapy,ChIJVfygoG-yCVMRBFnIBLFERug,,
C&C Counselling Services,ChIJVXMLwEoEzkwRrxNUbaZiik0,,
C.A.R.E. Counselling and Coaching,ChIJ17zHMKj1K4gRV0PEZ6w5338,,
C.S. Counselling & Consulting | Therapy | Mental Health Brampton,ChIJm2XNRn49K4gRo57g6wLfLbA,,
C2 Centre for Brain Health,ChIJAQAQcSqjKogRJcm5eF0VJS4,,
C2 Laser & Aesthetics,ChIJX8j1uxu7ClMRmH1YIhoYex0,,
Calgary and Foothills Therapy Services,ChIJ9bdfGXyZcVMRvE7cPgtOOMg,,
Calgary Confidence and Human Resources Counseling,ChIJVVVV2pZvcVMRbHG9c26FUa8,,
Calgary Counseling Therapists,ChIJ5b3Gnt5xcVMRsKzrBq3lzDU,,
Calgary Counselling & Psychology Centre Inc,ChIJHZWRn9W8_aUROCPIxEeVIRg,,
Calgary Counselling Centre,ChIJafwEYuZvcVMRZC48tFNCn_E,,
Calgary Counselling Clinic,ChIJF9AssMRlcVMRS1jQKZS1Ju8,,
Calgary Couples Counselling Centre Inc.,ChIJx62Ze5pxcVMR5OVXyEtUnnc,,
Calgary Family Counselling,ChIJ5ecAYPVBcVMROcqrfJacqQE,,
Calgary Family Counselling,ChIJv4YyTHBBcVMRTFGRa7QpMZ4,,
Calgary Family Counselling,ChIJHxuFfwJpcVMRBZyrrRxT5oE,,
Calgary Family Therapy,ChIJr2HSiRlwcVMRsE-6VLFDtGM,,
Calgary Institute of Counselling,ChIJ9-Xsqkt3cVMR1sdT78hh0Lg,,
Calgary Institute of Counselling (North),ChIJ3c_hIP9pcVMR8gjL3yy7Pu4,,
Calgary Mental Health & Wellness Centre,ChIJOR0iPeZxcVMRR3KuR3pT2jQ,,
Calgary Mind & Wellness Clinic,ChIJF9iDYWxvcVMRg_HxEEQLl8A,,
Calgary Psychological Services,ChIJcTB4eUx3cVMRpkC0UKgty74,,
Calgary Psychology and EMDR,ChIJVcDoQ5NxcVMRFfkY2h8zlEA,,
Calgary Reconnect Counselling Group,ChIJVVXFOpdvcVMR2bBbX6GmQeE,,
Calgary Therapy MD,ChIJGR7I--FocVMRabSEUZDj5QY,,
Calgary Therapy Services,ChIJ_Qcnk15xcVMRB3Ntz_IOFJ0,,
Calm Again Psychotherapy,ChIJnc9lu91vagkRoAHnOvn2CFg,,
Calm at the Centre Therapy,ChIJCzuFeeRvcVMRxcjngu0U2t0,,
Calm Guidance Counselling and Support - Burlington Therapy,ChIJM7CUDt9yYysR_HS3XaXxi2k,,
Calm Nexus Markham Psychotherapy,ChIJMZInMyLV1IkRyoBZD0d_Yaw,,
Calming Energy Counselling,ChIJlazYl0WRkFMR1Z7YglD7mww,,
Calming Tree Counselling and Psychotherapy,ChIJl0CtnOn0K4gReIcGXyOH9qM,,
Cameron Counselling & Consulting,ChIJZaJCbUUd1YkRUiw7rgIvwmA,,
Camino Wellbeing + Mental Health (Formerly Carizon Family and Community Services),ChIJu0SZ1fb0K4gR5i7Q_ad5gPY,,
Camino Wellbeing + Mental Health (Formerly Carizon Family and Community Services),ChIJg5nowqb1K4gRxLQ-73lbPtE,,
Camino Wellbeing + Mental Health (Formerly KW Counselling Services),ChIJGTK7yTf0K4gRGqKOnNTO8js,,
Camino Wellbeing + Mental Health (Formerly Monica Place),ChIJhfes7W70K4gRNeNYFYp9hU8,,
Campbell Barnes Counselling & Consulting (In-person & Virtual Counselling Services),ChIJyRrQvZCyCVMRrrBa6W8bfFA,,
Campbell Psychology,ChIJB-P3pzzW1IkR0hyPoVySpiY,,
Camrose - Alberta Supports Centre,ChIJbeMU7eu7ClMRa_wJhuNDeMY,,
Camrose Addiction and Mental Health Clinic,ChIJW27eOcO7ClMRPtHn7Tzo7e0,,
Camrose Family Resource Centre,ChIJjQnrVtG7ClMRL_AhAGDrSJE,,
Camrose Pediatric Rehab Svc,ChIJ73JJYcS7ClMRVVEyEL31Xsc,,
Camrose Physiotherapy & Sports Injury Clinic,ChIJ5XggAjS6ClMRpM0r89Sratg,,
Camrose Primary Care Network,ChIJt6ly_jO6ClMRQxDVLXcVOtA,,
Camrose Wellness Collective Ltd.,ChIJGVF98MS7ClMRkKYUupms5k0,,
Can't We Just Get Along Counselling,ChIJw_4NhRdwcVMRR_izHp46i9M,,
Canadian Center for Counselling and Psychotherapy,ChIJqYfNW60zK4gRLZrsc2mmrUY,,
Canadian Family Health Counselling,ChIJ2YDecDeN1YkRQomUq40pVs0,,
Canadian Mental Health Assn,ChIJHclS9C9UdFMR1WGowo_qVsw,,
Canadian Mental Health Assn,ChIJsVmQ2vksO4gRiA6NloFpBgo,,
Canadian Mental Health Association,ChIJOzNuq7UIsFMR3Au21LNFd_4,,
Canadian Mental Health Association,ChIJHVkcrsO7ClMRMiq84F8gfts,,
Canadian Mental Health Association,ChIJk4CUnpubLIgRVJEa5mz5bBo,,
Canadian Mental Health Association,ChIJ8ywxTCa9KogRs_m1f6w6zJw,,
Canadian Mental Health Association,ChIJ6fZb94sgLk0RL1fsojA3J1o,,
Canadian Mental Health Association,ChIJO1SLsjQiWU0RYjRpcO86UH8,,
Canadian Mental Health Association,ChIJ_TVXcKFvK4gR3M6MgESu5mE,,
Canadian Mental Health Association - Calgary Region,ChIJW-UgAwNwcVMRsr_RODyIPvU,,
Canadian Mental Health Association Edmonton,ChIJ4cpVyTEioFMRGYkbejelWSg,,
Canadian Mental Health Association Main Office,ChIJLRbxzUqRkFMR1X-XQq7L3ng,,
Canadian Mental Health Association Waterloo Wellington,ChIJD5SHYsSaK4gRv0oIPI2vNuc,,
Canadian Mental Health Association | York Region & South Simcoe: Markham,ChIJRRFY4jvW1IkRRcc0UwIT0y4,,
Canadian Mental Health Association | York Region & South Simcoe: Vaughan,ChIJ4Wf8KBMvK4gRuFpt9oF6__k,,
"Canadian Mental Health Association, Alberta South Region",ChIJEwR3DNKHblMRB4CbWjpdV5Y,,
"Canadian Mental Health Association, Niagara Branch",ChIJ7xox9q1R04kR1znrPZspp0U,,
Canadian Psychological and Counselling (CPC) Clinics,ChIJ00UVf0NxcVMRROCCldU7RbI,,
Canadian Therapy,ChIJyftOKMs1K4gRdsbNnf5B2rw,,
Canis Counselling,ChIJo6iG7vkfoFMRTUfOZUMOtQ0,,
Canoe Therapy,ChIJoSxJPzFnK4gRQ97uq7liNhM,,
Canoe Therapy Burlington,ChIJ4WS6gExgK4gRAbiSqafKid4,,
Canopy Cove Counselling (Formerly Williamson & Associates),ChIJ2wXT41cQdFMRrL1sWo5G6fc,,
Capital Choice Counselling,ChIJZ7nM2_LizUwRKBJct0l6GE0,,
Capstone Counselling,ChIJL1BQVA8XoFMRhHskPyOzHDs,,
Captivating Boutique Aesthetics and Wellness Center,ChIJNcMuWjWRkFMRRbKC2CqMSck,,
Cara McGinnis Counselling,ChIJMY7qEqJVdFMR_l9qragK52Y,,
Caravan Therapy,ChIJr9U_1Wo9K4gR0pU6x4kO-do,,
Carbon Psychology,ChIJD9dlkCJxcVMRS5yf5PKCG9w,,
Cardinal Counselling,ChIJRygBmEH0K4gR8ZqEiiR42lA,,
Care Counselling,ChIJjeo5-oiyCVMRBNWCDw5z9f4,,
Care First Medical,ChIJu8WGfKhfcVMRmBBqNYwOpGY,,
CARE Psychology,ChIJO0pNKopfcVMRuyN-iXxV3nQ,,
Career Catalysts,ChIJPdMT8mJWdFMRtVrtza614so,,
"CareerJoy | Edmonton | Outplacement, Career & Leadership Coaching",ChIJNyyuL6YjoFMRrfDsjxPw8LE,,
Careful Counselor,ChIJ-TLy_Job1YkRHOivSZKawgg,,
Careica Health,ChIJnzcmK52yCVMR6PEBVFRb-NQ,,
CARESPACE Health+Wellness,ChIJG7DESBeNK4gRCzyzMuyRhIs,,
CARESPACE Health+Wellness,ChIJMatdIF7xK4gRXNZtViFQpV0,,
Caring Counselling,ChIJK4HVftptcVMRjC45pkmHYdg,,
Caring for Couples Counselling Center,ChIJo-ehYYY1K4gRFus3oc0KzBw,,
Carol Child MSW RSW Family Marriage & Individual Counselling,ChIJ3_2ARDGLK4gRDT2IHO6f8uU,,
"Carol Cowan, Social Worker & Psychotherapist",ChIJbTqxO2lR04kRkNyAgGVRs8o,,
Carolina Gama Psychotherapy,ChIJNRoT3SwFzkwRJV63YJsuNG8,,
Carolyn Agnew-Hall Counselling,ChIJOx-MA6VR04kRwfMs6CRuEic,,
Carolyn Donnelly,ChIJDXh58PoloFMRvBt1wZb9W5M,,
"Carolyn Ross, DCC",ChIJIRrz6sPe1IkRqM1JEthyc1w,,
Carolyn Wiens PhD,ChIJxWCowfiq0kwRyXAcoNG8CHI,,
Carrie Watson,ChIJM2fcz1Sq0kwRUO8zuF8IdgE,,
Carya,ChIJT1KF3uZvcVMRmj-oBlpOLyY,,
CASA House,ChIJq5zYc-U9oFMRl2NW6tVqCaE,,
Cascade Psychology and Wellness - Airdrie,ChIJ-4TPLEdfcVMRTNVMLT-fHkI,,
CASE Psychology,ChIJodgru4JhK4gRh26WreFzH_w,,
Castle Psychology,ChIJsbwKP1k9oFMRHdG8mA7EsnM,,
Catalyst Counselling Services Inc.,ChIJVVWlLQFycVMRPRmksneW2HM,,
Cataraqui Counselling Clinic - Kingston Psychotherapist,ChIJuycv6Dqt0kwRAhRaM-JSsYU,,
Catharsis Counselling & Psychotherapy,ChIJ7cKldrIFzkwRBDQMl8erqR8,,
Catherine (Cathy) Cameron Counselling,ChIJMcPfaJSaK4gRrPhjmJN5qJg,,
Catherine Lynn Roach Registered Psychotherapist,ChIJF6jMhsg_K4gR4_qtot5YQyE,,
Catholic Cross-Cultural Services,ChIJQ4OdhL0VK4gRsjPLI0urMfo,,
Catholic Family Development Centre,ChIJKe0WSSsiWU0RtGtDPcVpIXc,,
Catholic Family Services of Durham,ChIJpf1hZuAc1YkRNenasMOfvPk,,
Catholic Family Services Peel-Dufferin,ChIJu4gszTIUK4gRSVGAz42ZqD0,,
Catholic Family Services Society of Grande Prairie,ChIJuWYoT0mRkFMR5wIFZjl1Kc0,,
Catholic Social Services,ChIJualwxi9UdFMRQFLfJNK8O7k,,
Catholic Social Services,ChIJDYat4ZCyCVMRhIdcCB-yBmE,,
Caufield Counselling and Consulting,ChIJNZtVtuuqL00RwVsVKa3PQBk,,
CBI Health - Fort McMurray,ChIJY50h_egIsFMRos8ihfatgMo,,
CBI Health - Lloydminster,ChIJJ5QVqoSyCVMRgzkdCGxEwJs,,
CBI Health - Medicine Hat,ChIJFd_rtlMsE1MR9eXGICtkfSk,,
CBI Health - Red Deer,ChIJ1SioNTBUdFMRrQErFfB4vn8,,
CBT Niagara,ChIJFenjdbJR04kRGjvg3wFgU04,,
CBT Psychology for Personal Development,ChIJA175RvUsK4gR_NI2P40S4Iw,,
CBT Psychotherapy for OCD & Panic Attack Therapist in Vaughan/ IH Psychotherapy,ChIJYeYvbeMpK4gR2YjkIbi2zD0,,
CBT Therapy Center,ChIJb4rzI96ZcVMRkWx0R5QC0l4,,
CBT Therapy Center,ChIJ77mrRez5n1MR8cbCoWYjun0,,
CBT Therapy Center,ChIJsaCyDqcd1YkRFQdMpkBn-64,,
CBT Wellness & Virtual Services,ChIJs808pd_V1IkRw5FnfFyapak,,
CCPsychotherapy,ChIJzTJ1G4SbLIgRxazuHLLmCG8,,
Cedar Tree Therapy,ChIJ99hLJ3kd1YkRSF_zoxA3yNQ,,
Cedarway Therapy,ChIJW9DXU3JDK4gR63PjFSwC0Pw,,
Celest Gilmour COUNSELLING,ChIJAQAkO0aGblMRuzScVMk01wg,,
Centered In Health Physiotherapy,ChIJGXw2zDCZcVMR9L2IkH5KJwg,,
Central Ontario Psychology,ChIJr8DkLC6jKogRTqBnNWwTw_c,,
"Central Physiotherapy, Chiropractor & Massage",ChIJ04k5JW-7ClMRuwTQJMVaPak,,
Central Therapy,ChIJ3TaCiJRVdFMRwbNo1BzIBiQ,,
Centre de counselling de Sudbury,ChIJ-fhZ0OuqL00RtZJdC9uJMRA,,
Centre de santé communautaire du Grand Sudbury,ChIJc5AH6-aqL00RLb1XJll_S18,,
Centre for Cognitive Therapy,ChIJVyaAlJ4GzkwR6slwRfHOzNY,,
Centre For Family Medicine,ChIJnasg6PP0K4gRZRIhgXgidR4,,
Centre for Grief and Healing (Bereaved Families of Ontario - Halton/Peel),ChIJjxkleS9HK4gRVqfF40dkepg,,
Centre for Integrative Mental Health,ChIJuZd8jo1dK4gRwdR64IqjcYU,,
Centre For Interpersonal Relationships - CFIR Ottawa,ChIJ98c3JqwFzkwR0Ks5awGP66c,,
Centre For Interpersonal Relationships - CFIR St. Catharines,ChIJ4YMDIN5R04kRgKakR7dhnIg,,
Centre for Mental Health Counselling & Psychotherapy Toronto,ChIJWXoVJgEuK4gRizAj3IBfcA4,,
Centre for Mental Health Research and Treatment,ChIJ5xudWMP1K4gR1dgIQtSFEIQ,,
Centre for Neuropsychology and Emotional Wellness,ChIJnwoD7jjW1IkRO0Y0vF3R2v0,,
Centre for Restorative Mental Health,ChIJ20G1CNG7ClMRfsY0uQyBTEI,,
Centre for Restorative Mental Health,ChIJq6p6LMW7ClMR5kp9Zd3Kt4M,,
Centre Hope,ChIJKekkNQv5n1MRT1465ldw0zo,,
Centre of Care Psychotherapy,ChIJAbhR4X41K4gRx5Qe0V-GwBc,,
Centre of Healing Minds | Mississauga Therapists,ChIJm2A-KiRHK4gRR3va4QKAlSQ,,
Centre of Healing Minds | Mississauga Therapists,ChIJdWpHiIJrK4gRUQ3A4BX7MmE,,
Centre Wellness,ChIJ35UWAuUKN0URnXeaZz5KRuI,,
Centre-Abuse & Trauma Therapy,ChIJyyHrCqKr0kwRAsN69J2aziY,,
Centrepeace Counselling & Therapy Services,ChIJV25Pt9n3LogRbL8ANJqHUpU,,
Centrepointe Professional Services,ChIJCwWuOSMHzkwRAqrlY89tEa0,,
Centres for Health & Healing: Toronto Addiction & Mental Health Rehab,ChIJL3-x77bXKogRYmu_9I8XgtQ,,
Centretown Psychotherapy,ChIJf5LcoqsFzkwRWKNh1OqFjRs,,
CFS Counselling + Wellbeing,ChIJ_QRvCBqjKogR9hD3-Ez7NrE,,
CFS Ottawa,ChIJR7x_BGsFzkwRYSpV-Uimdds,,
Champaigne Klassen Psychology Professional Corporation,ChIJIcQFu-GqL00RnnFcS4nHX60,,
Chance Psychology,ChIJUWDK8IMloFMR4E6Fkr8U7JM,,
Change Is About Choices Counselling Services,ChIJK3tc5AIXK4gR1FhYOeLW4R4,,
Changing Tides Counselling,ChIJEQRDDRqbK4gRfZHq5Pn-Ysc,,
Changing Tides Therapy,ChIJm7goQ1oHzkwRunOjD5vwWhw,,
Changing Ways,ChIJo1SH8YC7ClMRW3uD1VIsNTQ,,
Chantal Guerin RMT (Therapeutic Oasis),ChIJVUY3b5qRkFMRPv4TebGbcfE,,
Chantel McEvoy- Psychology & Consulting,ChIJmZs2IygfoFMRRJZecRjuH0A,,
Chantille Groves,ChIJD3jf81ksE1MRB28epw0ADKo,,
Chaos to Calm Counselling & Consulting Ltd.,ChIJuzQNHkItE1MRrApT2W-5ahs,,
Chapters Counselling Services Inc.,ChIJEx20yW3V1IkRoVYSxIaHVE4,,
"Charette Psychology - Caroline Charette, Clinical Psychologist",ChIJsScXaSZVLk0RoIg7sROtbT0,,
Charron Psychotherapy Services,ChIJtR1w9-QFzkwRsP6w8aXBsIo,,
Chaussé Counselling Services,ChIJe3IoSY8BL00RgMuAC8mARAU,,
Cheryl Hanley,ChIJKQpLsV5fcVMR3Hn5yTRKdXc,,
"Cheryl Hutton, Registered Psychologist",ChIJ5YuDN76HblMROYxTz-m1kSA,,
Chestnut Counselling,ChIJLToJrUH1K4gRjLEULItXn4w,,
Chettiar Counselling and Associates,ChIJpfUPcB-bK4gRhC1KIf9rslo,,
Chevalier Psychotherapy,ChIJ__9PGa4rO4gRQZccX0r0eWE,,
Child & Community Resources,ChIJg01bWY0AL00RJ6TsrxX3DKg,,
Child & Family Services,ChIJbaQd9JayCVMRsmf-XIcGP9s,,
Child & Youth Addiction & Mental Health,ChIJCfiYmEuRkFMROm5PUlKdFj0,,
"Child Inspired Psychology Group, INC",ChIJK88w-mtfcVMRS19FaU8bCvo,,
Child Psychological Services & Wellness,ChIJzeIEvY93cVMRmv88qqFolnQ,,
"Child, Youth, Family and Prevention Services- Recovery Alberta",ChIJd3IeYQAtE1MRrMGAYqHGgAc,,
Children & Family EMDR Consulting Inc.,ChIJY7rffz21sS4RtQKwCrg4rZU,,
Children First,ChIJe2zc1FgqO4gRJLDqmvpF04M,,
"Children's Allied Health Services (formerly, CHADS)",ChIJh6ouNvEtE1MRVuZgJwbLXnc,,
Children's Centre Thunder Bay,ChIJzWbwfSYiWU0R3oMaxQsj2WA,,
Children's Rehabilitation Services,ChIJDyAgBQBVdFMRrqJT53XDF6Y,,
Children's Services Medicine Hat (South Region Office),ChIJhZJWEPMtE1MRQCPOY7nlL88,,
Children's Wellness Centre,ChIJy-q4RpdebYARFi8vaJ_VxJk,,
Chiropractic Wellness and Rehabilitation,ChIJY6hdDuYc1YkR15fWBNal0F8,,
Chloe Levy Psychotherapy,ChIJV481TXob1YkRB6HJxgPq0YY,,
Choice Point Psychological Services,ChIJXWxskehpcVMRbdWdWdnShDs,,
Choose You Resilience and Wellness Centre,ChIJf-flNy1xcVMR3MH1RjCyhG4,,
Choosing Health Counselling,ChIJBZFTjGZFK4gRmCJ9T-nSAqc,,
Chris Chmielewski,ChIJDxiScgvyLogR4MCaWBsUrXw,,
Chrislo Psychotherapy and Wellness,ChIJY8s6jdRfVy0REeHnhYq2m-M,,
Christian Counselling,ChIJcSXNxpWyCVMReO8J6Uo8r_4,,
Christian Counselling Centre,ChIJ_-UIbzhgK4gRoD10jRUQObc,,
Christian Counselling Ottawa,ChIJP5DHV1oHzkwRov8mj5Tc0Jo,,
Christian Family Counseling,ChIJa7GfBWE-K4gR1VxpdQN-FaU,,
Christina Janiga Psychotherapy,ChIJEatDC7hhK4gRboEvvZvUsOw,,
"Christina Orfanakos MSW, RSW",ChIJVWS9rTGjKogR2qVgEr9jwaY,,
Christina Vaillancourt Psychological Services Inc.,ChIJxSDBnMpfcVMRERqKF7L4KLQ,,
Christine Cunningham Counselling Services,ChIJUYckBRYd1YkRMf6K-dxoxwI,,
Christine Henein Psychotherapy,ChIJrap63U0qK4gRZHvdxOus804,,
Christine Lee Counselling,ChIJdTtCR9tdK4gRIb1Zb06LPoM,,
Christine McCormack,ChIJZ4xmauqaK4gRn4x7QzVBf5E,,
"Christine Wilson, MSW, RSW - EMDR Therapy & EMDR Intensives",ChIJf-q_sz406Q4RzzUss-h5NSE,,
Chronic Pain Counselling Services,ChIJlXvZsnr0K4gRReA-SEZcme8,,
Chrysalis Psychological And Counselling Services,ChIJ-eWNQ_jU1IkR6-DntJ35RZ8,,
"Cindy Gaetz, Psychologist",ChIJW0fxHIaHblMR1VkFfewXqrM,,
Circle of Wellness,ChIJ_7OojVgloFMRrS0hYjPV6e4,,
Circle Psychotherapy + Wellness,ChIJcy4h8jAefE4RhO-9ZZRzIrA,,
Cirrus Psychology Services,ChIJWVVOxyBUdFMRHERWyTLqZSg,,
City Centre Counselling,ChIJwxOqSxAtE1MRLRPhFdOvMKQ,,
Clairelise Folch,ChIJk29OFNVcK4gRC8-l8QF5LrE,,
Clare Counselling & Psychotherapy,ChIJZ5mv1uZV2EcR7KHaiJ4s0-o,,
Claritas Healthcare,ChIJR8xKivMtE1MRDfxJL-ehMSE,,
"Clarity Counselling | Grief Counselling Niagara, Mental Health Services St. Catharines",ChIJla8lEzaV5aARAJoV-EcYIuU,,
Clarity EMDR Therapy,ChIJc0ospesFzkwRNj4BVNFXfE8,,
Clarity in Connection Counselling,ChIJJy9ioYhR04kRHULw7AlV68E,,
Clarity Learning and Therapy,ChIJPVVF0_8vK4gRgxyhyqvitJg,,
Clarity of Mind Counselling & Wellness,ChIJtYrpWGMvK4gR1KXlwpi_y1A,,
Clarity Psychology Edmonton,ChIJIQcsiikfoFMRm5UiPlnyWmk,,
Clark Counselling Services Ltd,ChIJK0tANDBUdFMRGFLgA5R8qF8,,
Clarke Psychological,ChIJZ2Ok-CgjoFMRJie4PENk6Js,,
Clear Minds Counselling,ChIJZ7zypwktE1MRENti1dl45xE,,
Clear Path Counselling,ChIJcW3oAkwtO4gRAEV1NHBGyv8,,
Clear Path Psychotherapy,ChIJOU9YvAL_zUwRpoxrvtLemCg,,
Clear Presence Psychology,ChIJVUHQVMkjoFMRzBTtr7DF7JI,,
Clear Teen Therapy,ChIJNwlPtDPL1IkRkanjzgAzZaM,,
Clear View Therapy,ChIJ65ytJfGjKogRacvs6lJnaTg,,
Clear Water Integrated Health – Counselling in Burlington,ChIJraheqQNhK4gRjE-RfMH6qgc,,
Clearbridge,ChIJN-Lbg0GIblMRQPDDLYpQ62I,,
ClearMind Neurotherapy,ChIJ2b3LOZmt0kwRgioEVz66U5s,,
Clearview Counselling,ChIJs66QuXl3cVMRk52XCzQijVo,,
Clearwater Counselling & Psychological Services Ltd.,ChIJETTnYzOYcVMR3vqsqv2dz1g,,
Clearwater Physical Therapy,ChIJX8ZIXugIsFMRRsRjdERQ3h8,,
Client Centered Counselling,ChIJJVlhY3mzCVMRpMjXBBB9y0M,,
Clinical Consultation & Counselling,ChIJ-86ehEcd1YkRgUCieBcquk4,,
Clover Care Health,ChIJV3im1uUXoFMRrVzqTamttPQ,,
Clover Therapy,ChIJseP0x835n1MRx-HQqMO6PoQ,,
CMHA Durham,ChIJkxyDqeYc1YkRnCGMgJGLvpU,,
CMHA Recovery College,ChIJo1UJjG4PsFMRRo6AXqvP4HM,,
CMHA Thames Valley Addiction and Mental Health Services,ChIJf7wY-wvyLogRR460dMQBDA0,,
CMHA Thames Valley Addiction and Mental Health Services,ChIJvxTZ5uftLogRQAq0p4ntDW0,,
Coastal Psychotherapy Clinic,ChIJZ8BRfYoTzkwRkUoBQzeYu1Y,,
Cobrin Peter Dr,ChIJF7mSCwjyLogRUz6gs3ymhzg,,
Cochrane Community Health Centre,ChIJudTUD51AcVMRSQdmvc1Gd3s,,
Cochrane Counselling Centre,ChIJudnBGbFAcVMRr8jNN9JDRjU,,
Cochrane Family & Community Support Services (FCSS) & Cochrane & Area Family Resource Network (FRN),ChIJXR3D0YNAcVMRJdmhUloIjTY,,
Cochrane Humane Society,ChIJBRhBOIZAcVMR_fsN5z8lrrc,,
Cochrane Physiotherapy Clinic and Massage,ChIJI4eppXw_cVMRcmyP9hECRG8,,
Cochrane Psychology Services,ChIJ6UES2JxAcVMR5iZuc2JJVCc,,
Cochrane Sport Physiotherapy & Massage,ChIJsX3a5YZAcVMRgy-vLGllPfs,,
Cochrane Urgent Care Center,ChIJS5IG8nw_cVMRgwamXzsFgxk,,
Coconut Vigor - Wellness Hub,ChIJ__9P1M7zK4gR1DC0FLQ5NDU,,
Coffee with Counselling | Virtual Therapy | In Person Therapy,ChIJT4w6YDJHK4gRHu0UhNjklvg,,
Cogent Psychological Services,ChIJr59SHFyRK4gRlgRpBld7eH4,,
Cognitive Alignment,ChIJu0S1l9arL00RmsSJNLSrWpo,,
Cognitive Pathways Therapy,ChIJl7Mf07K9KogRo3iDsHA1K7w,,
Cognitive Resilience Counseling Clinic (Brampton Location),ChIJ_UfA16s9K4gR-SVQVs1QsY0,,
Colibri NeuroWellness,ChIJJwpuVA30K4gRezfu7wET5pM,,
Collaboration Psychotherapy,ChIJ525Uea2FK4gR9kA0t4kbHMQ,,
Collaborative Approach Therapy Services - Guelph,ChIJ1391_1yRK4gR5iyNooM3XrY,,
Collaborative Therapy,ChIJzRO44ypHK4gR5Ew8mYzL0xY,,
Collective Care Counselling,ChIJv2SLCoujKogRXBnzRNHKiX4,,
Collective Healing Centre,ChIJ8ZA57jkjoFMRcIAIeAac7z4,,
Collective Spirit Community Therapy Services,ChIJ4ep10571K4gReGXfyEt1dVk,,
Colleen Boehme Therapy,ChIJj9eh8cibK4gRdi7mXXxyC1w,,
Collegiate Psychological Services,ChIJW9DmlZD2K4gRCIKA8hA4XNk,,
Collette MacDonald - The Growth Group,ChIJ06XCYjO9KogRCQycDKIihHc,,
Comfort in Mind Psychotherapy,ChIJq6qaSNjwK4gRPuh-QvwqON8,,
Comfy Cozy Counselling & Psychotherapy,ChIJo3VAFPKrL00RnKrlswZLLXg,,
Common Thread Psychology,ChIJt3l0YGtfcVMR7HhdjfTQtIA,,
Communities Together for Children EarlyON Child and Family Centre,ChIJ0yf1BX8fWU0ReXn69y2iqNk,,
Community Counseling Svc,ChIJNWvMNaCyCVMRNJI53pcblJw,,
Community Counselling Centre,ChIJO57agtMjoFMRL5rpUvayUn4,,
Community Counselling London,ChIJJ0H8iUftLogRpy1SPaQ3hA8,,
Community Health & Counselling,ChIJAQAw3kHQ1IkRFXV3zeW41gA,,
Community Health Services - Prairie North Plaza,ChIJbaQd9JayCVMRPsQXkbZ0g7A,,
Community Links,ChIJieEYO29fcVMROaNwDXGVEd0,,
Community Resource and Support Services,ChIJVVWVEeXQ1IkRSAb4rTQhEXk,,
Community Social Development (FCSS),ChIJtdBjt_GOn1MRtrskLEEq2PU,,
CommunityAim,ChIJnYqU3VmOn1MRn-f405oW7y0,,
Compass,ChIJezlOpeaqL00RDOJ1195A1CU,,
Compass / Boussole / Akii-Izhinoogan,ChIJxc8WU3urL00RmTllhvXmDx4,,
Compass Community Services,ChIJB7drycKaK4gRoCVcoEZgfrw,,
Compass Counselling,ChIJSfF6JQD5n1MRxjHZsVNVFFQ,,
Compass Psychotherapy,ChIJJ09yuY-r0kwRZF_IwJpj4aA,,
Compassion Culture Counselling,ChIJT0TGfX-ZcVMRpN0MHxmqJg8,,
Compassionate Central: Counselling & Therapy,ChIJndJM3WFxcVMRWpwjKZ3JwCM,,
Compassionate Counselling & Care,ChIJrzP2suijKogR3Tfi19QZ3PA,,
Compassionate Counselling Inc.,ChIJ55s07TAioFMR_iDerDpYoqs,,
Complete Family Chiropractic & Wellness Centre,ChIJjYXJ34YAL00RAXroytMfi6w,,
Complete Function - Red Deer,ChIJ-6Ih2hFXdFMRE2cg1Sd_NPM,,
Completely You Counselling & Psychotherapy,ChIJtePWGU_FSkYR6WEJ4BLpPSw,,
Confidential Counselling Services,ChIJAfwUO-29KogRYZTtLEbsqVQ,,
Connect and Thrive Psychology,ChIJC4IkCeXt6I0R5BPNFZca9RE,,
Connect Cognitive Therapy,ChIJg9I-A7lBK4gRe0ymgITyq10,,
Connect Psychology,ChIJ43AgmSxucVMR2_UvrSWPhBI,,
Connect2Care Counselling and Psychotherapy,ChIJjZBp6_0c1YkRKQFr3Tp5nA4,,
Connected Counselling & Psychological Services,ChIJOb4-QJ2HblMRE7d6MdFxH_Y,,
Connected Hands: Centre for Psychological Wellbeing,ChIJ3cCOtCzzLogR5nK7rIKSy9w,,
Connected Roots Therapy,ChIJ2wkdO8gHzkwR15_e8QBL5FA,,
Connected Therapy Services,ChIJ9eogYGyZcVMRuUgvlyOqcD4,,
Connecting the Roots Psychotherapy,ChIJ-5nUxS1R04kRzZPndYaK8sY,,
Connection Counselling,ChIJU9v1W98kvYkRGccSd6Kd-h4,,
Connections First Therapy - Vaughan,ChIJQYfJHcovK4gRtEc4uVQAAt0,,
Connections Psychology,ChIJgcDqTawFzkwRN6tMHgkZUYc,,
Connelly Counselling Service,ChIJ_TWUZQv5n1MR0C3yrfzFj58,,
Conquest Counselling & Wellness Inc.,ChIJmbYx5R89oFMRKbHILHEKN3U,,
Conscientia Counselling,ChIJedtxAfFxcVMRkotWrk5EogQ,,
Conscious Clarity Psychotherapy and Wellness,ChIJBRMX7jVhK4gReoKkNPmNTAs,,
Conscious Counselling Services,ChIJx_TWIi93cVMRgU-sJdHQejE,,
Constellation Mama Family Constellations,ChIJQ6k-GgCZcVMRy5PyQVfxpiA,,
Continuum Psychology,ChIJd7eGMFsnoFMRyhKEygLCzm8,,
Cook Counselling Services,ChIJveQ5qNgloFMR4sSW-SsO-kM,,
Cope Counselling Toronto INC,ChIJc5oSYCA7K4gRDu_jwCswPVA,,
Copper Park Wellness,ChIJrfloK12bK4gRXXeqebOz5Xw,,
Core Centre Inc. Psychological Services,ChIJ5T45PihHK4gRUEsR-SI4EbI,,
Core Counselling and Mental Health Services,ChIJfWnodxMtO4gRG0WLIBBOtyQ,,
Core Elements Counselling & Coaching Services,ChIJc2myRMOHblMR0R9_U9FUr7g,,
Core Elements Counselling Services,ChIJESeGG8eHblMR71lm3eJr3bA,,
Core Psychology & Counselling Calgary,ChIJWTk0aatvcVMRePlYivDTx-o,,
CORE Wellness - Sherwood Park,ChIJadkp5ioWoFMRtDk4ykgZQhE,,
Corinne Baht Therapy,ChIJU8YWrOeZcVMR__YPq7VWRIA,,
Cornerstone Clinic,ChIJsaE_SIohWU0RKPtUeOmhVmo,,
Cornerstone Counselling - Glenora,ChIJ94wCEi4ioFMRrgVVeFUafZw,,
Cornerstone Counselling - Mill Woods,ChIJtRE3oaYZoFMR4MAJ1_gKwpc,,
Cornerstone Counselling Services,ChIJqezRqp0KSKsRX0wElUCdYog,,
Cornerstone Family Care,ChIJ_2D767gsO4gRCnG5Qed0BOA,,
Cornerstone Family Counselling Services (CFCS),ChIJKeJJJ9NBK4gRv62M1A56fL0,,
Cornerstone Physiotherapy - Markham,ChIJbY9Wvv_X1IkRLpTyrs4eRvM,,
Cornerstone Psychology Ottawa,ChIJqw8STvQFzkwRnRZP1g60NGw,,
Cornerstone Therapy and Wellness St. Catharines,ChIJuwCAvKJQ04kRQR8VQKu0WPo,,
"Cortney Pasternak, Individual, Couples, and Family Counselling and Psychotherapy",ChIJP0dCRnqbLIgR_w1moLPT34o,,
Coulee Winds Counselling,ChIJM69AZSOHblMRa06wFt6oILw,,
Counselling & Behaviour: A Mental Health & Psychotherapy Clinic in Toronto,ChIJv8jxT-8DP0QRiJqJlxlTsSs,,
Counselling & Co.,ChIJswdc7VpDK4gRV_llMLspjsk,,
"Counselling 2 Wellness. Etobicoke | Individual Counselling | Couples, Relationships, Marriage Therapy | 2360 Bloor",ChIJCXNpBlc2K4gRKlVFexXt2rM,,
Counselling and Couples Therapy - Ryan Answers - Burlington,ChIJy2y7WFVgK4gRjtU3CndtOmE,,
Counselling and Psychotherapy Centre - Centre de counselling et de psychothérapie,ChIJCcI9TpYFzkwRopRYy6tvaE0,,
Counselling and Therapy with Anne,ChIJR53ePPj_0UwRsZioXtqOYV4,,
"Counselling Body Mind and Soul, Kimberly Gladu",ChIJ25SBckmrL00RoMIF2Ucy49E,,
Counselling By Brooklynn,ChIJs1sePm5bEQsRWsup2OLPBHQ,,
Counselling for the Health of It,ChIJb5pnQrIjoFMRF8BfanFzFE8,,
Counselling Guelph,ChIJibXJJsCaK4gRGJvdD4bhoqQ,,
Counselling in Calgary with SQA,ChIJwRZdsTxvcVMR_54LNbLX3UI,,
Counselling in Hamilton,ChIJp4bB3eFzhlQR7AhZJaGFa_8,,
Counselling Niagara Inc,ChIJk8nhCtJJ04kRZx4sVjsFt_w,,
Counselling Services for York Region – Vaughan Psychologist,ChIJF0EKGi8lK4gReypIJM0Db9Y,,
Counselling Services of London,ChIJh5HOkkXxLogRXONQ_L-BVUI,,
Counselling Solutions,ChIJj91F1gaXkFMRTcDUnvg5ckY,,
Counselling Support Centre Online,ChIJJxEL8CFfcVMRNtGTfNaOpWE,,
Counselling Transformations,ChIJ0ap76uSHblMRP5cx5rNiJo8,,
Counselling with Karine,ChIJM-XukJ4PzkwRormxfLO9jMs,,
Country Counselling Services,ChIJQUDi9w24ClMR4mLT_KDY9_g,,
Country Counsellor (The),ChIJbTweDcyZcVMRz0u4sKLmZLU,,
Country Road Counselling,ChIJ0T7HjZlBcVMRv3ADOuWxPnA,,
Couple & Family Therapy Centre,ChIJVVVVUiybK4gRaSiREYS-ttA,,
Couple Therapy Toronto,ChIJ1xp6wps0K4gRhTuX0MUlKeI,,
Couples & Family Therapy Collective,ChIJLbV3F24pK4gRZCPzXHwmpgg,,
Couples and Family Therapy,ChIJKaOMHlBP04kRYGl0Jyt3klc,,
Couples Counselling Centre,ChIJcVzuJV6TnAYRg5LfcfiGhF0,,
Couples Counselling Centre - Oakville,ChIJrSbAjb5DK4gRP3IGoX03e3Q,,
Couples Counselling Centre - Toronto Downtown,ChIJB1jFioI1K4gRrrJ8IErGtVo,,
Couples Counselling Niagara,ChIJo_Jr7ZVJ04kR2rdWN0pYgsw,,
Couples Counselling Services,ChIJx3zy_40loFMRGq_OUuxEqvk,,
Couples Counselling Toronto,ChIJ8xyqG3YtK4gRwbIEUZA70ME,,
Couples Counselling Toronto,ChIJmYb4km8tK4gRhmLK7p47m1k,,
Couples Institute Peter Gray MSC,ChIJmXD_YM3zLogRR1cr8cxRE88,,
couples therapy,ChIJHag-0q9X04kR_JE3UIiKqiY,,
"Couples Therapy and Relationship Counselling, Clarissa Ee Psychologist",ChIJpTYvKD3V1IkRoYdR-9JDXRo,,
Couples Therapy Centre,ChIJzbmFtx1zK4gRovtiEN4f9as,,
Couples Therapy Ottawa,ChIJe76YhpoJ54URTPgxreke9G8,,
Couples Therapy | London Victoria Belgravia SW1,ChIJMUIwDCIFdkgRAOgp-wrqhvQ,,
Couples to Cradles Counselling Inc.,ChIJ8Xcq0IqHblMRfk3N8grzJak,,
Court Counseling Institute (Formerly The Anger Managers),ChIJS9epY2MtK4gRAyISPqzlC9A,,
Courtwood Total Rehabilitation,ChIJx7Jwgcg_K4gR2baM-Hl1ub4,,
Couture Counselling Coaching and Consulting,ChIJV1VFcJ1VLk0RVGoVCsVMs-g,,
Cowper-Smith Counselling,ChIJWVVOxyBUdFMRVFALIl6b6PY,,
Cozy Counselling Services,ChIJdQpRMV2HblMRVN9nVQHg13c,,
Cozy&Co Counselling and Wellness,ChIJhc2XhFVVdFMRukK3_S06_C4,,
Craig Norton Psychotherapy,ChIJi-ojOaar0kwRF_hhSovPLnc,,
CRAVE Beauty + Wellness Lab,ChIJPUT3s7OPn1MRU7j-IOeCn0Q,,
Create&Cultivate Wellness,ChIJ445KP2OPn1MRXvoUkvpWAiQ,,
Creative Counselling Thunder Bay,ChIJAQAbSIohWU0Ra4OVFgNjEAs,,
Creative Minds Consulting Services Inc,ChIJffeOy6EtE1MRuUfct0tIQEc,,
Creative Path,ChIJp9ThKLEjWU0RkjdMqR1FfqE,,
Creative Sky Psychology,ChIJU_j03n9zcVMRRhPZ8vQDA18,,
Creative Therapy Associates,ChIJGauUUUEfWU0Ree9uBXv5EvA,,
Creative Therapy Autism Centre,ChIJjSg_p7EhWU0ROZbaBO60WTI,,
Creative Therapy Health Services,ChIJdaATXGX0K4gR3zx1yGQRS5U,,
Credit Counselling Society Hamilton | Free Debt Help and Debt Relief,ChIJlzYBkZybLIgRtrjaE7dPEtw,,
Credit Counselling Society Kitchener-Waterloo | Free Debt Help and Debt Relief,ChIJn_Mk9f31K4gRX3IeS1syZ2c,,
Credit Counselling Society London | Free Debt Help and Debt Relief,ChIJOwNCMBvyLogRbiNRanxNSwI,,
Credit Counselling Society Ottawa | Free Debt Help and Debt Relief,ChIJ6Q8aMVUEzkwRuGP3b_44A7I,,
Creek Side Psychology,ChIJ59XpxF0ioFMRlT-5hbO691k,,
CREW Psychotherapy and Trauma Services,ChIJqQhjvigf1YkRmhTb6pzFK2o,,
Crisis Response Program,ChIJ2cSpTcsjWU0R3vEii2jPxE4,,
CrisisCare Counselling,ChIJ8Xh0IJGyCVMRAkW2lHFhWWo,,
Cristina Palermo Art Therapy and Psychotherapy Services,ChIJSSHtBWSbLIgRvgfAU-eSYZk,,
Cristina Stephanie Dr Clinical Psychologist,ChIJG7JEO7oGzkwRqKYpE-lifYQ,,
Critical Trauma Therapy,ChIJPbrLmLlR04kRiFFMij-3kmY,,
Crocus and Robin Counselling Services,ChIJe6dxflP1K4gRj-hbPLWnr10,,
Crocus Care Solutions Inc.,ChIJdXNMR7wFzkwRz7BqTMZqFuI,,
Crossroads Psychological & Wellness Inc.,ChIJIafilhM9oFMRWUfbv4w6s3c,,
Crosstown Psychology and Wellness Clinic - Toronto,ChIJpb96zCYzK4gRAHItP0W-VHc,,
Crosswaters Counselling,ChIJPb5d88UtE1MRavJFRGk24i8,,
Crossways to Life,ChIJlx_4muz0K4gR8udpwb9mbl0,,
Crowsnest Counselling Services,ChIJgewgS-iPb1MRIEuDghhEUhU,,
"Crystal Gerlach Psychotherapy and Social Work-Individual, Couple and Family Therapy",ChIJkaYCq41cK4gRsD8fBNNWiJU,,
Crystal Hartman Associates Counselling Services,ChIJVVUlYLeHblMRZq8xFxFEbS4,,
CS Counselling Services,ChIJteWojN2XkFMRh7AJNUwYn8Y,,
Culminate Counselling | Ottawa Counselling Therapy,ChIJ8QAwtbL_zUwRSbw4G42z1h8,,
Cultivate Mental Health,ChIJE3ebpiAFzkwRtRehEBGKMu4,,
Cultivating Lives,ChIJVV8juH0WK4gRrNdAFczCXr4,,
Cuore Counselling,ChIJETYcikcvK4gR5VEo9JnbFP0,,
Cup of Tea Psychotherapy,ChIJJ94aPCUFzkwRNeMGQKxbCAc,,
Curakids Autism Services Inc. - ABA Therapy Brampton,ChIJi2rNU7E9K4gRqJ429NO0b34,,
Cure MD Medical Centres,ChIJOaIp1Bf5n1MRUa95Zx7azBU,,
Curio Counselling Calgary,ChIJNc2E_GtiG6YRL7TWinFdTHo,,
Curiosity Awakening,ChIJR4oE0-e9KogRgFa8W7LaEes,,
Curious Paradox Psychological Inc.,ChIJy9yZijkXoFMRo9tj5ORLRgY,,
Currents Art Psychotherapy Studio,ChIJ60Pa4Za7ClMRMv4ibFzJ8Sg,,
Custom Counselling,ChIJDcdBGBLyLogRCLGmWEA_kMQ,,
Custom Counselling Therapy,ChIJR4ZeSqOR4QMRGsNw4kVUx2w,,
CVB Wellness - Athletic Therapy & CranioSacral Therapy,ChIJ933vEsb7n1MRr3ThOYdcbB4,,
CW Therapy,ChIJJ1o-RbNhK4gRFY7DhVklyIM,,
D'Anza French Psychological Services Ltd.,ChIJ_7iiZAizCVMRHZUvI5zReas,,
D. Zannier Counselling & Consulting Services,ChIJyfDYH-mqL00R1EGu3n29BX8,,
Dalton Associates,ChIJmWfgBpIWK4gRjYQD31H2hR8,,
Dalton Associates,ChIJqzQHmEH0K4gRhfnOK6fldTY,,
Dalton Associates,ChIJ1V-cCl30K4gRSzhuymxaXFE,,
Dalton Associates,ChIJd_IWfuIsO4gRq9Bb4XzKMpg,,
Dan Silver Social Work Professional Corporation,ChIJVVVFxtdR04kRWnyjhycGb8E,,
Dana Owen Counselling,ChIJYQnTvRpBcVMREve7UOFPkyo,,
Danforth Psychology,ChIJ2-6BdVnN1IkR_tZAqXVbupU,,
Daniela Storti - Family Constellations Therapy in Toronto,ChIJ15Bb7i58CgoRrFx575iNvi4,,
Danielle Jeffery and Associates Counselling,ChIJhcRjBfnJ10cRgJnh1M6UpsU,,
Dara Health,ChIJiZ4CAFhBcVMRwSBZjygKw5U,,
Daring Greatly Psychological,ChIJLzT6KPKOn1MRTAzIZC07lFc,,
Darlene Olimb Counselling Services,ChIJAx9Vq08fWU0RshOENJLy3RA,,
Dastany Psychotherapy & Wellness Clinic,ChIJz4xc_gEHzkwRRhXhZEufW20,,
Daughters of The Moon,ChIJufs2pGx3bmkRqyln14mt6f4,,
Dave Neary Counselling Solutions,ChIJsQn7Bfyq0kwRpvhqm7ev3CE,,
David Rockman Toronto Counselling & Psychotherapy,ChIJtfrl8ow0K4gR_k4uBFMofrU,,
David Small Counselling Psychology,ChIJvTd1CYiZcVMREkSN_fyZnV8,,
Davidson Psychology,ChIJI6Czt1ORkFMRbwKiu14QJfw,,
Dawn Associates (Solutions through Understanding),ChIJCSynd2SbLIgRECQddbcskEI,,
Dawn Therapy & Wellness Centre,ChIJV1hdky4d1YkRxl7lPZlNWVg,,
Daya Counselling Centre,ChIJgwf4Eh3yLogRSgoopcd8_KE,,
"Dayana Romero, Relationship Therapist & Dating Coach",ChIJNyza7YKZLIgRQZk4lhVJZEc,,
Daystar Counselling,ChIJP3RiEnmjKogR5uYxe2F3yZs,,
DC Psychological Services,ChIJr_7PBsVVdFMRxgIN5rfYQqk,,
DC Therapy | Psychology and Counselling Services,ChIJS_MrYCRvcVMRNSvsIj-wMhI,,
DeAngelis & Associates,ChIJ55aQcMgtO4gRyLYzDTKa_Ck,,
Deb Vernon,ChIJ1as75W8XoFMRyl6yEIckeeY,,
Deborah Colling Psychological Services,ChIJzaRMv-KHblMRQD3ShWh2Wnw,,
Deck Trevor Psychologist,ChIJ7dHr5NiqL00Rjh7S63m5bzg,,
Deep Counselling,ChIJzS0HTGBqK4gR2NuvTz9NLeI,,
Del Rosario Kerris Dr,ChIJWT-0Hmf0K4gR61SKG0XMKNg,,
Delia Comer,ChIJbZHiZLsXoFMRM2k2-pO6zME,,
Delphinium Counselling and Psychotherapy,ChIJ9eHLM4b1K4gRiLOCFu-ZdRo,,
Delta Psychology,ChIJRTDneMkFzkwR0dn6w-umXTw,,
Delton Glebe Counselling Centre,ChIJ1e7-_gj0K4gRavVll3n6QR0,,
Denelle O'Reilly Psychology and Assessment,ChIJ0yvHAKEloFMRQQUZImDFKts,,
Dermapure Fort McMurray (formerly YMM Cosmetic and Laser Clinic),ChIJhzq8PbQIsFMRa_sea2GskRY,,
"DeRubeis Maria MSW, RSW",ChIJ5UyQupAsO4gRZyH0vYPPhIE,,
Design For A New Tomorrow,ChIJsw-crrJR04kR3bgv8ApExJI,,
Designed Life Counselling Collective,ChIJy30S3qsrO4gRZsL1MCrCxXs,,
DEWY COUNSELLING,ChIJZUsV3bBhK4gRjkC73JkAlaw,,
DFW Career Services Directions For Wellness Inc.,ChIJVUFyfsS7ClMRUSDhjBNAv1s,,
Dialectical Behaviour Therapy(DBT) - A Wise Mind,ChIJ5cyssXD1K4gRMIMfXPAHWOs,,
Dialogue Counselling Services,ChIJTWLzpLGzCVMR7bLrOyNpy9w,,
Diana Mitchell Counselling Services,ChIJnaPx9y-r0kwRgOKvZ2xnWhA,,
Diane Harrison,ChIJz5cfu0ujLIgRos2l8NS1nRo,,
Diane Valiquette,ChIJRc6mCaERzkwRFkcvoliDgWE,,
"Dig a Little Deeper, Psychotherapy & Counselling",ChIJR-bx-wMd1YkRwDzdGoZCOgQ,,
Dilico Anishinabek Family Care,ChIJVwWxAeEeWU0RGyzviqm3c3Y,,
Dilico Health and Wellness (Walk-In Clinic),ChIJQae0Q0UfWU0RIedjrVC6EOc,,
Directions For Wellness Inc. Leduc,ChIJY3GvDgv5n1MRf0c1TRyaRNs,,
DISHA COUNSELLING & WELLNESS CENTRE,ChIJRTGNyK7FnwkRP0N4Mp7E2Es,,
Diverse Minds Therapy,ChIJx21qURoVK4gR4sKFIEfZVH4,,
Diverse Psychotherapy,ChIJY3UTUWBDK4gRRjImwucFHz8,,
DiveThru,ChIJtS9RFnojoFMRZgG9kHxGlIY,,
DiveThru,ChIJ3RaHnGgvoFMRG3K6rpu-Ml8,,
Divine Spine,ChIJAfvwuuiPn1MRCOGdEx_vw2E,,
DOCERE: Institute of Wellness,ChIJ2RJOEnZR04kR8mJNoPhfizE,,
Dochas Psychological Services Inc.,ChIJMx1UMQ2Pn1MRqhlx8Mt1w3w,,
dohm Somatic Counselling & Wellness Studio,ChIJ_x7W40otO4gR6O4aKHZj980,,
Don Neufeld Counselling,ChIJcxWj4KtR04kR7jKc5UkouMM,,
Dori Therapy,ChIJq9UvgpAd1YkROUJVufJdeGo,,
Dorit Osher,ChIJI1K6aQ_yLogRDk3jKctA9-0,,
Dr Barbara Coomes,ChIJt7dqYMsjWU0R54rneTnmApo,,
Dr Caffrey-Craig Clinic,ChIJL_d1HDFHK4gR7me3WpQxjY0,,
Dr David Crowe,ChIJVzsUTTMBzkwR856sMCSC0vI,,
Dr Julia Feldstein Psychological Services,ChIJ7boMDEYfWU0RZ_EhTH9y7Tg,,
Dr Lynn Lightfoot & Assoc,ChIJpWDLpJFcK4gRWFq7BvGj4y8,,
Dr Marica Rich Psychologist,ChIJPUiOKsyHblMRqmryF_ksJNc,,
Dr Patricia Peters,ChIJ-57caJSaK4gRCRp-gOKDDyo,,
Dr Patricia Yawny-Burnett,ChIJwZMhdl8sO4gR_ysxbfWAfdo,,
Dr Rishi Singhal Psychiatrist,ChIJT8AfqgotE1MRro5m4FwFaZA,,
Dr Shiyanbola Clinic,ChIJHd_UFVezCVMR9nKRebQXHek,,
DR SUSAN HARDT - ONLINE PSYCHOLOGIST - THERAPY THROUGHOUT ONTARIO & QUEBEC,ChIJRUbmjD1HK4gR2Z2KgltieK8,,
Dr Szkiba-Day P Jean,ChIJpWDLpJFcK4gRYEyDBl-grWI,,
Dr Val Daigen,ChIJKy_MOPf0K4gRHSsE3IJXf1A,,
"Dr. Alan MacDonald, Clinical Psychologist",ChIJ8aF7NKkFzkwRSso1Gf9P848,,
Dr. Ally Biniaris at Fairway Physiotherapy,ChIJnXRH9i0fWU0Rj1NWq4WOkuM,,
Dr. Alyssa Willoughby,ChIJYWz59-FvcVMRq9ajFsqDK1Q,,
Dr. Angela Fountain & Associates,ChIJ03rDewsZ1YkRUSAeQFlKlHo,,
"Dr. Ann McDermid, Psychologist",ChIJ097t1gbyLogRDN2rcnqm_sk,,
Dr. Anne McHugh Registered Psychologist,ChIJX5Zxihv0K4gRnMFj2_1UKuY,,
"Dr. Bev Walpole, Health & Clinical Psychologist",ChIJG8Pm_umbK4gRqa0lTQPa_Vc,,
"Dr. Bonnie T. Seidman, Onward Psychology",ChIJu0M4jv-q0kwReiYqlN4zGm8,,
Dr. Brian Bigelow,ChIJ__-PkYQAL00RTHuCW3lFiXU,,
Dr. Carley Christianson,ChIJq6o64uQloFMRNobD_ndU3Kw,,
Dr. Catharine Lee,ChIJl5iR5V8sO4gRoWivQf883L4,,
Dr. Chris Carreira Ph.D.,ChIJu6j8w70rO4gRVY_2_b2ny9M,,
Dr. Christopher Lane,ChIJCWl_U2v0K4gRLQ1hVPMaUU4,,
Dr. David Rynard,ChIJfXXMxviq0kwRJpGHYrqUR4g,,
"Dr. Deborah Nixon, Psychologist",ChIJiawyuGZGK4gRqi9n5xi4YmI,,
"Dr. Dianna Lanteigne Gibson, C.Psych.",ChIJtVmuAger0kwRG9ZBf_ic8AA,,
"Dr. Dianne Maing, Psychologist",ChIJ6VEUwxGjKogRIr5uaXWWqjo,,
Dr. Duncan Day & Associates,ChIJ8UIiv_iq0kwRx9TC4r90-bo,,
Dr. Elizabeth Orr,ChIJxzaubMKbK4gRlsG2T_lU9DQ,,
Dr. Guy,ChIJm2oHCgLyLogRkrHu5yNx0M4,,
"Dr. Gwen Jenkins, Clinical Psychologist",ChIJZwkfytOiKogRJg8AuyW6ob0,,
Dr. Harpreet K. Chattha - Brampton Psychologist,ChIJ7cKAlpYVK4gRhZU6736WK18,,
"Dr. Ian Shulman, Psychologist",ChIJ919sGqtdK4gR4e26xNBfI5I,,
"Dr. Jacqueline McKinnon, Registered Psychologist",ChIJzVtpjyPvLogRzGBbep-_htQ,,
Dr. Jade Ulmer,ChIJL8owVZuyCVMRD-_cz5Oehx4,,
Dr. James Stuart Rennie,ChIJf_be-wVdK4gRcujvKvw56Vs,,
Dr. Janet Clewes - Registered Psychologist,ChIJS0igri5DK4gRCGS6CWiZldo,,
"Dr. Jeffrey Weatherby, Licensed Psychologist",ChIJz-SrpK80K4gRwMo6eUQ9jjg,,
Dr. Jennie Psychology Group,ChIJq6paXiZUdFMRWE81JRTHBa4,,
Dr. Jennifer Barbera psychologist,ChIJZYwPP2abLIgRtWKCpxOmkns,,
Dr. Joan M. C. Hillson,ChIJ49ox5WtfcVMRsEmf_otaczE,,
Dr. Jodie Waisberg,ChIJCwcIXJ-r0kwRObx91ICQ1CA,,
"Dr. Jorin Lukings, Family Physician & Psychotherapist",ChIJE2t8crNR04kRQKt6N9LarvI,,
"Dr. Julie Cinamon, C.Psych. - Maple Psychologists",ChIJPShSxXQvK4gRBNUEunTsMKI,,
"Dr. Julie Lapalme, PhD",ChIJsSa2Vpqr0kwR6Gphc393lrw,,
Dr. Karen Ghelani,ChIJW6c6OvjU1IkRBOiY4zUduQI,,
Dr. Katherine Spere,ChIJAz7c8qP1K4gRpYBVxeaasws,,
Dr. Ken Marek,ChIJs2MNZOC8KogR_U-lbzOclf8,,
"Dr. Kris Pryke, Psychologist",ChIJg2HPhGv0K4gRY661JEgaymE,,
Dr. Laidlaw & Associates,ChIJvc7u5ySeLIgRM1MzPwuuwUQ,,
Dr. Laura Thomson Psychologist,ChIJF34PruJhK4gRqlvwTTV4am8,,
"Dr. Laurel Johnson, Psychologist",ChIJq2tJOvjU1IkRspy48UzOHi4,,
Dr. Liliana Tomescu (Tarba) - Introspect Psychology,ChIJ2_EaXoI0K4gRHzuvFd0eitE,,
"Dr. Lina Guzzo, Clinical Psychologist and Associates",ChIJ5cKC3-aqL00RhCtJ7NLxaqI,,
Dr. Linda Johnston & Associates,ChIJJZf9wc9hK4gRJ58oPu0p-T0,,
Dr. Lisa Bourque & Associates,ChIJYZvp1G-bLIgRDSjX-O_5qE8,,
Dr. Lisa Bradford & Associates,ChIJXfPmb3I1K4gRljBDRCn477w,,
"Dr. Lisa Sicoli, C.Psych.",ChIJafg7ssGaK4gRKwaPQQL1GOE,,
Dr. Lisa Weaver,ChIJORP2l3WbK4gR58REBkDZVvo,,
Dr. Lize Jalbert Psychological Services,ChIJKzcDjmmrL00R6fNiFcA9XDY,,
Dr. Lyndsay Evraire Psychological Services,ChIJ16uazYYHzkwRD6R6cPpGQg0,,
"Dr. M. Azam Khan, MD",ChIJt1TPdCstO4gRLGW1_CRrD8E,,
"Dr. Mandeep Chouhan, Psychologist",ChIJx9NtGkM9K4gRxiylxU7W1O4,,
Dr. Marc Carrière Psychologist,ChIJa2_-c60FzkwRcOIEhRzNzKo,,
Dr. Marilyn S. Miller,ChIJh3tikDczK4gRiyqEcFI5UJQ,,
"Dr. Mary Pudmoreff, Registered Psychologist",ChIJeyqg-rIXoFMRWxmLVeI_hXI,,
"Dr. Melanie Vicino, ND - Naturopathic Doctor Fort McMurray",ChIJz4DqrpoPsFMRupP1axxtepI,,
Dr. Michael D. Blacha & Associates,ChIJN7NoQMY_K4gRk2GAufD2G_c,,
"Dr. Michel A.S. Larivière, C.Psych. and Associates",ChIJByhkCctULk0RPiGK2CsQciU,,
Dr. Michelle Vandegriend,ChIJVat94eQloFMRgCy-8-3xZdM,,
"Dr. Monik Kalia, C. Psych.",ChIJEVqoxzBHK4gR6PgckuCkbTM,,
Dr. Nancy Hurst,ChIJW_y18jAioFMR_e3opqLd-C4,,
Dr. Nathan J. Cooper and Associates,ChIJc1jPweudLIgRq8Vom8U82Wg,,
Dr. Noble & Associates,ChIJSwOhZlrX1IkRE6cmiXl3Wk4,,
"Dr. Patricia Doris, Psychologist",ChIJXzuME-fxLogRV6BkpY6ouhE,,
Dr. Patrick Keelan,ChIJl5mmGoNAcVMRY-RtSjLf7VI,,
Dr. Paul Valliant & Associates,ChIJl_WgyuGqL00ReWo2LqYGsb8,,
Dr. Petra Gyles,ChIJmaqqWdaiKogRFp_ZM73ZZf4,,
Dr. R. Jay Stewart,ChIJvxkgTs8SCUER-xnY_BXMy0Y,,
Dr. Robert T. Muller - Trauma Psychotherapy in Toronto,ChIJoQ4v4UzL1IkRDsysbiq5x5M,,
Dr. Rochelle Cole & Associates,ChIJNf7nRQxfK4gR43XAkqGTpjI,,
Dr. Ross Plews,ChIJAQCw4ZCyCVMRCnAjPYikxbc,,
"Dr. Scapinello & Associates, Registered Psychologists",ChIJNUD4U9thK4gRuKL3_g-kMY0,,
"Dr. Season Tompkins, Psychologist",ChIJSQq-6xv0K4gRWV9mCypCIwM,,
Dr. Sharma Psychological Services,ChIJ32z4-5ZHK4gRjcwWUH_LrA4,,
Dr. Shelley Gorman,ChIJNeOpwjBHK4gRQebVbovgams,,
"Dr. Stephanie Bernardon, Clinical Psychologist",ChIJ-Z8peF8sO4gRJDJaiZZMPEI,,
"Dr. Susanna Reimer, psychologist",ChIJN2pD5mz0K4gRF7RsEIf1jyk,,
Dr. Terence Semple,ChIJtYNN4a1R04kRbNj-q71Bw88,,
Dr. William Ross,ChIJacgCw1osO4gRQAkBr75Bhyk,,
Drew Morrison Counselling and Consulting,ChIJ4a5cS5PtLogR1H8sZ0oScts,,
Drice Psychotherapy - Ottawa ADHD Therapist,ChIJj_7JGSEHzkwRPRK2zSLcfu4,,
Driftwood Balance - Massage & Wellness,ChIJeb2B-fiHblMRchoNaBuhACk,,
Drop of Dew Counselling,ChIJJ2RPPaMdoFMRMsZ4TIqmS_E,,
Drop-in Single Session Counselling,ChIJbVOrfjgioFMRRucuMuXleh8,,
DRS Physio & Wellness,ChIJpV1PzHw9K4gRZJYY3L3KBXc,,
Dual Diagnosis Consultation Outreach Team Kingston,ChIJ8eGSvJir0kwR9g1-iU4t2jw,,
Duggan Wellness Centre,ChIJwXcdfjG6ClMRFt3BoxYlXZc,,
Durham Community Health Centre,ChIJDTIYnUkd1YkR__KWkNi4PSE,,
Durham Couples' Clinic,ChIJq6paNxIe1YkRg7zSaS6I9ns,,
Durham Family Counselling,ChIJIw8_Y0Ed1YkRuhPlFye_6RA,,
Durham Personal Counselling Services,ChIJiSmq4Wwe1YkRDuGS0mld5vg,,
Durham Psychology Wellness Centre,ChIJgzCrAMsf1YkRvesO7BgQTBU,,
Durham Psychotherapy,ChIJnyaaOppHQYkRyyvGa8gCxTE,,
Durham Psychotherapy Services,ChIJixazztID1YkR7aEafXlt8Hg,,
Durham Region Centre for Cognitive Health,ChIJC6Gl5aQb1YkRUMK9n-TyfEU,,
Dynamic Balance Physiotherapy & Sports Injuries Centre,ChIJAfi0KiAd1YkRX6zilPl9108,,
Dynamic Healing,ChIJpVxSmyezCVMRB2HodHp8krs,,
Dynamic Minds Therapy,ChIJL-2zpYq9KogRPes7m5tFdks,,
Dynamic Physiotherapy,ChIJ-4Z9JimYcVMRXIZAeYSIoo4,,
Dynamic Physiotherapy and Wellness,ChIJr9nBt_GOn1MRnR9LB3isxO8,,
Dynamic Psychological,ChIJAQDw6XT5n1MR2HFxn_3lci0,,
Dynamic Psychotherapy & Psychology Centre,ChIJSbbGZm-t0kwRczya0y0YRNM,,
Dynamic Therapy and Rehabilitation Centre,ChIJW7mclGVVLk0RfZKPvu4yzbM,,
D​ream Wellness Psych,ChIJ__-v5wLyLogRT561CbgxCBk,,
D​ream Wellness Psych.,ChIJHzx8yIv1K4gRsLlAJCGn8OE,,
E & A massage is EA Advanced Clinical Massage Therapy Ltd,ChIJbWMFCoz5n1MRM6rZbfohAFg,,
E Ruth Cummins PhD,ChIJt7dqYMsjWU0RC5Fzs0jm4gg,,
E Sky Psychological,ChIJWxojl86Pn1MRKnaf7okPzWw,,
E&W Alina Massage,ChIJBUTze5wJsFMRyxkVsF2aCnQ,,
East Lake Centre,ChIJbfWCSpFdK4gRVyxISOwbjc8,,
East Psychotherapy,ChIJy9znOoip0kwR3kQHTMZLyWw,,
East Region Mental Health Services,ChIJNxnGtfmYLIgRg_x9srPLEnw,,
Eastgate Physiotherapy Clinic Sherwood Park,ChIJDSJAlpYXoFMRg-Fpe_0jfjk,,
Eastwood Psychologists,ChIJUWALX6w1K4gRQQVmTzb5FaE,,
Eastwood Psychologists,ChIJOxcgwZcVK4gRwABUcT8nIB8,,
Eat Sleep and Grow Inc.,ChIJq6rqG0uRkFMRwvbr_qPY_us,,
Echelon Wellness Kingston,ChIJnUUygBat0kwRknq0qED28Qo,,
ECSS Psychological Services,ChIJrb9Mcy-jY0ER-dQT_zjHu50,,
Edcommodate,ChIJAZSah4tR04kRymA_v08Knk8,,
Eden Health & Wellness Inc.,ChIJf-NDjgQloFMRKMjQYkWvIsE,,
Edenbridge Family Services Inc,ChIJU2sYurWHblMRcSU_s5a4_gg,,
Edgar Psychological,ChIJt1sOPisioFMR3uuxXk8Bqzo,,
Edge of Empathy Psychotherapy,ChIJ49hGYuj1K4gRHfBSEPFheRM,,
Edmonton Addiction Family Counselling Services Inc.,ChIJK3t_njgjoFMRgZuphnAF9R4,,
Edmonton Counselling Services,ChIJ_4ML6CEjoFMRozP6eOPfdoo,,
Edmonton Psychological Group,ChIJg0EFgjsioFMRwlBpTIW5Oms,,
Edmonton Therapy Services,ChIJKwY9NDhvcVMRQjh3qjTjIgg,,
Edwards & Holloway Health & Wellness,ChIJnQuGygdVdFMRkufN9E0d9R8,,
Effective Solutions Counselling & Consulting Inc.,ChIJs5GboWtfcVMRC5s_sRCv_ic,,
eFIT Institute | Whole Human Therapy | Hamilton,ChIJYeopNL-ZLIgR-n8lWR_ScaU,,
EI Therapy,ChIJQzHFVwRFK4gRI6Ar3hSI9Vo,,
Element Counselling Services,ChIJfWTx6CUWoFMRJsjimJ8HCEw,,
Elemental Essence Therapy,ChIJHSq88j-zCVMRSJnFzvzs_9c,,
Elements Health,ChIJFwDwJ6uPn1MR4iYRFMBm6wM,,
Elements Physiotherapy and Rehabilitation,ChIJx1qeHtYd1YkRlK63Om_SRwU,,
Elevate Therapy,ChIJ2WPxGxUfWU0RGf1JqiCEsFY,,
Elevated Therapy Clinic,ChIJu7tn9MmHblMRPcxy50Kv9c4,,
Elevated Wellness Rmt,ChIJL7v-ywqzCVMR6MOXhsNZ3Fk,,
Elevation Wellness,ChIJKemd462HblMR2bi7naG5dtA,,
Elim Counselling Services,ChIJk8kwaZURzkwRqG-v1uRsygU,,
Elite Counselling Beyond 心灵健康会所,ChIJCSXhc44rK4gRs_GR87LvCBQ,,
Elite Sports Rehab,ChIJy4DyinAVK4gRvTU53LZwdn8,,
Elite Wellness Medical Centre,ChIJfQaQiEyrL00RTlLyFHRCH5M,,
Elizabeth wellness massage,ChIJteSxZKz5n1MRe2kqf9ye1b0,,
Ellen Morrison Counselling,ChIJR7uYQPgp1YkRmdZPOyqzpnE,,
Ellen Star Couples Counselling & Therapy,ChIJk7pDKD0zK4gRSMeEx7cU0xc,,
Elleten Recovery,ChIJrwUdzKlBcVMRxCdmqr-JQjQ,,
Ellis Nicolson & Associates Inc,ChIJ0zVdxjBHK4gRmizMaOKmp6g,,
Elm Psychology Oakville,ChIJOx8mTABDK4gRthmzpnCYytM,,
Elysium Psychotherapy,ChIJb0SIejjX1IkRPkI6EAvVKls,,
Emanuel Counselling and Psychotherapy: Psychotherapy for Men,ChIJJ1mvRQNfzgIRTQRWu6FVxWk,,
"Embodied Resilience Wellness Clinic - Neurodivergence, Complex Trauma, BIPOC, Massage & Kids Therapist",ChIJu66_u1ntLogR-h_5ZzBbJag,,
Embody Counselling & Coaching Inc.,ChIJgSKvtyBUdFMRkR7mixiD5cU,,
Embrace Psychological Services Inc.,ChIJkSY6dR1fcVMRmpq0r2Yg7K4,,
Embrace Psychotherapy,ChIJMeT25FGbK4gRC_hDRhmrZpM,,
"Embrace Wellness - Pelvic Floor Health, Physiotherapy & Chiropractic",ChIJmyuFqZxfcVMR3UweMEHnMIo,,
Embrace You Wellness,ChIJ-7fJWIMJsFMR1H7hNeBTQF0,,
EMDR & Couples Therapy - Local Psychotherapy,ChIJD4xymADL1IkR0WDF1ncg5rs,,
EMDR & Couples Therapy - Rafati Counselling Services,ChIJbTIhCbkvK4gRuDrP2z_Z-qY,,
EMDR Kitchener Waterloo Psychotherapy,ChIJh3Ihku30K4gRR4dFIvkfsFk,,
EMDR Kitchener Waterloo Psychotherapy,ChIJw9jOxXr3K4gRn-X3x_Ggx60,,
"EMDR Therapy Toronto - Ayan Mukherjee - Anxiety, PTSD, Childhood Trauma",ChIJrflxSTszK4gRdyQvr7IAKJg,,
EMDR Wellness Centre,ChIJp5VTBBshWU0RlXXJH5gckdw,,
"EMDR, DBR & Couples Therapy | Your Haven Psychotherapy",ChIJIb9esLXL1IkROueOoNxbiec,,
Emerald Hills Pelvic Floor Physio & Sport Clinic Sherwood Park,ChIJO0hKtOQ9oFMRdX5beeUJ6QM,,
Emerge Psychology Inc.,ChIJFxYt_fUnoFMR8tQ1-9_n8uQ,,
Emerging Dawn Psychotherapy,ChIJtx0qC30FzkwR5v2z4vmCQkA,,
Emily Murphy Counselling Services,ChIJ1SVgQTWs0kwRnwL_cPiP0kg,,
Eminence Wellness Massage & Reflexology,ChIJdSnFsx75n1MRPRwbeiRc1yA,,
Emma Bulman Counselling,ChIJyxTo2Dh3cVMRTIuB-LUoR58,,
Emmaus Counselling Services,ChIJI98yZs7X1IkR6HTxWJ_qKhE,,
Emmaus Psychology,ChIJy70NaHB3cVMRIHcyiEg9GRM,,
Emmerling Psychology,ChIJKVe5eDsioFMRHuQjHgRlmDY,,
Emotional Healing Coaching,ChIJH7gM-M4jWU0R8LRs1vcRskw,,
Emotions Therapy Calgary,ChIJ3zWehw5jmwoRzOKo9lgjESs,,
Empire Psychotherapy,ChIJdZ7XX3ikLIgRyGbZ_20sbvQ,,
Empower Counselling Services,ChIJ0VOZaCCbLIgRRK5KRu_PVZM,,
Empowered Healing Psychotherapy and Hypnotherapy,ChIJD9XcNmtR04kRZ-gmdNcm0T8,,
Empowered Life Counselling,ChIJM0Jf25xxcVMR0r8A7NeZhVc,,
Empowered Solutions,ChIJjS3zq-0FsFMR5w9KKzL27GU,,
Empowerment Haven Counselling,ChIJxwj5_FvxLogRPhYzSR22-oE,,
Encompass Health & Wellness,ChIJB44UQ4r1K4gRoef_Zuw2i5w,,
Endeavor Mental Health,ChIJZQogoOEXoFMRsjDI5V96N6M,,
Energetic Shifts,ChIJc5WNXS-Pn1MRQ1kp9ohC4O8,,
Energy Heals with Samantha Ross,ChIJeT1x_tAXoFMRUxjRTwA4eeg,,
Energy Tap Counselling and Consultation Service,ChIJzeIHTyebLIgRtBGBeLw2-Kw,,
Enlighten Counselling Services,ChIJq3o9fuIsO4gRkOAqKegsdKo,,
Ensemble Counselling and Counsulting Services,ChIJdROqx8Sr0kwRaprlayRj9fU,,
Enso Counselling,ChIJkZLDYZifLIgRzn3Amg7pZsA,,
Enterphase Child & Family Services,ChIJm9r3ltwc1YkRBZ_kmgYMstA,,
Envision Medical Spa,ChIJJ5ukA3X5n1MRKDUvQ0RNYjU,,
Envision Mind Care,ChIJ76yRMnP1n1MROEw3e7AlKWY,,
Envision Occupational Therapy,ChIJVRgMNm9fcVMRpWPHbis0KdI,,
Envision Wellbeing - Psychological Services,ChIJM31lFMyHblMRgGU_Oe8HriY,,
EPS Family Health,ChIJlRmawSIlK4gRMjvWmehjw9k,,
Equilibrium Care Collective,ChIJ-_0igOJweQMREeAZQtaWv3E,,
Erica Ford Psychology,ChIJc09CVutBcVMRzdZNifS7pa8,,
Erika Botha Marriage Counselling,ChIJ3RHRxybtLogRiuEW-kianVo,,
Erika Botha Marriage Counselling Oakville,ChIJb6tslMhnK4gRhIHJaifw7KY,,
Erika Kennedy ~ Psychological Services,ChIJadedcAD5n1MRyypBGIp67bk,,
Erika Reid Psychotherapy & Art Therapy,ChIJjzPvQR8tO4gRWeZwqom6e7w,,
Erin Ridge Family Health Centre - Health & Beauty,ChIJM3QSJRQvoFMRnRNdq2rnnNs,,
Erin Ridge Physio,ChIJJWrSOQsvoFMRd2ERu02bHw4,,
Erin Thompson Psychotherapy,ChIJ2culu3St0kwRDllwRnWDpDU,,
"Eros Therapeutic Services, Inc.",ChIJATFZFOZVdFMRbVpWPs1BiFY,,
Eryn Azzopardi Psychotherapy,ChIJsZbK3p8tO4gRmZjJd90MUqo,,
Espanola Mental Health Centre,ChIJ6fZb94sgLk0Rmz0KnFvFQfg,,
Esposti J,ChIJFaDhFs4jWU0RUDJbkRuqXXk,,
Essence Psychological Services Inc.,ChIJDR4nA3hVdFMRdERR5O8nrL8,,
Essex Act Teams,ChIJsSuKx-IsO4gRhpm43KEtdpY,,
"Esther Mensah Counselling & Psychotherapy - London, Ontario",ChIJiYilA33zLogR8P1BxKri6js,,
ETC Anger Management Counselling Calgary,ChIJ68P89CVxcVMRvBgQ4HEoLaw,,
Ethos Psychotherapy and Assessment Centre,ChIJE7bLG4_UaasRENTA-eay2AI,,
Eudaimonia Wellness,ChIJAQBQBjBUdFMROPLkzLFay8s,,
Eugenio Counselling Services,ChIJ2bXcaJSaK4gRL0nvr3_HhC4,,
Evans Family Counselling & Psychotherapy,ChIJ5XvOKhiFLIgRMwejuH4xrDc,,
"Eve Tesluk, Registered Psychotherapist",ChIJXY7hH8KaK4gRbYeJehVsORw,,
Ever Therapy,ChIJTzucqpFxcVMRtTIKNHbazPg,,
Evera Psychotherapy Guelph,ChIJs6ioQ6WbK4gRfbifRsfCOVs,,
Evergreen Counselling Centre,ChIJowg2W7oD1YkRowUR4ztrFrw,,
Evergreen Counselling Collective,ChIJW_wHjcYd1YkR0jVxBJ-NKcs,,
Evergreen Therapeutics,ChIJ5Vj9Je6-8g4R_J8EnLjF2Z0,,
Evergreen Therapy Windsor-Essex,ChIJAQDssJAsO4gRDD_NRmanJOg,,
Evergreen Wellness Studio,ChIJR5TJUjCjKogReJgbXmNyP1g,,
Everpath Therapy,ChIJfwtnCg5hK4gR-F7H6CTcARM,,
Everwell Counselling,ChIJq48xUXmbLIgRsTF1nOnxKxs,,
Everworth Counselling Services,ChIJHdKFDh82HkMR0STnrdqRcos,,
EveryMind Mental Health Services,ChIJay1uP7M_K4gRt4qyu26boR0,,
Evolution Counselling Services,ChIJi4OLlS69KogR8smZ6mzs9ag,,
Evolution Physiotherapy Okotoks,ChIJ7wTV-wWZcVMRX7KnTMAqRNk,,
Evolution Psychology,ChIJdQRSBCsWoFMRwrkoGd8aWeA,,
Evolution Psychology,ChIJN4sjrFMnoFMRSuKjxAG5FZI,,
Evolution Psychotherapy,ChIJ5XV_iB_T1IkRsyDUYDfjVrs,,
Evolution Psychotherapy Mississauga,ChIJvQF4RqZrK4gRVtS8gm6tZdI,,
Evolve Counselling & Psychological Services,ChIJteeOaC-RkFMRo61wBKZrRIA,,
Evolve Physical Therapy,ChIJAQDQ9e2On1MRgx_N_NtpWSY,,
Evolve Psychology,ChIJ43AgmSxucVMRFEfBDJ_IkNs,,
Evolve Psychotherapy,ChIJs3AXR5UFzkwRt9J421yR5TY,,
evolve Psychotherapy and Consulting Group Inc.,ChIJBwBA6f_xLogR6hXhYQjBPjw,,
Evolve Therapy & Counselling,ChIJI_qceyCr0kwRFXFGJ2H74Oo,,
Excel Physical Therapy Ltd,ChIJLdHjdVEsE1MR45KqUfo4PbM,,
Excel Psychological Services,ChIJS9vaAP1vcVMRh7GZxqLOCvw,,
Excelsior Physiotherapy,ChIJuRtaJNEXoFMR8miDAo0nztk,,
Exhale Psychology Group,ChIJ1eegPq13cVMRcG8Q6ydvHOM,,
Exhale Therapy,ChIJFzRkpLz1K4gRmXjyUM3oQ2k,,
Exploring Minds ABA Therapy Center for Children with Autism,ChIJ5XW7kMgVK4gR9edaH_1_0Eg,,
Expressive Sandplay Counselling,ChIJO6dX-MWRkFMRWLvPWLyyBYw,,
Expressive-heart (Creative Counselling & Psychotherapy),ChIJQ0hTqs5dK4gRLbi0Llyq_5w,,
Extend-A-Family,ChIJ9RKS3q2r0kwRmD4EhP80QTw,,
Fairway Divorce Solutions - Airdrie,ChIJSyw-pg1fcVMRhCoz40JcXk0,,
Fairway Divorce Solutions - Okotoks,ChIJBdn1RPR3cVMRKXBfVzTIv70,,
Fairway Physiotherapy Clinic,ChIJ05TkL8ohWU0RstRAiYarPOQ,,
Family & Children's Services of the Waterloo Region,ChIJ22KjByP1K4gRAtFum3o5sfE,,
Family and Community Services Strathcona County,ChIJfYWCF7YXoFMRLH79lLQMV9U,,
Family Centre Downtown,ChIJ5Whk-tGHblMRpE7pk_E5TyA,,
Family Centre North,ChIJiyewXLiHblMRrp2xn3XQnRc,,
Family Centre West,ChIJw4lKDgOJblMRo8fcRLuk-9g,,
Family Christian Centre,ChIJ3wpyQlUIsFMR5DFRpHtYkIo,,
Family Counselling Centre Niagara,ChIJfb2U6nZR04kRBbux4vy9nAo,,
Family Counselling Centres - Beaumont,ChIJz_zfUdUcoFMRn8Rsq66_fpI,,
Family Counselling Centres - Edmonton,ChIJOZpeMi0foFMRijsRq2h3epg,,
Family Counselling Centres - Leduc,ChIJwduHz6b5n1MRHfRmJRpljP8,,
Family Education Society,ChIJZ6PxL0yRkFMRdBttpZhCOjY,,
Family First Chiropractic & Wellness,ChIJHTeWhXdWdFMRvtDbu_vdHIA,,
Family First Counselling,ChIJ213WlFq9KogRmiXtHWqxunU,,
Family First Play Therapy Centre,ChIJ4foc5IPFKogRzM9U7GLjRes,,
Family First Play Therapy Centre,ChIJ1fSMepmfLIgRlUz-RdqL7IU,,
Family Flourish Therapy,ChIJNZVScffL1IkR4m_GVtI5IKI,,
Family Focused Rehabilitation & Wellness,ChIJrUiM3htDK4gRQVv2q41jxlI,,
Family Footcare & Reflexology,ChIJKTLOdn2Rn1MR5NLd4owdk-g,,
Family Inspired Psychological Services,ChIJcaRNNCRUdFMR_uEaeZ0ius0,,
"Family Integration Services, Canada",ChIJq6q2VAoWK4gRc3Dvkd2ITJI,,
Family Kinnections,ChIJl1q8lwwFzkwREbvWkjPPF-c,,
Family Life Massage,ChIJfwTlpiKPn1MR1NBCoot-Zqk,,
Family Life Psychology,ChIJs6y78O2On1MRvKaIoZMSY8I,,
Family Life Psychology & Wellness,ChIJDQ4bEYSPn1MR-OBnHQabkiQ,,
Family Matters Centre Inc.,ChIJq6oadAlhK4gRauOjhmVK7qo,,
Family Matters Counselling & Assessment,ChIJ__FdmShR04kRIPc70DxX6Gc,,
FAMILY MATTERS Interventions,ChIJAQBwe6stE1MR9N9__bkKOvI,,
Family Matters Plus | Psychotherapy & Counselling,ChIJve1QvDO9KogRDS-ajxPZTWM,,
Family Physiotherapy & Sports Rehab Centre,ChIJuT6BKp31K4gR9LkTLKahckE,,
Family Physiotherapy - Markham,ChIJU8KyB1rT1IkRbF8Qq0mtVgg,,
Family Physiotherapy Centre of London,ChIJq6rq9DfyLogRZAqqkRAT9No,,
Family Psychology Centre,ChIJwSupO58zK4gRWpcqkO8nYvM,,
Family Service Thames Valley,ChIJgbpRcebxLogR7gn-xIyqrgI,,
Family Service Toronto,ChIJVfdr5ErL1IkRMdBvx25WGlI,,
Family Services Durham,ChIJcd_L3GIe1YkR27UlK8v0a5E,,
Family Services Of Central Alberta,ChIJS9T6TzBUdFMR4fqim7OkrW4,,
Family Services of Peel,ChIJG-jQOilHK4gRaAWAmpAacjY,,
Family Services of York Region,ChIJG0ZmvIwqK4gR2KByuWyDWXI,,
Family Services Ottawa,ChIJobvvBT4EzkwRCOZ13NfYNDc,,
Family Services Windsor-Essex,ChIJy8qVGoosO4gRTsH59w3w0F4,,
Family Services | The Church of Jesus Christ of Latter-day Saints,ChIJq5j9JWGGblMRXMXhwHeQ1M8,,
Family Solutions Group,ChIJDdUko8gfoFMRyJHxhxOEHEc,,
Family Therapeutic Wellness Inc.,ChIJG75BLRwtK4gRlL8qdDv2Qo4,,
Family Therapy Toronto,ChIJr8m84ow0K4gRgNIYE6iaPAs,,
Family Ties (1997) Association,ChIJdRhej8eHblMR49C0ZiMKm8w,,
Family TLC,ChIJGROthi6jKogRT93nXPBw3Aw,,
Family TLC,ChIJ9SmnrQ-pKk0RheSuZwMYsFs,,
Family TLC,ChIJZ-BSmu7TKogR4utBSUv68iw,,
Family-School Wellness Program,ChIJ--fxSaFWdFMRo0sxMyDnces,,
Family-Therapy™,ChIJM9PKJPj_0UwRzbXjDsKPc68,,
Fancy Therapy Services,ChIJiaFnKfyJK4gRIWnKuszo0NE,,
Fanti & Associates Physiotherapists,ChIJ1ykgc4chWU0Rw5uqVPUvSec,,
Farah Family Solutions,ChIJAQBQYtcwK4gRcfjnknzfdvk,,
Farmer & Associates Sudbury Therapists,ChIJRQL6gjKnL00Ra88dU3qWSug,,
Faro Counselling - Oakville Psychotherapist,ChIJaaKgVVpdK4gRkAmQcqiVNVE,,
Farzaneh Yazdani (PhD. MA. RP.) Heal To Thrive Psychotherapy And Counseling Center,ChIJe7yGxoEpK4gRlrj7J5oXrS4,,
Fatma Adam Counselling Services,ChIJgVccChk_K4gR-gRlzwFvP8I,,
Faye Peterson House,ChIJq6r69zQiWU0RYX4GaU-GMNc,,
Feel and Flow Therapy,ChIJHcvU8G81K4gRyUnHwSvpFXw,,
Feel Your Way Therapy,ChIJpfj073Q1K4gRSf_xtG_1gMI,,
Fellows John,ChIJEeQ9tYcsO4gRq0P1FXhNBFQ,,
Felt Feelings Counselling,ChIJbbRJm2v0K4gRgyJuzHLI-vY,,
Felt Sense Psychotherapy,ChIJN5ITcfD_zUwRZlDAPQXZzD0,,
Fen Psychotherapy & Counselling,ChIJqfx2K-vR1IkRnZYZ0YY-zXE,,
Field Trip Health | Hamilton | Ketamine Therapy,ChIJn0jLblybLIgRD4FVvWx9Gg8,,
Field Trip Health | Kitchener Waterloo | Ketamine Therapy,ChIJG0L1bPDzK4gRVzMcEXQOKUc,,
Field Trip Health | Ottawa | Ketamine Therapy,ChIJcbMrUvEFzkwRyylv7elr8Qc,,
Field Trip Health | Thunder Bay | Ketamine Therapy,ChIJPVKuPDgjWU0RWXwe_hLgPSg,,
Fields & Flour Therapy,ChIJq6o6932bLIgRLND8LVR49Is,,
Fill Your Cup Counselling & Leanna Santangelo Counselling,ChIJT874me6HblMRAVnpH_15hPw,,
Find Peace Now,ChIJefNQTxsnoFMRh0tS4zsBDxA,,
Find Wellness Pathways Counselling Serivces,ChIJ-a_AwibV1IkR6tlQJ2FBKm0,,
Finding Peace Counselling & Psychotherapy,ChIJ-ROhghufLIgR_VXWC06M26g,,
Finding Solutions Together,ChIJT7_LsVYd1YkRZmfeaOairxI,,
Findlay Grief Therapy,ChIJH8fxwmw_cVMRv_4JMMaLFhU,,
Firefly Counselling,ChIJJSu1ZTT1K4gRVlSlhN-1zrQ,,
Firefly Counselling and Consulting - Sherwood Park,ChIJ7SwWdGsXoFMRB2taXXZpJt0,,
Fireside Psychotherapy,ChIJ_Uowx2YFzkwRqCDjwsJ6hcY,,
Firestone CBT Clinic,ChIJ4b-K4TUFzkwRpFAj-NNx7A4,,
First Place Clinic and Regional Resource Centre,ChIJ94AytzIiWU0R5W8_l9gK9DY,,
First Response Mental Health,ChIJe1aVHnUhWU0Rg3HhhY5B_Mc,,
First Step Men's Therapy,ChIJU1SPtowKioIR_u9eqyzrzGg,,
First Step Men's Therapy,ChIJfYCqWbsFzkwRKQLPbhqklKQ,,
First Step Men's Therapy,ChIJ8TFWyNAd1YkRM9u9zKBX9os,,
First Step Men’s Therapy,ChIJkzr_pWibLIgRKsE5I9wv-J4,,
First Step Men’s Therapy,ChIJI_rkpacrK4gReJ_PnPqtXZ0,,
First Step Men’s Therapy,ChIJGepIDrFdK4gRmnaEHfHF4No,,
Fischer Humanistics Inc.,ChIJYRwMTlgsE1MRrIhti69OJno,,
Fischer Psychological,ChIJZSY-mF8XoFMR7r8920uhHgk,,
Fit for Life Wellness & Rehabilitation Centre,ChIJfxGvLB0mK4gR6sNfq9PLeHA,,
Fitch & Associates,ChIJ6aG5ESFUdFMRzk6Tpk7tq1Y,,
Five Star Relationships,ChIJ6cbu6QiaK4gRjPi81H4V0-A,,
Fleurish Psychotherapy & Wellness,ChIJXf2Jm6aDK4gRFA8cM2nURfY,,
Flex Physio & Wellness,ChIJbx9shyCRkFMRpQInhMa_HrU,,
FLEX Psychology,ChIJB4wS5zksK4gR0znZRTNbHCQ,,
FLIP Psychology,ChIJt2NCC2oZoFMRgSp-mVV4b-Q,,
Float Wellness & Massage,ChIJmx7zzyUWoFMRxOEopCUlHxI,,
Flourish Clinic,ChIJIUMrgxM_cVMR4sVyWtii-og,,
Flourish Counselling & Creativity,ChIJT7MsOXNR04kR0v2AKD3qbzs,,
Flourish Counselling Services,ChIJlUJntSMtE1MRI6-P1xxhj2Q,,
Flourish Play Therapy And Counselling,ChIJM31lFMyHblMRF9IQeX8A5rc,,
Flourish Psychological Services,ChIJXZjJqkt3cVMRNjjp_2jc7l0,,
FLOURISH PSYCHOLOGY YMM,ChIJa-1oMVgPsFMRaIxnGG_odG8,,
Flourish Therapy Collective,ChIJs0iKDisXoFMRe8bbBcb2Yv4,,
Flourish Therapy Practices,ChIJsanQq0mbLIgRqSESMcmZsss,,
Flourishing Minds,ChIJAYrPNtqRkFMRwDW3c0c9TD8,,
Flow Again Physiotherapy - Red Deer,ChIJpWvzKCVXdFMRQFJZyfZ49cE,,
FlowState Therapy | Ketamine Therapy Ottawa,ChIJGzUB_rcFzkwRoP8cQasU60E,,
Flutterby Psychology - Okotoks,ChIJ1XOxEmWXcVMRFZub6gQ9mYE,,
Fluxo Psychotherapy,ChIJ-3h8wckFzkwRS072WWMD14o,,
Focus Counselling Calgary,ChIJcxNUQHdlcVMRw5oUBc_2Wu0,,
Focus Forward Health,ChIJoxfq9db_zUwRlsZg_QOcqck,,
Focus Forward Health,ChIJXVx5OKr5zUwReyz9h3UrRVk,,
Focus on Change Psychotherapy and Counselling,ChIJ77kOhkYFzkwREUy2J3xQn4o,,
Foothills Family Counselling,ChIJtRYpdnqXcVMRMwsmjBz-QGo,,
Foothills Integrative - Psychotherapy and Neurotherapy,ChIJZzgOxRlwcVMRjEYExr6mUq0,,
Foothills Wellness Clinic,ChIJD6D3h5mZcVMRUCRHzWJGCmM,,
Footprints in the Sand Counselling,ChIJ3QYwjmQHSksRzBV7OR0PPNk,,
Fora Physiotherapy,ChIJ9cPy2M47eEURtDhKfuj8z3o,,
Forest Therapy Trail,ChIJV1IWONnX1IkRCWEjQQY0rgY,,
Forge Psychology,ChIJ61nFgXMioFMRSEC6V6vsVS8,,
Fort McMurray Recovery Centre,ChIJz9GyLmUGsFMRp0zCNB_Y_KE,,
Fort McMurray Stress & Trauma Therapy,ChIJJVllBoEJsFMRMxMQyjgc6FQ,,
Fort McMurray TRT Therapy,ChIJ2TyI8uwPsFMRaSOQBpdXHiM,,
Forward Health & Vitality,ChIJ8dhrimWabWkRPy36gG03D0w,,
Forward Momentum Life Services,ChIJBfjw-KGZcVMRToysHWaXa1o,,
FORWARD Psychology & Wellness,ChIJ2WL29dwjoFMRnhV36cw44jo,,
Foundations Family Psychology,ChIJtRYpdnqXcVMRsb86ffYYtkY,,
Foundations for Emotional Wellness,ChIJwZp3VmvM1IkRTMgQOHkPrno,,
Four Seasons Counselling,ChIJj1uMkXsvK4gRZZOffBeMl4g,,
FP Counselling,ChIJn8aWl01lcVMR7vPDBPh3vKc,,
Frances Miller,ChIJpWDLpJFcK4gRELUo3vcXbXE,,
Francis J Counselling Svc,ChIJRdaUA02RkFMRIZKw2r4dEUY,,
Freedom Counselling Centre,ChIJ--sKGmAsO4gRx7cgBadoC7Q,,
Freedom Psychological Consulting,ChIJQYJ5-xi8UWARoXJhOetwWn0,,
Fresh Beginnings for Couples,ChIJteo6fI30K4gRe90IxbdvkKU,,
Fresh Hope Counselling Ltd. South,ChIJx3gwH6kZoFMRA9PuIRwkeMc,,
Fresh Insight,ChIJNVZ0eczX1IkRUJju15l806Q,,
Fresh Solutions Therapy,ChIJR4I93SJDK4gRjRNLKD8BnB0,,
"Fresh Start Counseling, PLLC",ChIJG3k_Bq6PToYRXbrBkIzoTxk,,
Fresh Start Recovery - Lethbridge Facility Co-ed,ChIJzUDePMyHblMRbXcmbuZOe84,,
Fritzke Counselling & Psychological Services,ChIJoUPD1EiRkFMRp_R8lnqGBh8,,
Froese Psychological Services,ChIJ32aLMCJVdFMRzsoQdpR7Ozs,,
From Play To Words,ChIJx1oqPmqPn1MRjD9dF663xIA,,
Front Porch Counselling,ChIJPaojdtKBblMR8pbZC_GA9yA,,
Frontenac Youth Services,ChIJWyA1Ry0c1YkRE23sQEGbumY,,
Frontline Psychology,ChIJA3G7TMoloFMROhPJuHSx09Q,,
Frontline Wellness and Therapy,ChIJ_YFD6Nze9qgRY5vwgQJe3j0,,
Full Circle Counselling & Therapy Services,ChIJEQz6v_zzLogRTkB5gjbBsQY,,
Full Circle Health Network,ChIJYdFuyP-q0kwRQ5GIarOX1o0,,
Full Circle Women's Clinic,ChIJvQpo4NkloFMRa_BrdBLV8fg,,
Full Function Rehab & Wellness,ChIJD6jN2XsvK4gR4OPWPqYrhxI,,
"Full Potential Therapy - Therapy for Trauma, Anxiety, and Depression in Toronto's East End",ChIJSbskrczN1IkRJA7SWkKDc8Q,,
Function and Fulfillment Psychotherapy,ChIJd3fTbi4d1YkRRXxLVGdjgVQ,,
Function First Pediatrics,ChIJd2KBVjTm3kMRQJmn95JdsaU,,
FUNctional Therapy Inc.,ChIJcaBC7ImOn1MROWK98HOoZ-I,,
Fundamentals Physiotherapy & Wellness Clinic,ChIJmTFZdIYb1YkRmqcu3hJbdGk,,
FVB Psychologists,ChIJDz3MsP1GK4gRrivTlJCf2EY,,
FVB Psychologists,ChIJmVhiAMI9K4gRoZPjxXlbsEs,,
Fèath & Elemi- Massage and Wellness Clinic,ChIJU9iSfZUtE1MRLtSbgWGFcsc,,
Garden City Psychology,ChIJI4ecTehR04kRs6hygZBhwsU,,
Gary Chernecki Marriage And Family Therapist,ChIJDxLWy_KZcVMR33jsVm6LvBY,,
"Gary Gerber, M. Div., RSW, CSAT",ChIJbdKB--lvcVMRxf-bUvCxKdg,,
Gary L Brooks BSW MSW RSW,ChIJs2587swc1YkRLMGfN21PME8,,
Gateway Psychology,ChIJqXRCxEkXoFMRFmWps80mqbQ,,
GATEWAY THERAPY COUNSELLING CENTRE,ChIJJTn-6Nm7ClMRDBzV6cRii70,,
Gattoni Psychotherapy,ChIJr1AMMWVVLk0R73V3N0KKY_k,,
Gauthier Therapy Services,ChIJ9SgFVGat0kwRd0figATgn1s,,
Gembora Louisa B DR,ChIJTVbC6wubLIgRsUxkj4njIEc,,
Gemini Center,ChIJAdstAjS6ClMRwLMjXS0tOC8,,
Genesee Counselling,ChIJg81SvSq9KogR7Ewf30bS4gE,,
Genesis Counselling Services,ChIJtzfiYUDVOogRnO7UhVLmgXA,,
"Genovese Trauma & PTSD Recovery - EMDR, CBT and Stress Treatment in Edmonton",ChIJc_QwSr8hoFMRHnY94F5RuLM,,
Georgetown Counselling Centre & Health Care Partners,ChIJzfV3kLESK4gRKFLaptgYtyc,,
Get Supportive Counselling,ChIJY2dEGQybLIgRyz88AmXUqgM,,
Gibson & Associates,ChIJ_WG79grzLogR9BfSI0fm5sA,,
Gibson Rhonda Dr,ChIJzQeF5nUmoFMRzq4jalcVJL0,,
Gillian Strange-Dell - Registered Psychotherapist,ChIJtZeJDXQD1YkRQU_xKzM7daA,,
Gilmour Psychological Services,ChIJZ6_Lm60FzkwRRJiRCv2K9qg,,
GJ Counselling,ChIJyV2-FkibK4gRzC5ZVx3XN0U,,
GK Therapy,ChIJcbJNU7lDK4gR1S2YRe9EDrA,,
Glaser Psychological Services,ChIJ18lp7DnW1IkRY3F3dZG2puM,,
Glebe Psychotherapy,ChIJZ1nmIJ8FzkwR414cY5NHrT0,,
Glenora Registered Psychologists,ChIJMZhWPisioFMR0E_t1bBLD1c,,
Global Physiotherapy (Sherwood Park),ChIJwaeLzyUWoFMRht2-cjcBhf4,,
Glow Mental Health - Kitchener,ChIJGcNMO-Qsh4ERBgn4QsqUsMw,,
Glow Mental Health - Kitchener,ChIJWWXWe2fzK4gRzI9x5Ed5j6E,,
GMG Therapy,ChIJITsTSABnK4gRJWgZ8gjmV8A,,
Go Within Psychotherapy and Hypnotherapy,ChIJ_xnEzBOSr0AR1Nrmm4RXp-c,,
Godard Greg Psychologist,ChIJeQXYxVAsE1MRV3_134NvmEs,,
Godlycounsel Mental Wellness Clinic,ChIJudPFZ-E1K4gRL44ysb8NOig,,
Gold Pro Massage & Wellness Studio,ChIJueK9DPAXoFMRgMa_1KaUuSs,,
Golden Horizons Therapy Collective,ChIJbVarvUabK4gRNGpOvwZdtdw,,
Golden Sun Wellness & Counselling,ChIJM4-iTtrVOogRCAtSHRMjeRk,,
Good Days - Therapy & Training Centre,ChIJd50nEOA1K4gRe4MLSC797OY,,
Grace Cirocco,ChIJC_Fn3VJQ04kRDfxSzZuK97E,,
Grace North Psychotherapy,ChIJ7a7o47ajKogRGPd0aMb2XSE,,
Graceway Wellness Psychotherapy & Counselling,ChIJ7YigT_FhK4gR7TdpV-0Awpo,,
Graeme Ford Counselling,ChIJKyvixIjFcFMRl__LqHnnTGo,,
"Graham Summerhayes, Relationship Counselling and Psychotherapy",ChIJRQqh2i8v1YkRSUOnRzFu2Pw,,
Grande Prairie Alberta Supports Centre,ChIJdyIxSkqRkFMRZcs5pCSVmOg,,
Grande Prairie Counseling,ChIJ54yc2leRkFMRXeyi_OHAaQ0,,
Grande Prairie Physiotherapy & Massage,ChIJDUK8Kq2WkFMRCh8tvTyuw_k,,
Grande Prairie Primary Care Network,ChIJKapBF0qRkFMRUVRxBW6j5xQ,,
Grande Prairie Therapeutic Massage Ltd.,ChIJ8zdZRUmRkFMRFU34HjZY9Uw,,
"Grandi & Associates, Psychological and Psychotherapeutic Services",ChIJJX32hrdscIsRGDqTxAAqxg8,,
Gray Matter Health,ChIJpaqt2voXK4gRvzKlX2EPmNE,,
Great North Therapy Services Inc,ChIJGbwNKlJxcVMRlJdOfe14O8Y,,
Greater House Counseling,ChIJqZTtOouNVoYR6uvr2mxz0Q4,,
Green Base Health,ChIJLb-8lPT0K4gRjiOjaWnqIFw,,
Green Door Psychology & Assessment,ChIJuYxDgNabK4gRcRTp8ZEFPVM,,
Green Life Counseling,ChIJJZuPw-7VKogR92BtNrd4vfc,,
Green Tree Wellness Centres,ChIJ7xJ23OQsE1MRbuxva2AaN9E,,
"GREENAWAY, THEIS & ASSOCIATES",ChIJs0488jcAWkARQ8biLKs1NXc,,
Greenberg Psychological Services,ChIJjRqgMdNRdFMRtlYUvakrO8w,,
Greenspan Psychology,ChIJtXAfQA8joFMRf7Ahnz_YQH4,,
GreenValley Counselling Services,ChIJc1FwrNVlLIgRJtBqiQRlI9I,,
GreenValley Counselling Services,ChIJZdREbux3LIgRuVMiSnSyKY8,,
GreenValley Counselling Services,ChIJocj05UxhK4gRxeZUON6V4vA,,
Greenwich Counselling Services,ChIJg8K-C5uPn1MRe3_rbUU6sxI,,
Greenwood Psychology,ChIJT0IwzLMjoFMRhgjJtyIJzeo,,
Grenier Place Wellness Centre,ChIJN8o38dUloFMRGhaGywjTESk,,
Grit Psychology & Counselling Airdrie,ChIJbbXNZgZfcVMRkyXdPOtPziw,,
Grit Psychology & Counselling Calgary,ChIJZ9z5LwRvcVMRGZtVQAsH164,,
Grit Psychology & Counselling Calgary South,ChIJeXViU093cVMRfti7OVIY1qU,,
Grit Psychology & Counselling Red Deer [Anxiety][Depression][Relationship][Psychologist],ChIJj3ROU_ZVdFMRCq2ewT7l-Bw,,
Ground and Flow Psychotherapy and Wellness,ChIJi9tmugZhK4gRx00bgQmdh-g,,
Grounded Healing Counselling,ChIJwYUHZoD1K4gRBEjv8gPzjcc,,
Grounded Psychology,ChIJfdttIxEPzkwRbF_okHYc7oE,,
Grounded Psychology,ChIJZ9BUgWPWK64R3KzqRlEVG58,,
Grounded Somatics & Psychotherapy with Christi-an Slomka,ChIJadQ0onH1K4gRkoNyW-XGhjw,,
Grounded Wellness Massage Therapy,ChIJIXxgujOPn1MRhPvNQ5qqLag,,
Grounding Balance Wellness and Psychotherapy,ChIJrypKECBR04kRGRJ-tmVVR0s,,
Growth Psychotherapy,ChIJ10I15giBvU0RkfYeSuXL1BI,,
GRS Psychological Services,ChIJ57g8zY31K4gRvAj9nA0wTM8,,
Guelph CBT,ChIJ4dknwOubK4gRX4v-vAppZq8,,
Guelph Community Health Centre,ChIJR9jAxmiaK4gRQnzOh8xBZEA,,
Guelph Counselling and Holistic Healing Centre,ChIJ8_lBlNSbK4gRLVAQA15JV3g,,
Guelph Family Health Team,ChIJfVrC4OmaK4gRgI51d-GUiGI,,
Guelph Psychology Centre,ChIJfTiiIuqaK4gRNclK2TrWAHo,,
Guelph Psychotherapy,ChIJAQCkaZSaK4gRQrX3LjOm6yU,,
Guiding You Counselling and Psychotherapy,ChIJj5F-GDZhK4gRUxPs23_DuPE,,
Gwynneth Moore Massage Therapist,ChIJK2Bb8Y27ClMRetklI0dMa9c,,
HA Counselling Services,ChIJv5hBIFtHK4gRBh2l2sBOi9w,,
Habenly Massage Therapy,ChIJWRn8rUOzCVMRe3mwUz3krgA,,
Halton Centre for Cognitive Therapy,ChIJURSaPBcDWkARb3L2B1YvuDs,,
Halton Psychotherapy,ChIJ-yNmOIZhK4gRSLBVLTyOXVY,,
Hamilton Centre for Cognitive Behavioural Therapy,ChIJUzfKcHibLIgRLJoZuFvoby4,,
Hamilton Community Mental Health,ChIJ82r8s5GbLIgRSCr37Abygn4,,
Hamilton Counselling Centre for Men (Formerly Gumbinger Psychotherapy),ChIJJ3qpvT-FLIgRrQ0Rqu7SAMs,,
Hamilton Family Health Team,ChIJoxesfpYkWkARXrEVCHdJ1is,,
Hamilton Psych-Ed & ADHD Clinic,ChIJtybjDNKZLIgRTwi2VeHjq44,,
Hamilton Psychological Services,ChIJSaJg5k-bLIgRmyzwya59ltU,,
Hamilton Therapy Collective,ChIJ92FTdRqbLIgRuJ6z6sPe-Is,,
Hamilton Trauma Therapy Centre,ChIJiWL6bk-ZLIgR-wMBtYbREEg,,
Hamilton Trauma Therapy Centre,ChIJATWd17WFLIgRk6qq5ygVLuI,,
Hammer Psychotherapy,ChIJ5caMJJY0K4gRFElfnREexzs,,
Hammermaster Colleen Dr Registered Psychologist,ChIJrSx1cxwioFMRwt9JDpZZh4Y,,
Hammond Psychotherapy & Counselling Kingston,ChIJmU7-SmSt0kwRwoIxIWUq3A4,,
Hand & Upper Limb Clinic,ChIJW6iknsojWU0RrkQoAfATXco,,
Hands on Wellness,ChIJKTUjRESzCVMRfOjGiIw3Rpc,,
Hanit Therapy,ChIJ33PmikjK7m4Ru1DV3X8SlF4,,
Happy Again Counselling,ChIJfxz4vMeWk0UR4ZHiZbduomY,,
Happy Hour Psychology,ChIJF89NBnwhoFMRu2en4_MHfU4,,
Happy Minds Psychology,ChIJb1H3XbFhK4gRKpdO7FapIGI,,
Happy Tree Counselling and Diagnosis,ChIJnf1690iTXSMRJ6ChU27Mh_s,,
Harbour Centre Psychological Services,ChIJy74wN3FGK4gRgvRZNWOggR4,,
Hard Feelings Mental Health,ChIJMUL_SvU0K4gRFwnT41Wvq08,,
Haring Counselling Services,ChIJB3RBNDBUdFMRolfFbqokqMg,,
Harland Counselling Lloydminster,ChIJvZoA252zCVMRSYV9YytUSKY,,
Harmonic Haven,ChIJv_4TjdOzCVMR28luoQ7IbJ0,,
Harmonize Counselling,ChIJHdoovexBcVMRF_QsfbNr_kM,,
Harmony Counselling,ChIJvbThcXxBK4gRiGv94NcecQ0,,
Harmony Counselling,ChIJd2m_4JBdK4gRAdar0sq7v64,,
Harmony Counselling,ChIJMRWYk-9dK4gRYly4DW0iCj8,,
Harmony Counsellings,ChIJyQvo7N3e1IkRThMOigBsYYw,,
Harmony Embodied Counselling,ChIJB2AHy4UnoFMRV0EkLdIdSu0,,
Harmony Health,ChIJoUkJIet3EWwRS2uGsPp1kgE,,
Harmony Health Integrative Centre,ChIJk2yXZzSYcVMRcTq01zLcJNk,,
Harmony Philosophy Counseling Services,ChIJySrUXcVVLk0RhDFzcCVUDbU,,
Harmony Tree Therapy,ChIJR_2ZxbdR04kRd4TOBE51aaQ,,
Harper Psychology,ChIJK88w-mtfcVMRqWHDFgazCVI,,
"Harrison S. Mungal, MSW, PhD, PsyD, RSW",ChIJZ6nIwJcVK4gRYXhdGA57D-Y,,
Hart to Heart Psychotherapy,ChIJY9NhyD6rL00RneviKhzj_d4,,
Hartley Psychotherapy - Toronto Psychotherapist,ChIJlTA7L_I1K4gR5i5we0ZiBDg,,
Hatch Counselling,ChIJfVG-ofxvcVMRquag9qQ-JKo,,
Hatch-Me Therapy & Counselling Services,ChIJZXevdbbL1IkRyFYWC5Skn80,,
Hatch-Me Therapy & Counselling Services,ChIJ2xNVd3UzK4gR9XqV_zPbYjI,,
Hatch-Me Therapy & Counselling Services,ChIJz0gNbHA5K4gRBT7_7qNZR70,,
Hatch-Me Therapy & Counselling Services,ChIJtSjb-Lk9K4gRDVo2fVhPasU,,
Hatch-Me Therapy & Counselling Services,ChIJq9KoxytdK4gRXuZzktZNlKc,,
Hatch-Me Therapy & Counselling Services,ChIJVfNI-7RvK4gRS3inPqspk4o,,
Haven Clinical Counselling,ChIJWYi18tAjoFMRYbAss-zz9HU,,
Haven Psychological Services,ChIJQ2arUnLtLogRbHlD1dK-DsA,,
Haven to Heal Counselling Services,ChIJVVWlTNQXK4gR1EZPPaswXPE,,
"Haven Wellness by Design | Dr. Bev Walpole, C. Psych",ChIJCaR2H5ObK4gRBlHRuc0LVSM,,
"Havening KW, Counselling Services",ChIJTU4gDkS9lGsRF-iWxF5bC_I,,
Head Family Counseling,ChIJA5pxTXiH6lIRdx6g8nVsfcQ,,
Head to Heart Psychotherapy,ChIJaclEORY3K4gR0zF8yfZNQVs,,
Headley & Co Mental Headley,ChIJHZigKTwhWU0RLvj7lu4FmxE,,
HeadWay Clinic,ChIJo8R8LiyrL00RQQchSueScU8,,
Headway Mental Health,ChIJNzSmz87L1IkRTHrqZItJwTY,,
HEAL Psychology,ChIJDQpBTbhfcVMRe9An0g359e4,,
Heal Well Therapy,ChIJu2zSNaQ1K4gR95UYpDts3kI,,
Heal360 Physio and Rehab | Massage | Physiotherapy | Motor Vehicle Accident Rehab | Workplace Injury Rehab,ChIJK72SK1AVK4gRS5ZFY9_hiWc,,
Healers Physiotherapy,ChIJ_W5XdtJfcVMR5T_50gRyG38,,
Healing at Home Counselling and Wellness Services,ChIJJZb3DbbxLogRAR5RjWH7gO4,,
Healing Change,ChIJwcU6s0DEcFMRGCbKON_Nj_0,,
Healing Connections - Counselling Services / James Lieske,ChIJx9p7L1gsE1MRqLs3CmMJnAg,,
Healing Family Matters Counselling,ChIJQ_pBp5hHoFMRd9P6IAr9pnI,,
Healing Foundations Naturopathic Clinic,ChIJxdDsWMGaK4gRaUXEey3xmNk,,
Healing Habits Psychotherapy Inc.,ChIJmTbXIAVBcVMRESQ2RQLkNkw,,
Healing Hands Oasis,ChIJOWr8bFAsE1MRDtCZryNQRAk,,
Healing Hands Therapy,ChIJaQs_10mRkFMR2CMyQQ7azHU,,
Healing Hands Wellness,ChIJ8eCSwi-YcVMRYCmzavz4Qvw,,
Healing Hearts Counselling,ChIJSyAEbE4qK4gRWzC2-TRl3A0,,
Healing Hearts Play Therapy | Guerison du Coeur,ChIJV9GdEOGrL00RDjsAhSwgEhM,,
Healing Hearts Psychology,ChIJVRoSagAloFMR2t-Qkj2_Pe0,,
Healing Journey Wellness Centre,ChIJ2bOW1BKRn1MRkBAe7cw6TZo,,
Healing Matters Psychotherapy and Wellness,ChIJV65TeE2bLIgRAdUO29zUHsk,,
Healing Minds Mental Health and Wellness Centre,ChIJq6qardfW1IkRM9Ha61uGz2w,,
Healing Nook,ChIJfSETCicyc0cRor7hGfYmLAQ,,
Healing Pathways Counselling,ChIJw401_4RdK4gRz9mE-l6vfv0,,
Healing Pathways Counselling,ChIJaQl0W2ZdK4gR5IGxhJluatc,,
Healing Pathways EMDR Counselling,ChIJJeQ-ZsFiblMR6wP1QUP5TEE,,
Healing Place Rehab Centre & Wellness Spa,ChIJybQDeq3V1IkRmd3OK1DDymg,,
Healing Point Massage Therapy,ChIJK--2FLcnoFMRAWuVW9AezQ4,,
Healing Roots Ecotherapy,ChIJEy4Z9FqKaKMRqcoLWpaQI-4,,
Healing Roots Therapy,ChIJNQke3TBHK4gRIdCEOJ1_220,,
Healing Through Play,ChIJOZJFNBIVK4gRN_AzzsPPSQQ,,
HEALING VOICES PSYCHOTHERAPY,ChIJN2dNU76iKogRagsLMArzUI0,,
Healing with Love,ChIJwaV35dKjLIgRRbDI-UCAFAA,,
Health & Happiness: Counselling and Wellness,ChIJkwR5SYsvK4gRB-FoocS-BPY,,
Health and Wellness Counselling and Psychotherapy,ChIJffGWUVMlK4gRk2k_QvN6pxU,,
Healthology Consulting,ChIJVVUxb5GyCVMRoUONaroPNv8,,
HealthOne Harbourfront Wellness & Mental Health,ChIJ7zOxdDvL1IkRQNM-fapIi1s,,
HealthOne Mental Health The Well,ChIJ4fU3NW81K4gR0jDHW8Ffgns,,
Healthspring Wellness,ChIJd5rXKYwloFMRFETxwlOG9ws,,
"HealthTweak Physiotherapy, Chiropractic & Massage",ChIJ6x7Hyy5VLk0RTAybyjUPzH4,,
Healthy Families Wellness Centre,ChIJ3zRkH8ESCUERmo8g3Gtb8SI,,
Healthy Foundations Counselling,ChIJB7PvQ-EhWU0Rd-63ho4y5Cc,,
Healthy Future Divorce,ChIJ70mx27UmCgcRWtignOSR90k,,
Healthy Living Centre,ChIJl7siftS7ClMRCbMVREKxNcM,,
Healthy Minds Collective,ChIJX3VGiCRvcVMR_i3xJVfGv_U,,
Healthy Minds Psychotherapy,ChIJB9FJGnc1K4gR54fgLX6326Y,,
"Hear to Heal | Trauma & PTSD Therapy for Adults, First Responders, Survivors",ChIJyWDVC-c3K4gRa7wLo7gL7DA,,
Heart & Mind Therapy,ChIJb3VpeKL1K4gROcv8aP-pm3s,,
Heart of Healing Inc.,ChIJTzhXe1CZcVMRjh1IpIcLZbU,,
Heart Talk Therapy,ChIJa1Cj-16jKogRIj8-oYbVitU,,
Heart Works Counselling Services,ChIJOTz88mGZcVMRc9XDqVnaXyA,,
Heartisan Counselling and Psychotherapy,ChIJOxbVjewloFMR4TzRjh02Ii8,,
Heartland Psychology,ChIJ9QBAGZJHoFMRncQ5q2qa-aI,,
"Heartsbloom: Somatic Therapy Toronto, Trauma Therapy EMDR, Danforth Ave.",ChIJXUD_KzXN1IkRSJ33dNIYcmQ,,
Heather Hallam-Helbich Dr,ChIJl5iR5V8sO4gRIA3aQcvmVoE,,
Hedebring Psychological Services,ChIJE6DsnkgloFMRjKICpNidkhI,,
Hedefa Psychology Clinic,ChIJJZiihoc1K4gRLtE7s-10KpI,,
Heidi Spiar,ChIJdyVMQjnW1IkRV0wb3M7ya-s,,
Help for Families Canada,ChIJNw7P8xEZoFMRzPajIOefnKY,,
Helping Marriages,ChIJfd2t4ZCyCVMRkc_p8EjTqBk,,
Henka Divorce Law & Mediation,ChIJGYD91dGzCVMR-a0yKFi0uKo,,
Here and Now Therapy,ChIJhXlE73sXK4gR59Dh72NXRtw,,
Heritage Family Services,ChIJfeiG_iVUdFMRk3wDfxlsAXA,,
"Herman Chow, D.Min. RP, RMFT, Certified EFT Therapist and Supervisor",ChIJY2B-S8HU1IkRmgAKH2d1L0g,,
Hexagon Psychology,ChIJ2e5FdrpfcVMRwvWV3ukCM7E,,
Heyday Therapy Inc.,ChIJpWbOhDNo7gARRnxrizjIlQg,,
High Calling Family Care Centre,ChIJ3cwY_VVVdFMRKMGCwsejXFo,,
High Country Recovery Counseling,ChIJF7MaGvKOn1MRu8clB92R-4U,,
Higher Ground Counselling,ChIJfUTh8PFvcVMR7SphR9Yrrws,,
Higher Ground Counselling,ChIJvVR-c-OHblMRKI3AShRmyM8,,
Higher Health Acupuncture & Massage Therapy Clinic,ChIJ7dxDbU4PsFMRSY7y9N3X5zk,,
Highland Primary Care Network,ChIJgbYx625fcVMRNY8aQSPE3w4,,
Highland Psychological Services,ChIJ3dUrMYeRkFMRGfRDprRDgsc,,
Highlander,ChIJ60habO6On1MRLKPk_MlcGeI,,
Hiz & Herz Marriage Counselling,ChIJPc7V9eyHblMRQgVRsu3KjRs,,
Hjertaas Trevor Dr,ChIJXT4q2CrVJIgRXu5GDklWze0,,
HKS Therapy,ChIJg-9Wz31BK4gR3kiHsFbeBa4,,
Holding Hope Counselling Services Inc,ChIJAyzQD-gRdFMRyzZ4ET2Th34,,
"Holistic Elements Massage Therapy, Reflexology & Acupuncture",ChIJqRKOdm2RkFMRxSdWJ00BiH4,,
Holistic Fertility Group,ChIJ39UvQXInoFMRE8nupewS8FM,,
Holistic Healing Counselling,ChIJz0fQyAo9oFMRzInQFK4Wol4,,
Holistic Medical Clinic,ChIJp9Ox1lMPsFMRiq0MJF18CJk,,
"Holistic Mindcare Psychotherapy | Somatic, EMDR & Trauma Informed Therapy",ChIJHaPpXZnN1IkRXjxvx9WiHps,,
Holistic Pain Solutions,ChIJgXAepG-yCVMR5NgoSo54p_I,,
HolistiCare Trauma Therapy Clinic,ChIJt1z4FS1HK4gRY3JDgS464GA,,
"Holly Verge, RMT | Massage Therapy Fort McMurray",ChIJG5f37gkJsFMRsJpMEwkgLhQ,,
Holsom Wellness Inc.,ChIJwQHPDK4tE1MR6AylZ98kYA8,,
Holtby Professional Counseling,ChIJdVDl6mWzCVMRftopapX6Gq8,,
Hope & Healing Sanctuary - Counselling Services,ChIJy3XIefeVcVMRUxwnnb6u8H8,,
Hope and Healing Psychology Clinic,ChIJ67A4tSwBzkwRe8vzLc9yKuw,,
HOPE Biomagnetic Therapy,ChIJpR1uWFuXcVMR4XgFn__zJ3I,,
Hope Child Therapy,ChIJO_UbP04fWU0RN4Tsn46-IqU,,
Hope Grief Counselling Oakville,ChIJSUK7KgNdK4gRP2t940xh8vA,,
Hope In Strathcona,ChIJEfIO-ioWoFMRTrY0ITKzPE8,,
Hope Restored Counselling & Psychotherapy Center,ChIJ4xTKkZElK4gRDzeXb0q7zG4,,
HopeWell Psychological - Online Therapy in Alberta,ChIJVcIYzAr5n1MR6-oanc2Ydv4,,
Hopewoods Psychotherapy & Consulting Services,ChIJdUxhkMzV1IkRGmTnyODeokY,,
Hopfner & Associates Counselling and Consultation,ChIJA3VRNJSyCVMRy5od829nUx8,,
Horizon Therapy,ChIJs-Xbt10zK4gR7ziFnN5DBWc,,
Hospice Society of Camrose and District,ChIJObfglqK7ClMRamNnoKwD_dY,,
Howard & Associates Psychological Services,ChIJYQf18Ys9oFMR2TpgnOU1oAQ,,
HrHarmony,ChIJX4ht-V9DK4gR1iZhj_QzNk4,,
Human Connections Counselling,ChIJe0iWO-dQ04kRQtrFs-zU8oQ,,
"Human Habits, The Hub",ChIJ3Ub0dfOv7akRJfkr2pOaaes,,
Human Integrated Performance,ChIJ8eTGigIjoFMR2y5vnJOV3fs,,
Humanessense Inc,ChIJeTyO-W4_cVMRcd07qwxvkMM,,
Humanistic Health Psychotherapy,ChIJe16xRfdF04kRrkKMg3gfK-o,,
Hunter Psychology,ChIJIYVsqYnzLogRQgfSr5mUUao,,
Hypnosis for Health and Happiness Camrose,ChIJ6xSLuny7ClMR4BpmVj0pV30,,
I Got Your Back Massage Therapy,ChIJ3UctU3D5n1MRFou0ylW_He0,,
I WANNA MASSAGE THERAPEUTICS,ChIJIVRnx9oIsFMRAFaauJHZsEM,,
Iasis Psychological & Consulting Services Inc.,ChIJS_oKCGL5n1MRaBLK_gC3nYk,,
IBI Behavioural Services,ChIJy8vHc2W8KogRmIs_z6kD1RQ,,
ICON SAFETY CONSULTING INC.,ChIJJ-vE6eC7ClMR6V1vYUWqhUs,,
Ideal Insight Psychological Services,ChIJrfA-tRSRkFMRh9QZ9LDAW-0,,
IFS Psychotherapy,ChIJAQD8e90yK4gRbMd4GAB1XaU,,
Illumination Counselling Collective,ChIJF__W5HAFzkwRNOgrHSB-0OA,,
Illumination Therapeutic Services,ChIJC3HZcGeZcVMRHZyZn_JM2Rc,,
Imagine Laserworks Lloydminster,ChIJyYOnuwKzCVMRoGi4s-73fM4,,
iMental Health Counselling Services,ChIJcd-0QRUnoFMR1NY2mnTRE40,,
"Impact Healthcare- Chiropractic, Physiotherapy, Massage Therapy and Women's Health",ChIJfUPQy4-8KogRcxY-ZZqIUBg,,
Impact Massage & Wellness,ChIJy7O_2Ge7ClMRnCd7qF2R1PY,,
Impart Therapy,ChIJC5Oa-X8tK4gRxfBiP35B7D0,,
In Bloom Therapy and Wellness,ChIJhwcBGC8d1YkR080hgYf8aoQ,,
In Mind Therapy,ChIJd5zBf6Fa3U0RhmzhbMF6IBY,,
In Touch Psychology,ChIJr9ratjT5n1MR8DcXayQUPho,,
Inclusive County Family Counselling,ChIJwW42cA0hO4gRoZrJm5T84-o,,
Indigenous Counselling Centre,ChIJMzYcJAyRkFMRkSf0VIyDWLE,,
Indigenous Psychological Services,ChIJ4TOTHjAhoFMRrK6W5Zc9pyo,,
Indigo Insight Counselling,ChIJTRsivLWHblMRRfRPTSIZbws,,
Indigo Skies Therapy,ChIJU3nGiAIVK4gRegK5wVRLq2k,,
Industrial Strength LC,ChIJf_LdZKG7ClMRia33wdCTEKE,,
Infants to Athletes Massage Therapy,ChIJAyrm-nqHblMRlMnxeakWoI0,,
Infinite Healing Chiropractic and Wellness Centre,ChIJ6R8yLP0c1YkRu5G9G0CwR38,,
Infinite Light transformation services,ChIJU4acpKmRkFMRoYPBsynjklE,,
Infinity massage & wellness in Airdrie,ChIJ46LChsFfcVMRc1lHW6DPBB8,,
Infinity Psychotherapy,ChIJp9sHOlvKlwsRQRJYx6_l9M4,,
Infused With Love - Wellness,ChIJsx7Z5aiPn1MRxVVPqzBRYj0,,
Infusion Counselling,ChIJHbcAQFcsE1MRZnbEV4sDH04,,
"Inner Calm Counselling & Yoga | Jacqueline Quick MSW, RSW",ChIJRxHE2oSHblMREW97ywRBdwU,,
Inner Circle Therapy,ChIJmf-cjAQrK4gRwYwL0m5ZjuI,,
Inner Connections,ChIJiZVcsmiPn1MRFj-zQ_Aw6fc,,
Inner Core Counselling Lacombe,ChIJI-LpCZ5vGgMRq9BR33cgw8c,,
Inner Core Psychotherapy,ChIJ8_baUX6L-K8Rhxgn_7jqylM,,
Inner Garden Psychology,ChIJs_RmVdg1K4gRchhrHgnp1qo,,
Inner Growth Counselling & Psychotherapy,ChIJd4x8p229KogRXkmQXbYMhH0,,
Inner Oak Therapy,ChIJd75EnnthK4gRUp5MXBr8SNU,,
Inner Oak Therapy Milton,ChIJ0Zxa8vpvK4gRuJZo-5Mv1NQ,,
"Inner Peace Coaching Clinical Hypnotherapy, Somatic Release & Yoga",ChIJywJGQzYH3gYR3tjYWETTjhQ,,
INNER SPACE PSYCHOLOGY,ChIJo-aBJO7xK4gR2jwOanfxZM8,,
Inner Strength Counseling & Consulting Inc.,ChIJx1FcLnwZoFMRuI_FMAnEFFs,,
Inner Summits,ChIJvzFOHzMvK4gRjHP-_cMwy-M,,
Inner Trailheads Counselling and Coaching Services,ChIJVVXhknL0K4gRqVg57nOiH8I,,
Inner Voice Therapy,ChIJVWzKvPQVK4gR0qf5Ffalyh0,,
Inner Wellness Counselling Services,ChIJCS1ShynzLogRNeNPEty_ums,,
Inner Wellness Energy Healing,ChIJ54jvf5u7ClMRnk8NUDCeanE,,
Inner Wellness Psychotherapy,ChIJHS9Nj50_K4gRIh5prEOtqK4,,
Inner Whispers 111,ChIJEeqRPSe7ClMRJNo13yvbOic,,
Inner Whispers Wellness,ChIJI0ucXsRBcVMRHeD3uCTpHGs,,
Innerlinks,ChIJYXd7aY9EK4gRCYAwwQ4xyLA,,
Innerlogue Therapy & Psychology,ChIJjY2ZHopvcVMRZIbxwbfZ9BU,,
InnerQore Health Psychology and Wellness,ChIJARWpYi8sK4gR-H_f3PzL8DY,,
InnerSight Psychotherapy Inc.,ChIJjT2lCVu9KogRcZ-PKqe2bCg,,
InnerSight Psychotherapy Inc.,ChIJJzB9i8MpK4gRnFzMxQmLhSQ,,
InnerSight Psychotherapy Inc.,ChIJsZ193ccnK4gRJGox7s8NKQ8,,
Innersun Psychology,ChIJAcmcafP0K4gReFZ_6TamNbs,,
InnerWorks Counselling,ChIJ8SQr9hjxLogR3i64Rcj9R9g,,
Innovative Counselling Ontario,ChIJA9oQQhshWU0RP_JAkbe0lVs,,
InnSight Therapy,ChIJHd1s9dphK4gRMHY3al9vNNY,,
Insight Centre Counselling and Psychotherapy,ChIJDY9SvSm9KogRM3kcdb-52GU,,
Insight Counselling Elgin,ChIJu2NAyzlfLogRfxliWjs_WoU,,
Insight Counselling Services,ChIJA-lOfKktE1MRrJ00KxzmwnU,,
Insight Health Solutions Wellness and Rehabilitation,ChIJKafvnYRDK4gRCZJjD_x8HMA,,
Insight Medical Centre,ChIJeVnvy_osE1MRAcCyN0dp8xw,,
Insight Psychological - Calgary,ChIJx6D4lv1wcVMRVIQJb8iiLA4,,
Insight Psychological - Central,ChIJMSD5QesjoFMRV2E9g-ATLTU,,
Insight Psychological - North,ChIJY0H7CI0koFMRNEwbwv_OHm4,,
Insight Psychological - Sherwood Park,ChIJ3VfYedwXoFMRDQDaZh98I4s,,
Insight Psychological - South,ChIJ8yu0vM4eoFMRP_lBGDGcxds,,
Insight Psychological - West Edmonton,ChIJr9nBt_GOn1MRQyw-2FKwy_4,,
Insight Psychology on Norfolk,ChIJWeqetsGaK4gR8hrB7TWilb4,,
Insight Psychotherapy Waterloo,ChIJVaPf8EzzK4gRXj_qJXzIuB0,,
Insight Solutions Psychology Inc.,ChIJ__8_Tod2cVMRa6DWidUXjNA,,
Insight Therapy,ChIJtwFyxHcvK4gR8l-0kdZuRVE,,
Insight Therapy Center,ChIJOfJM-Q4tE1MRdzc7hqIfHYY,,
Insight Therapy Center,ChIJgxDiLamZcVMRcrys663aA9A,,
Insight Therapy Center,ChIJ19uwoM4fWU0R9Q5zd7uQRYw,,
Insightful Journey Inc.,ChIJcdWcO5agwS4Rxt0nsrNG-EA,,
Insights Counselling and Therapy Services,ChIJKdWuCWdVLk0RslVmERqvb5o,,
Inspirational Insights Counselling,ChIJeV4Lm4NVdFMRvrDIEGOgVEM,,
Inspire Change Counselling Services,ChIJNeuxfY7qKmwRCVxOGzUrxns,,
Inspire Wellness Therapy,ChIJS-a1pL53cVMR38vMM59bDqM,,
Inspired Connections Counselling,ChIJMQCQa9CZcVMR8BcHaEerHVs,,
Inspired Minds Wellness Centre,ChIJWcv94x9wcVMREuTg_CSBtgI,,
Inspired Psychological Services,ChIJvyqxtcyZcVMRAB09EBN8-sc,,
Institute for Psychedelic-Assisted Therapies & Healing,ChIJ0RToWwuYfaURhfE_BUovy2U,,
Integral Counselling,ChIJR6BHkMmHblMR8ckz8CdJ1WE,,
Integrated Energy Psychology,ChIJg2mQM9EXoFMRE8Cm4jI3FG4,,
Integrated Therapeutic Services,ChIJiwrbYupxcVMRYI2iBR4gutE,,
Integrated Therapies & Performance from HPS,ChIJyRrQvZCyCVMRHfkq15LFzMg,,
Integrated Therapies Massage Edmonton,ChIJCROhwA4ioFMRYtvxwnR4Aas,,
Integrative Counseling Services,ChIJWZ__ZiPW1IkRUc3wmgfiOvY,,
Integrative Psychological Services,ChIJ29CYV02RkFMR14goxJA_xiw,,
Intensive Therapy Retreats,ChIJAaSgrJ0byUwRYhplVgWHge8,,
Intentional Connections Wellness Services,ChIJX0RsVo8_okgRtKQSSilXtLY,,
Intentional Evolution Psychological Services,ChIJ9X3pv7WHblMRFUzM3vXvPNw,,
Intentional Healing Counselling Psychology - Tanya Ashley,ChIJ8XsevfpxoUURh1EKc7ynJe0,,
"Intentional Living Psychotherapy - Ruba Chihabi, RP (Qualifying)",ChIJVXcAgcP1K4gRi3kR4PTHYH0,,
Intentional Living Solutions,ChIJXTwVhouzCVMR8wPu77vmjyU,,
Intentional Path Mental Health,ChIJf1NsMw9vcVMRVjP09F4-JZs,,
Interactive Counselling,ChIJcSgyWnuRkFMRLy1ZUaqs9uQ,,
International Career Counselling Centre Inc,ChIJ78RZCKVpK4gRgeJRjOp3it8,,
Interweave Counselling,ChIJ0-YRz4cZoFMRuenfCXdj0cg,,
Into The Heart Counselling,ChIJh0iBTtc_cVMRs2EeJ8jd41Y,,
INTOUCH PSYCHOTHERAPY & COUNSELLING,ChIJ9ytI5ZZAK4gRlLpDvSVCtBo,,
Inviting Conversations Counselling,ChIJVVUZDb8tE1MRoQ0X3eScW6E,,
Inward Mental Health,ChIJQbCbqlYZ1YkRTphanC0AGJc,,
"Ionatan Stan, Counselling and Psychotherapy",ChIJUz9GtZWdLIgR8lqt14pxDOM,,
Iridescence Counselling,ChIJT7JOsUgloFMRM1rcBm5K-ds,,
It Takes Practice Counselling Services,ChIJwwEZ_RpVdFMRNsIPTP35Dsk,,
"It's All About You Therapy - Teen, Family, Grief, Trauma & Marriage Counselling",ChIJDwdOeD0Z1YkRxrfoPmoa1R0,,
Ivana Stanic Counselling and Psychotherapy Services,ChIJZe6ksEmbLIgRihTXu2b6-bk,,
Ivanova Psychology & Associates,ChIJZyCEOUoEzkwRWkn_rcZCi8E,,
Ivany Therapy,ChIJrb0jPOTumSkRxRtkBDhPn3E,,
Iven Chung Psychotherapy,ChIJq6pqSR2LK4gREsE6mOspNyI,,
"Iwona Kaczmarzyk-Kozlowski, M.A., C.Psych.",ChIJeyqo9xpnK4gRUJfbN6tjlEQ,,
J Simpson Counselling Services,ChIJVwb5sTktE1MRmRp3TFJlQ7s,,
J&K Mental Health - Therapy & Counselling,ChIJF_W_N0qt0kwRbfj0jaNit9M,,
Jaagran Psychoanalysis and Wellness Centre,ChIJc5F_vjBHK4gR9C8WmX_M7ZU,,
Jacinda Firth Psychotherapy Services,ChIJq6puUcwjWU0Rk4ELIuXoHas,,
Jackson House Therapists,ChIJtV-Gj-sjoFMRrXkFridJzpQ,,
"Jacqueline Robertson, Licensed Marriage & Family Therapist & Psychedelic-Assisted Therapist",ChIJI2K8UpybLIgR-cgjakXCFuc,,
James Taylor Counselling,ChIJ9QHtHHMd1YkRt2Ie580crK0,,
Jamie Beaton Psychology,ChIJ0zI3XeYPsFMRjI6DzPwngSM,,
"Jamie Campbell, Registered Psychotherapist (Qualifying)",ChIJlfyN9M6bK4gRINWfB9h-Rzg,,
"Jane Kraft, MSW, RSW, Psychotherapist",ChIJDcyAfPObK4gRjAJKRCYVpEU,,
"Janet Goodhoofd - Marriage, Couples, Family & Individual Counselling in Oakville MSW RSW",ChIJuXf9qo1cK4gR_AU4AGfWXe0,,
Janet Tink Counselling,ChIJmYKIlGWQkFMRioRzKbwqvIY,,
Japanese Head SPA. Tetiana Marynin,ChIJvxdq7ByzCVMRNh2wyMmY3qk,,
"Jason Barlow, RMT",ChIJVyrxbcSZcVMR7WRUGx55RoQ,,
Jason Townsley Counselling & Therapy Services,ChIJpcoj3wOdLIgRxEOuzji2Rxo,,
JAYROOTS Wellness,ChIJtaGImVD1K4gRa5j5ZEdrqW0,,
Jeff Long Counselling,ChIJOUQ5N6-9KogRZwXBlGlmPbs,,
"Jeff Whitehead MSW, RCSW, CMAT, CSAT",ChIJ28UHayBpcVMRQC_pAO9OHGA,,
"Jenifer Freedy, M.Ed, RSW, CCC Psychotherapy",ChIJkeGVsvntLogRSaST9bnN93k,,
Jenna Ibach Counselling,ChIJuTN3ljItE1MR_TOQwTWE0HA,,
Jenna McGonegal Therapy,ChIJ99vldKWFK4gR7kDg1gAFzYw,,
Jenni Daines Counselling,ChIJo8-VqBcjoFMRaIpC31Oc7yk,,
Jennifer Braniff Psychotherapy Professional Corporation,ChIJJ_E0dN1hK4gRdjdnEBSgw_c,,
Jennifer Dayus Social Work Counselling at Be Well Windsor,ChIJ04HRTIUrO4gRecTPzWrysuQ,,
"Jennifer Ellison, MA",ChIJv9Du_OdcK4gRxAZ4GUy5lP0,,
"Jennifer Kausky MSW, RSW",ChIJ_yIpAhfyLogRjeUl8JAEUGU,,
"Jennifer L. Liesen, Registered Psychotherapy / Trauma Therapist -- Therapy Studio",ChIJ0c6St2er0kwRRrf973pYTbg,,
Jennifer Leong Psychotherapy & Counselling,ChIJa9geDDXV1IkRe6voeLjoP3Q,,
Jennifer Pepper Therapy & Consulting,ChIJk_lk4xC-K4gRUQ7vhemMzBc,,
Jennifer Rioux Psychology Services,ChIJS4GBa9CZcVMR468Y4bgfNrI,,
Jennifer Spriddle,ChIJP5L7YbeHblMRtYDl1DJTOAA,,
Jennifer Wallin Psychology,ChIJQXIWaxJVdFMRfv-UP1b2Nrw,,
Jericho Counselling Services,ChIJ8auk6PdQ04kR34VLsFHR05c,,
JerricaJects,ChIJkT7fttO7ClMRYg7SkMHJNq8,,
Jessica Kristy - Registered Social Worker | Psychotherapy,ChIJxYHyC44zK4gRG05ZnA5Zjzo,,
Jessica McDonald Psychology - Red Deer,ChIJXWvxvZNRdFMRFyTONU1blzw,,
"Jessie Morrison, Registered Psychologist",ChIJEdrL2VgFFqoRYDF-hm1t2KQ,,
Jett Psychological Services,ChIJ7U3l5ZiaK4gR4LKawMxBA14,,
JFS - Edmonton,ChIJU_-lUisioFMRWqe9HWNNXm4,,
JFS Ottawa,ChIJ8U5uSjMBzkwROW9aE-O0YX8,,
Jillian Martin Psychology,ChIJac3z44wPsFMRFbEp699FOYM,,
Jim Freeman Psychotherapist Ltd,ChIJQcD9FyJUdFMRsWHFik2Oyj0,,
Jing Counselling,ChIJqcRsrJjV1IkRwFFXFk7ixK4,,
Joanna L Cox Counselling & Consulting,ChIJMzHehjBVLk0R-Uoj2AfI1qY,,
Joanna Seidel Toronto Family Therapist,ChIJ-1fZookzK4gRVQo80h9gQAw,,
Joanne Cantor Registered Psychotherapist,ChIJ8WoNNCmjKogRQyVSUUZi9W4,,
Jocelyn Hansen Psychotherapy,ChIJqZ7HBpqbK4gRigdt4AKNrWQ,,
"Jody Kircher, PsyD, C.Psych",ChIJ22QIoj2r0kwRwK6-_AC5d7s,,
Joelle Berg Counselling,ChIJt8EJ8kdBcVMRGJORD3PHV7U,,
John Atkinson Therapy & Counselling,ChIJd9m0G8_raqUR0lkVuie7jfA,,
John Connolly,ChIJV-ogeyqjKogR-LcZ4F1Yigk,,
John Howard Society of Durham Region,ChIJ0_2XHuQc1YkR0ub36J1VVss,,
John Howard Society of Kingston & District,ChIJYdUQ0smr0kwRzX6p7MxAQUs,,
John Howard Society of Windsor-Essex County,ChIJW4BoaREtO4gR-wAYCHNL9eQ,,
John Sullivan Counselling,ChIJoRB7XgwuO4gRHrRutwltffI,,
Johnson Family Counselling,ChIJI_fi9qy7KogRdpY1aim3D9w,,
Jonathan McGregor Counselling,ChIJscgndf1vcVMR-SMwTCJCQB4,,
Jones Counselling Services,ChIJJ5ffqJsqYgYR_IfsW0Rcwrk,,
Jordan Gross Counselling,ChIJ1W7SNGF2FyoRvXympCFhfUU,,
Josh Dyck Psychology,ChIJsSaKzvyHblMR4yAGaKasAXU,,
Josh Song Psychotherapy and Counselling,ChIJq6rahZ7M1IkRktUlJi1V9cc,,
Josée Houde Psychotherapy,ChIJz9GBAgOt0kwRuQspvBsUpAI,,
Journey Counselling,ChIJ7S4ppEF3cVMRn1vMwQFH7Ns,,
Journey Psychology,ChIJ0XMPizUWoFMR-J62-aapERQ,,
Journey Through Awareness,ChIJS1Q0zD71K4gRfY0wYETUh7M,,
Journey to Meaning Counselling and Psychoeducation,ChIJCRGCLeff1IkRUjHrLzeioP4,,
Journey to Wellness Counselling Services,ChIJR_g4iNR8C6MRlWkhqfG8qFE,,
Journey with Grace Counselling Services,ChIJ4SpNvsX1K4gRMhWi9ryuenI,,
Journeys Therapy Collective,ChIJ1cWr5ys1K4gRtKH16etT7Ks,,
Joy And Grow Therapy (Markham),ChIJk1Hc3jfV1IkR4Ri3z2_Rbh8,,
Joyful Living Therapy Collective,ChIJUaV2vlizCVMRYEpaFlK6vCs,,
JS Counselling Service,ChIJVdfG4DaRkFMR0PRTLlTkMmw,,
Judith Cox Counseling,ChIJex6TvJir0kwRuw1cH9X4Jhs,,
Judy's Toronto: Trauma-Informed Therapy in Toronto,ChIJYxFn-_01K4gRnLCFO9WHgWs,,
"Jules LeBreton, R.S.W.",ChIJiXFmXeiqL00Rwd0rpyIwGQk,,
"Julia Gibran Therapy: EMDR, Counselling, Anxiety, Depression, Trauma Support",ChIJrXuVtRg1K4gRCSksrm9-UWY,,
Julia MacArthur Counselling,ChIJrUDI34ojWU0RrP1mAqTYCb4,,
Julia Sokulski Therapy,ChIJjVpBVoJBcVMRIfagAh1dJuQ,,
Julie Clarke Therapy (JCT),ChIJ2X_zqA__zUwR1x07QVK4sIM,,
Julie Freedman Anger Help,ChIJZW3-Ql8zK4gR8dX5IDqMvOU,,
"Julie Hong EdD, Registered Psychotherapist",ChIJbQ04nbwrO4gRqSyNSGpkVZ4,,
Julie Lounsbury Therapy Services,ChIJG-Qt1rxbBiERyCRphudC8Wk,,
Julie Zikman Therapy and Consultation,ChIJFyyijpzM1IkRggt952nCqSA,,
Juniper Counselling Centre,ChIJ7fuO14__zUwRQnoTtkeOmVM,,
Juniper Naturopathic Clinic,ChIJgwmdIfoJsFMR_2pfrIyO9qc,,
Just Be Counselling & Wellness,ChIJrV6zx6gjoFMRTEEUQUiDzjw,,
Just RELAX Massage Therapy,ChIJXc89POmzCVMRkFLgQk3Ht7Y,,
JW Therapy,ChIJmwwxRVQfWU0RnP9Bb31GM7c,,
Ka-Na-Chi-Hih,ChIJJ1i2aWcfWU0ReNIr8o2ul5s,,
Kairos Counseling Services,ChIJIQcsiikfoFMRQPVoD-jWcmk,,
Kaleidoscope Counselling Collective,ChIJJ8aKViibK4gR73PO0GrvqhU,,
Kaleidoscope Mental Health,ChIJOb3e7r0jWU0Rp7H5xN2WU1M,,
Kaleigh Russell Counselling,ChIJvWo6PTT1K4gRjrge71pUFp4,,
KALM Psychology,ChIJufNm7zsZoFMRlCwY8pTPQTI,,
Kamlesh Patel EAP Counselor RSW and Psychotherapist,ChIJ23jeou8_K4gRy4lmAbJLvJA,,
Karen Bester MA Registered Psychotherapist Counsellor,ChIJB76rCVchWU0R5oRSiZOCed0,,
Karen Ferguson Psychological Services,ChIJbVNkKsmbK4gR_vqbXqSxK7E,,
Karen U. Bryan Counselling,ChIJSVLhyXIVK4gR0OMJZqaJS08,,
Kari Rose Health - Located inside Soulstice Wellness Centre in Cochrane.,ChIJEbF5M4NAcVMR105ZxYe4J_E,,
Karuna Counselling Group,ChIJq78XmA0_cVMRaK7XaGCkdCA,,
Karunia Counselling is now Karunia Counselling & Psychological Services,ChIJy6Mdggv5n1MRSqY2DD5Ny94,,
Kasi Shan Therapy,ChIJDWEvqTf1K4gRJDPMrRzAYQc,,
Kat Kova Therapy | Sex and Couples Therapy Toronto and Ontario,ChIJ31YPKxDN1IkRZjcdsImsPis,,
Kate massage therapist,ChIJjbs1jsOHblMRiO5H-IxjZzI,,
Kate massage therapist,ChIJ93tYCWMtE1MR1MClbbPX0jI,,
Kate Massicotte Counselling,ChIJBQuSJ50jWU0RoxoBSX3wmnU,,
Katharine Somogyvari MSW RSW Msc,ChIJrSWcnrJR04kRWYUArWX7cWQ,,
Katharyn Davis Counselling,ChIJkTQa2cit0kwRIhayITcvZsk,,
"Katherine Tomkinson, MSc, RP, RMFT",ChIJD1L1Z5CEK4gRaxCZxCBSgTI,,
Kathryn King Naturopathic Doctor,ChIJzSvCNwCzCVMR7JVcGI5QpKU,,
"Kathy Roberts, Counselling",ChIJfUQl4-3zLogR_vtqg9iBG5U,,
Katie Sauret Psychological Services,ChIJ5R8zZ_MPsFMRoGIk-DkUOKg,,
Katrina Belliveau Counselling Services,ChIJ76p0TDOYcVMRjNKxyoLKWw8,,
"Katrina Shaw, Registered Psychologist & Mediator",ChIJq6r6n_lvcVMRQFbnDw42iNI,,
Katya Razumova Toronto,ChIJi5K4AMUyK4gRYjXx3Zd2lnU,,
Kay Psychotherapy,ChIJD8T6tUsD1YkR4Dwgaaustbk,,
Kayla Huszar Counselling Services,ChIJWQrh1EEeHFMRusrCcZIwl0E,,
"Kaylen Leonienco, MSW, RSW, Psychotherapist",ChIJGUQTuVibK4gRKNVzLvil1eM,,
KC Wellness & Beauty,ChIJL3SiI2xfcVMR3RO39lbbWuA,,
KDW Counselling & Consulting | Trauma-Informed Therapy & Relationship Counselling,ChIJg5NQufXzLogRwwj2FTh4yJ4,,
"Kealy Counselling | Sudbury CBT, DBT & Trauma Therapy",ChIJufUgS2VVLk0RBZ44cltEzZ8,,
Keeping Peace Counselling,ChIJV8DCglUXK4gRdF_zb0Z-thM,,
Kells Psychology,ChIJv7bFyZ8eoFMRb3cxIKTmB0o,,
Kelly Cook - Discovery Counselling Services,ChIJlQdPyLWHblMRne7uqxA-m9w,,
Kelly Mental Health,ChIJHeMgIBYhWU0R8ikl1EWODVo,,
Kelly Weitz Counselling,ChIJjZM8Ss2HblMRCHDxcjLY6q8,,
Kelsey Hanson MSW RSW,ChIJOxdRX2dUdFMRjRk7P7-n_Is,,
KENDALL COUNSELLING LTD,ChIJtbGZo3NV2EcRM_W6BbTLGms,,
Kennedy McLean Counselling & Psychotherapy,ChIJu4o3NQk3K4gRTfZcb6gpX1Q,,
Kevin-Joel Coupland RP AKA: “The Couples Guy”,ChIJBfZg4XFHK4gRbbPR3tAxJ20,,
Key Connections Consulting Inc,ChIJX6cZ8baHblMRp8DTV4kFx-Q,,
Key Resources Unlimited Psychotherapy,ChIJr5GYHOwX1YkRUTIwrgvJo4U,,
Keys to Hope Counselling Services,ChIJo-9KEqQtE1MRaQ3ZfN2_p7Q,,
Keystone,ChIJH4PyG7UIsFMRIj7lG5eoI_o,,
Keystone Counselling Services,ChIJiYU6kGFVLk0R0xP6Qp_fwRA,,
Kick Start Therapy - ABA Therapy Brampton,ChIJq6p2k9oUK4gREnq0k9oM-Co,,
Kickstand Medicine Hat,ChIJqwhGzUstE1MRFZqOkuvaT5M,,
Kickstart Men's Therapy,ChIJ-esMKsSbK4gRuSVSNlzE82E,,
KIDZ AUTISM AND SPEECH CLINIC,ChIJs5JrKAIf1YkRKs5lJYj_OWA,,
Kim David Psychotherapist,ChIJsXZkumQ1K4gR5sGvAwNWes8,,
Kim Friesen Counselling Psychology Inc.,ChIJPZp5tFAsE1MRysD_AmmDYgM,,
Kim Lawrence,ChIJFVHmV02q0kwRXonGMXilCOg,,
Kim Logan Communications Inc,ChIJ28xsHyHNJIgR4I5VxwOa_O0,,
Kim Marshall Counselling & Psychotherapy,ChIJF5YZHrqt0kwRj5NI0VgwA4w,,
Kim Wallace MSW,ChIJ9aecQMPZRoQRSukmfxfkrD8,,
Kimberley Law - Registered Psychologist,ChIJ_wU0hg0ioFMR7bKX2hWFb1Y,,
Kimberly Olsen: Registered Massage Therapist,ChIJT1nWesO7ClMRnAxzGtDo8lA,,
Kimberly Ostafie Psychological Services,ChIJMRN_5K2HblMRf_MhsVERTgA,,
Kimberly Talmey Counselling Inc,ChIJDaBZoZ6RkFMRkydHVRW6iLU,,
Kinark Child and Family Services,ChIJGySJXO4d1YkRWqp-f_x8XTs,,
Kinark Child and Family Services,ChIJRSYY_yqjKogR0JTIExZwpCc,,
Kindful Psychology Services,ChIJXx6KsOAhWU0Rm25Gcy6hjK8,,
Kindle Psychotherapy - Oshawa Therapist,ChIJfx2sdZaTVEwRORb5mq9VT40,,
Kindred Connections Society,ChIJYSPrK-JvcVMRRwTwh7wKNac,,
Kindred Counselling,ChIJ2QHWucZvcVMRHJGnHg0PoOk,,
Kindred Path,ChIJC6khDcwhWU0RSejljjFBaCo,,
Kindred Roots Therapy Inc.,ChIJJQC147oar4oRMFxWoGksKaU,,
Kindsight Counselling,ChIJ__-rS-H1K4gRjJehdNppLJw,,
Kinesis Physical Therapy Corp,ChIJh4_itkWRkFMRs2YrVq7p0F8,,
Kinetic Massage & Wellness,ChIJzT8xpIOPn1MR97Qs287FqtE,,
Kingston Athletic Therapy Centre,ChIJs2yYo9at0kwRdgWrkEPOTmY,,
Kingston Community Health Centres,ChIJTzT4yNyr0kwRQw69P7aB6gc,,
Kingston Counselling Clinic,ChIJ-eDKz4wi2CUReXEsq27PRMY,,
Kingston Family Health Team,ChIJCwcIXJ-r0kwRngLE8qMsmnw,,
Kingston Institute of Neurofeedback,ChIJt7dpNZmr0kwROm-cnuYvfzc,,
Kingston Integrated Healthcare Inc.,ChIJG3mwFJyr0kwReZ3dvCLpk0E,,
Kingston Pelvic Health,ChIJ4VJNcP2s0kwRlwD62ueqtlk,,
Kingston Play Therapy & Family Counselling,ChIJZx8NpWqt0kwRYGIOvb1Y_3c,,
Kingston West Psychological Services,ChIJ999Y8f-s0kwRMvSaNVuE0rI,,
Kitchener Physiotherapy & Wellness,ChIJbR4DEEP1K4gRtxV3OYs0dLI,,
Kitchener Therapy,ChIJfT04TpT1K4gRluZSJessn3A,,
Kitchener Therapy Collaborative,ChIJ8-SPV6L1K4gRHgeKsYR-MtI,,
KM Counselling,ChIJn8f4trZvcVMRVEMFvxHVT0k,,
KM Counselling Services,ChIJ02BOQ4ebLIgR-mHArvVBE5U,,
KMA Therapy,ChIJY6l11iQzK4gROnklhwUxzHU,,
KMH THERAPY,ChIJc3yrdk6RkFMRMEJ6IbPQdKU,,
KMH Wellness Foundation,ChIJ4WGvB-ghWU0RFoiR_LW11jY,,
KMT Medical and Allied Health Group,ChIJryS5hmtDK4gRgnHr4F2Oldg,,
Koru Couples Counselling,ChIJFzQkCqKLK4gRXoj_b2SHMnw,,
Krista's Counselling Services Inc.,ChIJVVUlYLeHblMRwAaEv5guinw,,
Kristie Robertson Therapy,ChIJixwLpaVR04kRolqfL9hFF2g,,
Kristina Jansz,ChIJP3b3W9W8KogRl6WcXgMddps,,
Kristyn Georget Counselling,ChIJc7VnknEtE1MRi-ncPubhScE,,
Kruger Counselling Services,ChIJq_VEvu_5n1MR4nCqrGeVo1w,,
Krystal Psychology,ChIJpezBpwaRkFMRzK0VmCfJXhQ,,
KS Therapy Services,ChIJx-4sx-ebK4gRqsY0HBgGjBI,,
KW Psychology,ChIJw1JzZSL1K4gRcvRnrXgKIYY,,
KW Psychotherapy Group,ChIJIxoeDL31K4gRZL8EBXxfpGI,,
KW Therapy,ChIJqfqqnNX1K4gR567D-QN7ywc,,
Kyaa Therapy,ChIJvXbUbAhdK4gR7Ig6ljbn9t4,,
Kyler Evans - Arising Phoenix Counselling,ChIJOwnOgxSHblMRClXs1VWfzeA,,
KūRated Care Collaborative,ChIJXTgrXmvj14kRsHmD3oat69M,,
Lad & Associates | Neuropsychological + Psychological Services,ChIJ1yusvQf1K4gRso7Jh0pXJKE,,
Laird Counselling Services,ChIJMwuQ896aK4gRTKRS3OWR8VI,,
Lakehead Psychological Services,ChIJyUu8ecsjWU0RqnbivQopM6I,,
Lakehead Social Planning Council - 211 Ontario North,ChIJ_caRW08fWU0RWBvt0be_oxc,,
Lakeridge Health Oshawa,ChIJZ7P2B4Uc1YkRVBvEltJADXw,,
Lakeshore Counselling Services,ChIJobRok1_UOogRLeCau42i6mU,,
Lakeshore Psychology & Assessment,ChIJD5djqxzVJIgRJGMZ2NY2TLg,,
Lakeview Psychology,ChIJBznytlSjKogR7w1EenmU4gA,,
Laksman Doell Psychology,ChIJbSzN3VYzK4gRn3GvOh2iv4M,,
Lambeth Psychology,ChIJacbNIe73LogRY25UQt0Kraw,,
Lambros Mermigis,ChIJvweM7CmjKogRXnmE35XbW-c,,
Lambton Marriage and Family Counselling,ChIJk6rdt7VnL4gR00q4bMnau44,,
Landry Psychology: Trauma Therapy in Edmonton,ChIJoRd0Z6IZoFMRGGXLRh4U9dQ,,
Lara Sigurdson and Associates,ChIJgRtIGS6jKogROuMZux_LRqQ,,
Larry Borins Psychotherapy,ChIJMQ1TYN0yK4gRnfRDqJ7GGuc,,
Lassen Counselling,ChIJb6HhvJE9KwcRApH9eeCP5jI,,
Lasting Color Permanent Make Up,ChIJ5wU09-2On1MRQiy7S0VFZO0,,
Lasting Wellness Therapy,ChIJJ_j2q6CbK4gRyxJRdBw5GHA,,
Launch Psychology,ChIJe0LubEK_cVMRyKubMWpBWG0,,
Launchpoint Wellness,ChIJCZKTFsctE1MRSsRiGbTydGM,,
Laura Bickle Psychological Services,ChIJo3E175X0K4gRg1NlS0SqCN4,,
LAURA COSMA Psychotherapy and Mentorship,ChIJHZwOEhH7LogRj7PuvNXOS3E,,
Laura MacLachlan Psychotherapy,ChIJV-woRP4vK4gR2lnnAGlCJtw,,
Laura Offrey Psychology,ChIJJeeB4eQloFMRgwpjGLXrIkM,,
Laura-Lee Bishop Therapy,ChIJH9bm02QtE1MRWsGRbWCLmKU,,
Laurel Brannagan Counselling Services,ChIJfz7jjiUrO4gRAG7nk2ib3jo,,
Laurel Murray,ChIJY3LKXYouK4gRaiFauACRAVo,,
"Lauren Fiamelli MSW, RSW, Psychotherapist",ChIJ80MDAG0VK4gRzelT4G7B5uY,,
Laurie Fisher Counselling & Consulting,ChIJPQp6GUuRkFMRW0IAkxs-Ajs,,
Laurissa Knight Psychology,ChIJ0VAHjMCZcVMR-2G9qyw75F4,,
LAVA Psychological Services,ChIJGWyzsPpVdFMR5-CEVnQhLH4,,
Lavender Psychotherapy,ChIJtd_RLVKfLIgRdsX-Zgc7zDk,,
Laverdiere Associates Psychological Services,ChIJ812AnHiqL00RzceA3qGgmfY,,
LC Psychotherapy,ChIJHwqm5e4USoYRxBsoSlbq0DI,,
Leading Edge Physiotherapy,ChIJRXh6p7EloFMR6KOjluRe8G0,,
Leading Edge Physiotherapy,ChIJtxq_7lKPn1MR6wX_-kl-SJA,,
Leading Edge Physiotherapy,ChIJSd65Cq35n1MRB5Jm1eby8f8,,
Leading Edge Physiotherapy - Okotoks,ChIJ308LbzOYcVMRpQpZVHvb6Ss,,
Leaf Light Therapy | Mississauga Relationship and Complex Trauma Therapy | Mississauga Chinese Therapist | 叶光心理,ChIJNbPCbmdHK4gR2_XtOzj7rY8,,
"Leanne Sawchuk, Registered Psychotherapist",ChIJkwIMSWf0K4gR-jtXqQcZWDw,,
Leap Wellness,ChIJXWNcd3SRkFMRxtTOmINLb3Q,,
Leduc Counselling Connection,ChIJiy6uRKH5n1MRjWf3Io_u8gc,,
Leduc counselling psychologist,ChIJfeUp9y34n1MRZMjuibgxzrQ,,
Leduc Dynamic Health Massage and Wellness Clinic,ChIJ8TJTCKD5n1MRwPHdP2jIqxE,,
Leduc Family & Comm Support Svc,ChIJxf8NlhD5n1MRFT8Ei9BWbbI,,
Leduc Naturopathic Clinic,ChIJAVvGDqD5n1MRsI7Ya_zQztM,,
Leduc Physio - Physical Therapy & Massage Therapy,ChIJI0T7owr5n1MRcvPtD9RExaM,,
Leduc Public Health Centre,ChIJA9Tl7Wz5n1MRZOX0lVq3IPE,,
Leduc Wellness Centre,ChIJyYmDIAv5n1MRGwmQ29rYgp4,,
"Leeann Samuel, Registered Psychotherapist (Q)",ChIJbyn9lyAd1YkRemX05dqiM3E,,
Lee’s Peace Country counselling,ChIJYc3KNgCRkFMRjFKBaNy47Zo,,
Legacy Counselling,ChIJsQTv259VdFMRQN8VucnUKII,,
Legacy Counselling Centre,ChIJ7dFTXFUIsFMRCivDAcbhojo,,
Legacy Health,ChIJA1vacDEaxEURdy1xP2dVMMs,,
Legacy Health & Performance,ChIJDdUDPjxR04kRaRXyH9KcFLo,,
Lehn-Community Therapy Assoc,ChIJZ8DJKz1HcVMRdIZOLXPciaM,,
Leora A Splett Counselling & Therapy,ChIJT5N3CgVVdFMRcYxBsjAqNuM,,
Lesley Evans – Alberta Counselling Therapist and Hypnotherapist,ChIJUYxl1Q1fcVMRqL_EOZ9_Rm0,,
Lesley Hannell Counselling Services,ChIJK1cSK3mELIgRecBs7JfOwDg,,
Lesley Spada Occupational Therapy Services,ChIJuZBRUU2q0kwR4wJLy5gNWjg,,
Lesnik Counselling & Consltng,ChIJA_bfciZVLk0R8RPH8Z5TpFo,,
Let It Go Psychological Services,ChIJwVieFNJDK4gRzwYtcb5MgeA,,
Lethbridge Counselling Services,ChIJucJBF8yHblMRpy9mvDYDh0g,,
Lethbridge Family Services Main Office,ChIJcTDnAriHblMR2mxCZVw2m-o,,
"Lethbridge Family Services, Counselling, Outreach & Education Department",ChIJ9-ODFLiHblMRn28thQWuDkA,,
"Lethbridge Family Services, Home Services Department",ChIJvaYD9reHblMR2DBMxcPb6-4,,
"Lethbridge Family Services, Immigrant Services Department",ChIJSfl-0s6HblMRSP4x8Huamxs,,
Lethbridge Institute of Family Therapy (LIFT),ChIJqzuLHkSHblMRR0Q8Gzey45A,,
LETHBRIDGE THAI MASSAGE & WELLNESS,ChIJBX_pOHeGblMRLFFtq7kh98w,,
Lethbridge Therapy Centre,ChIJKWbEUrCHblMRWMe9qP0L-xU,,
Level Up Wellness Group,ChIJ0QDsf7YdoFMRHGGrYqcJtyo,,
Levesque Counselling Inc.,ChIJsyBkB56RkFMRDRX9SV7jC-E,,
Levity Counselling Services,ChIJd3Gc8Uv_0UwR7UYoT-MrnaQ,,
Lewis Jack Registered Psychologist,ChIJr5VyB3omoFMRXGTUlQ2IvvI,,
Liana McLeod Psychotherapy,ChIJ6-EHV6FR04kR2gDc2NTV_1g,,
Libbie Young Centre Inc.,ChIJHTSVWIOyCVMRa2edW1hDGKo,,
Liberated Mind Therapy,ChIJSQpPukCjKogRIoy1g8rJGgs,,
Liberty Square Psychology Clinic,ChIJwxvs0_nU1IkR7aMRrmIEBc0,,
Lidkea Stob & Associates,ChIJDW7dFfhQ04kRj8Int5gS9Kw,,
Life and Family Counselling,ChIJAQCQOVUkK4gRvqCcATox7Dc,,
Life Changes Therapy,ChIJ50akjaNAK4gRrYdiTTTWalY,,
Life Coach Oshawa,ChIJbTQfQesd1YkRnrU69qZ1DAc,,
Life Collective Counselling - Sex Therapy & Couples Counselling,ChIJF1miPTpDEU4RF214ik-f20Y,,
Life Enrichment Counselling,ChIJs31A64QAL00RyakJIYNNwK4,,
Life in Harmony Counselling Services,ChIJqzcnudY3K4gRL2FOPMIzYmA,,
Life in Harmony Counselling Services,ChIJv3MPyDwlK4gR-QF6Nxct9B4,,
Life Inspiration Psychotherapy,ChIJqzqTmV8rK4gRgKQEz3R3srQ,,
Life Link Wellness Center,ChIJA82s0zoTzkwRjg2qPSs1YA4,,
Life of Wellness Institute,ChIJ9b02OEVfcVMRTam7ZkeRA_c,,
Life Psychology Clinic,ChIJIeeb2YVOi0QRIC1lA2tWIY8,,
Life Restoration Counselling Group (LRCG),ChIJvXKHsfod1YkRS8OS6CmWcL4,,
Life Review Counseling,ChIJAyIroi9UdFMRCWYL5MpAQuQ,,
Life Set Free Holistic Counselling,ChIJ5Zb0x7FfcVMRwJ4nhsvI1Ao,,
Life Solutions Counselling & Coaching Services,ChIJxf5RIM87K4gR1_vClgQr9Jk,,
Life Switch Coaching & Counselling,ChIJ31C3snhfcVMRcZRq7ok7rkU,,
Life Unscripted Counselling,ChIJASdoiDOHblMRXnqjcFyFGCA,,
Life Voice suicide prevention & mental health workshops,ChIJawjiaMibK4gRVStjQcs0s8A,,
Life-Counselling,ChIJ60I9W3ObK4gRwmnR-aeZksI,,
Lifebridge Psychotherapy,ChIJTZPYJjstO4gRFa7z__WOmCc,,
LifeCraft,ChIJ36fbZm1BcVMRnmNMr45ZJ6U,,
LifeCycle Counselling,ChIJAQBAz_9cK4gRrtWklnWfNc4,,
LifeCycle Counselling,ChIJIegQsZ4FzkwR74HWX_eRavQ,,
LifeCycle Counselling,ChIJJ6m_5x9DK4gRYWQ0j04_r6Q,,
LifeHarmony Rehab Centre,ChIJ8V3go_7R1IkRgnaHuJG0jvs,,
Lifeline for the Frontline,ChIJq6qafrJR04kRd_H-VcN4rkM,,
Lifeline Physiotherapy and Massage Airdrie,ChIJE_mWbk9fcVMRQX29nnj2mwM,,
Lifemark Grande Prairie,ChIJN1iU0UiRkFMRJVGR8S37Ylw,,
Lifemark Physiotherapy & Massage Okotoks,ChIJU-6OrcmZcVMRJu_Bir8c37c,,
Lifemark Physiotherapy Black Gold Drive,ChIJf1pFvwz5n1MRDqWIyGLZQJ0,,
Lifemark Physiotherapy Four Corners,ChIJIzBWOxZVLk0RQzYb8jTpfJo,,
Lifemark Physiotherapy North Oshawa,ChIJpWPJcIUb1YkRZKwDC4g6ZQg,,
Lifemark Physiotherapy Sherwood Park,ChIJU1tAizUWoFMR3zX2ZI0b6SA,,
Lifemark Physiotherapy Synergy,ChIJ__2gZCgWoFMREx-6WXwfyWo,,
Lifemark Physiotherapy Willow Brook,ChIJr7ycFmtfcVMR_ZP0hCIbPS0,,
Lifemark Sport Medicine Genesis Place,ChIJIT8LPXlfcVMR9t6g1VjpJoo,,
Lifen Hung Counselling Centre 洪麗芬心理諮詢中心,ChIJ_Uw38GnV1IkR7dTHY6RMTfs,,
Lifesmart Counselling Inc,ChIJG0WsOZQJsFMRXIrn4UuLhCI,,
Lifespan Psychological & Neuropsychological Services,ChIJWVH7DRaeLIgRvs9pSFH1_To,,
LifeSTAR Alberta,ChIJ7YLpL7eHblMRf0B-EOhNNGk,,
LifeStyle Solutions Therapy,ChIJE514aeJlcVMRAtU1_vrhdVo,,
Lifetalk Counselling Services,ChIJiXErq6tjbVMR-hjAjZXRvlk,,
LifeTransitions Counselling,ChIJ6x4C4AEd1YkRn0soYp2nTp4,,
Light of Mind Therapy - Anjali Bhogal,ChIJj3JNnidFK4gRA3Q0WQ_y_os,,
Light's Hope Counselling & Wellness,ChIJ3-et63X5n1MRiIgGBrs0UQc,,
Lighthouse Counselling,ChIJDaxz-_-HblMRkA4YUz9wwfU,,
Lilac Moon Counselling,ChIJ12S_3aLIzoERQEWfL6RoE8c,,
LIMA Counselling & Psychotherapy,ChIJ8QG5RM9hK4gR_tKYIpvIAtk,,
Limestone Clinic Kingston Counselling & Psychotherapy,ChIJaSD1coir0kwR2V1XHTbHadU,,
Limestone Therapies,ChIJU-Bfh0is0kwRcwAJD6S4I18,,
Limitless Living Psychotherapy,ChIJ_1wKf3-FLIgRbPoy_uQ_3jo,,
LINA ZONE,ChIJ26oY2s8PzkwRf0UWyw-o06g,,
Linda Jeffries Counselling,ChIJAQDAB1hQ04kRmzHaZS3_vmo,,
Linda Krochak - Counselling & Educational Psychology,ChIJF3YNxHYsE1MRGPbGAAeD0gQ,,
"Linda Storm, MA, CCC, C.Hyp",ChIJ76Mq9R1vcVMRIVexweebSDg,,
Lindi Scribante Dr,ChIJZzkl-YiyCVMR5_4mjR9nOeY,,
Lindsay Laing Counselling Services,ChIJEzuvPfksO4gRJbzssQdHF2c,,
LingYu International Psychology Centre. 灵语国际心理中心,ChIJZ5K91nfR1IkRMZ4n5al-tH8,,
Liora Barook Psychotherapy Services,ChIJfwj_QdwrK4gR6oiGVArHpu8,,
"Lisa Best, CT, RCCH, IACP(E)",ChIJ4-z2O0AloFMReR6AwK-_PP0,,
Lisa Hill Therapy,ChIJUTPBSCxVLk0R6LDdT0Qc7vE,,
Lisa Koole Psychotherapy,ChIJxXq47xibK4gRwHdfxgLNmHo,,
"Lisa Martin, RN Psychotherapist and Couples Counselling Services, London Ontario",ChIJYURrzfryLogRrhkwzNKgsxs,,
"Lisa Romano-Dwyer MSW, PhD, RSW Registered Social Worker",ChIJdX0pzmHN1IkRwPbtlwJdna8,,
Lisa Van Hezewijk Counselling,ChIJx4RpjxEe1YkRGOE93lnjrVM,,
Listen Deeply Counselling and Consulting,ChIJf_dEmIL1K4gRSVMPOxnu9Ac,,
"Little Black Rose Family Services - Rosita Allen, Psychotherapist",ChIJZ9DgrzYVK4gR-sikuCp1EOc,,
Little Lotus Psychology,ChIJBfcn4fxfcVMRMigneVm5e_c,,
Little Tree Psychology,ChIJa52QMlsXoFMR2cyTvS11nmc,,
Little Tree Psychology - Camrose,ChIJWybE1-i7ClMRPn2LPmsFiAg,,
Live Love Life Music,ChIJoarqz-Ac1YkRJaN-c3g5xdo,,
Live Well Social Work,ChIJr_CvM3idLIgR2G5mEDOAl8o,,
LIVING POTENTIAL,ChIJq6p6tOWqL00RBjYgqkyLzDo,,
Living Well by Design Incorporated,ChIJveQ5qNgloFMRKyjvw-xnQCQ,,
Living Well Counselling,ChIJITQ8ADplcVMRcXjbl_-cRds,,
Living Well Counselling Services,ChIJa0otp1J3cVMRs-jpEI3YQlw,,
Living Well Counselling Services,ChIJS_05OLl6cVMRdxqp77cpzTM,,
Living Well Psychotherapy,ChIJ2e8pbZEVK4gRKVVz3-i_Zao,,
Liz Westbury MSW RSW,ChIJXUwxusZvcVMRlGmX7nCETsQ,,
Lloydminster - Alberta Supports Centre,ChIJHxWVVRCzCVMRFLe1wno5fM8,,
Lloydminster Chiropractic Centre Midwest Physiotherapy,ChIJz_uR1JCyCVMRUQdrXUARrtk,,
Lloydminster Lymphedema,ChIJYXurH6OzCVMRWguUw7SEziQ,,
Lloydminster Primary Care Network,ChIJHXoFbJCyCVMRFjykJNWDUeA,,
Lloydminster Service Canada Centre,ChIJyRxHBm-yCVMRKPFVS7pIxSI,,
Lloydminster Sexual Assault & Information Centre,ChIJGWBL9JayCVMR5YHmobZ0H44,,
Locke Psychotherapy,ChIJMwdDAXCbLIgR0Tm2oUAkOtA,,
Lodestar Counselling & Equine-Assisted Learning,ChIJLwFNovMrE1MRK1tGNHwEar4,,
London Family Court Clinic,ChIJiQqzSQDyLogRsO5HlQR7HWM,,
London Psychological Services,ChIJB_Jyj93tLogRJRFS1fTNoOU,,
London Psychologist,ChIJxQ_1h00EdkgRFyR56CJmMT0,,
London Psychotherapy,ChIJH2eAvB3xLogRv_uzrbNIP54,,
London Therapy Collective,ChIJWdMmFF_tLogRYkDCTLZa0VM,,
London Trauma Therapy,ChIJh5HOkkXxLogRVJE8BBPNPSY,,
London Trauma Therapy,ChIJ8cL4zRX9LogR7gNATtXi4Dw,,
Long and Short Therapy Collective,ChIJ-TWGHzOjKogRXAt6o86y6dM,,
Lonsdale Treatment Centre,ChIJ7ysR-SirL00R9OLGtwqMDEk,,
Lori Borden Registered Social Worker & Psychotherapist,ChIJwXaJkCUsK4gRsh4WIWPFwmo,,
Lori Gill Psychotherapy ~Holistic Wellness for Health,ChIJhW2VP-0xWkARLLow4p21NlQ,,
"Lori Smehoff, M.A., LMFT Registered Psychologist",ChIJS90L5RlwcVMR4gX-gl-eqvg,,
Lorraine Brooks,ChIJ__8PlepxcVMRpOSdbHLw2Hs,,
Lotus Beacon Of Hope Psychotherapy Services,ChIJvcaUAj0ZDTkR-ga63XzrRx0,,
Lotus Counselling Services,ChIJayflUDGjKogRXQLeQHH2Izs,,
Lotus Counselling Services,ChIJaQD8-0GdLIgR17Ihvl3zi4I,,
Lotus Therapeutic Services Ltd.,ChIJa-ToWJuRkFMRjWl4Y7RkwGg,,
Loussa Counselling Centre,ChIJj-mMKHQhoFMR_e5NMn9SXdE,,
Love and Loss Online,ChIJU-ft4bAzK4gRPaNi3IqhyBE,,
Love At Home Counseling,ChIJzWJlFMyHblMRl3Mz2vPiDWo,,
Love Well Counselling and Support Services,ChIJQwEo7vIZoFMRUbpV4OtdGXg,,
Lovebird Couples Therapy Ontario,ChIJO-_cCkq0JawRcdl0GQVjRMo,,
Loving Choices Psychology,ChIJr9RS210ioFMR3nKYhZdj0MM,,
Lucas Psychological Services,ChIJTxukm4j5n1MRefbG1Iymhzw,,
Luciak Counselling - Grande Prairie Counselling,ChIJm3ze6i2XkFMRWXf6GJqvKCQ,,
Luciak Counselling - Red Deer Counselling,ChIJR2cyqC9UdFMRasxrcRH8v0s,,
Luke Sander Psychological Services,ChIJM4LMgM2HblMRnniN_gczV-k,,
Luke's Place,ChIJ8woXLOcc1YkRRXqkNkBnuak,,
Lumina Counselling Services,ChIJ05WRLHYmoFMRYm3atoor53Q,,
Luminescent Healing,ChIJDSS-QOuPn1MRKze2FFV0me4,,
Luminous Therapy,ChIJgyjQq_hR04kRDPkXeN_V8sQ,,
LUNA Therapy & Lifestyle,ChIJD69xKWxVdFMRiXfmKxbIYXc,,
Luna Wellness Centre,ChIJlVezHQORkFMRA_zxZyVGg_0,,
Lunar Psychotherapy and Wellness,ChIJnXWOZ_f1K4gRyFVRGkrX-qg,,
Lyndsay Foster Counselling,ChIJc2AQAGur0kwRuquN9yynSis,,
Lyndsey Stevenato Children’s Therapy Services,ChIJh0jKfxKjKogRWCo6pW3QuUQ,,
Lynn Baxter and Associates Psychotherapy,ChIJKVR-TAFR04kR6hRalPqHqxg,,
M Health & Wellness,ChIJd_izIZLNKogRP9rJaZBVF2k,,
M&M Counselling,ChIJX8xxp11R04kRS1n-ePo39Lw,,
M. Barton Social Work Professional Corporation - GTA Family Therapy,ChIJ4xevur9HK4gRG4UlJbsanmg,,
M.O. Therapy,ChIJ-3wkznQp1YkRgu8DqURiiLw,,
Mac McMillan Counselling,ChIJ60ZWYOsLglQRF37vU6VmAGA,,
Mackenzie Health-Centre for Behaviour Health Sciences,ChIJsVX74Ry9KogRz-XHtObyVtU,,
MacKenzie Social Work Professional Corporation,ChIJ6Z2ejBVVLk0RthIo68V3xhw,,
MacMillan Counselling & Consulting,ChIJ7ZziaewtO4gRJ1hWH-LKczI,,
MacRae Counselling & Psychotherapy,ChIJ73pz6DIBL00R2lNgMhrL1aM,,
"Maegan Carney, MA Psychology",ChIJDXKFQr7FcFMRkaO4j668ZVA,,
Maes Divorce Consulting,ChIJP7G9B51AcVMReI56XHD9rhU,,
Maggie Clapperton Psychotherapy,ChIJ1esy9-GbLIgRWykMmG2gMnk,,
Mah's Counselling Services,ChIJR2cyqC9UdFMRIo4t7RbyqcQ,,
Mainstream Therapy,ChIJk43vwp-jKogRhT_-Bi4upyw,,
Majestic Minds Mental Health and Autism Services - Brampton,ChIJUU5RrZpzK4gR4zZFutOlZ9U,,
Making Space Psychotherapy,ChIJRdKh54ibLIgRVrK-12CB728,,
Making Space Psychotherapy,ChIJMSTkfG1hK4gRRIce2_-GbI8,,
"Maliya Wellness Centre For Women, Teens & Children",ChIJpZEx1_Y_cVMRLsCVcZQlloU,,
Maloney Elkassem Wellness,ChIJ11Y1m2AmoFMRsEu5gpv_2Xc,,
Maloney Elkassem Wellness psychology and counseling,ChIJi0wVJgAloFMRb4TnHHQVqY4,,
Maltby Centre,ChIJ0UsTz6mr0kwRjmfz-aKfw5s,,
MANKIND REHAB CENTRE,ChIJb_kBSC4VK4gR38FgbFM4mjU,,
MANLUTAC-DABU CLINIC (Massage Therapy),ChIJP-kFzLAtE1MR8AOiJhLZ3l4,,
Mannas Therapy and Consulting,ChIJ0xKLbSlxcVMRmgwM7Tt038s,,
Mannell Psychological Consulting,ChIJP-ZUh9sIsFMRVIyroJQ3LR4,,
Manor Clinic,ChIJu83PZ2weoFMRNz_WciQivRY,,
Mantra of Hope Counselling Services,ChIJsRE0Q2RHK4gR6YVk0pm3T4g,,
Maple Family Health Team Inc,ChIJOSlrEJur0kwRqT2gzqIvT-Q,,
Maple Grove Counselling,ChIJ0czUXzD1K4gRycjRHs1zQRg,,
Maple Key Counselling & Psychotherapy,ChIJbZRj0jP3LogRbYIWadI2lYY,,
Maplewoods Centre For Family Therapy and Child Psychology,ChIJDXbcyr2bK4gRX5cnu40nifQ,,
Maps to Healing,ChIJBd-mAqwFzkwRluNIVn-N9fE,,
"Marcy Urbas, MSW, RSW, Couples Counsellor in Toronto",ChIJp9p1VhsyK4gRntfMYUSX1cc,,
"Margaret Guzowski, Registered Psychotherapist",ChIJ5QzdkpFHK4gRPd_ypjge3Yc,,
"Margarita Rabinovich, RP & Associates, Psychotherapy and Mindfulness Services",ChIJI0HZXHFhK4gR5LhwbjwPN70,,
Margot Lambert,ChIJjaoov0WRkFMRwm2FpjKFSbY,,
Margot Steele Clinical and Counseling Psychology,ChIJxRNwAnYmoFMRqQnDv9zM6-Y,,
Maria Drohan Counselling Thunder Bay,ChIJ42sJA8QjWU0RVyS19WwLFFA,,
Maria Schmid & Partners,ChIJK4Q3vVZlcVMRh6Yr838zRp0,,
Mariani and Associates,ChIJK71Vhm5VLk0R08CqWchZRJs,,
Maribel Ayala Psychotherapy and Consulting,ChIJ7wv4B_XtLogR-ec_0_Y-unU,,
"Maribela Arruda-Block, Registered Psychologist, Block Wellness & Consulting Inc",ChIJOxdRX2dUdFMRxsOfaS8HNKc,,
Markham Lymphatic Centre,ChIJOUl37mbU1IkR_xAjpqWjaDk,,
Markham Pelvic Health,ChIJS6JnkMzV1IkRkzujZ7jhzKs,,
Markham Psychological Services,ChIJ6wbfctrX1IkRvfCaZSTR5Lg,,
Markham Psychologists,ChIJN0_0ft8p1YkRymueXilgbdg,,
Markham Psychotherapy,ChIJj4Fx763V1IkRKHgVkVykBjk,,
Mark’s Revitalizing Massage Therapy,ChIJ1XMgPEqzCVMR-X60vfxKH8Y,,
Marnie Horst Counselling and Consulting,ChIJ6zs1_JcfWU0RSKwkdFRKYQM,,
Marpe Wellness,ChIJf51bTK5fcVMRAqEL0igt4Qo,,
Marquis Counselling & Consulting,ChIJ7aAt4Rgf1YkRyW_9j9rzgHw,,
Marriage & Family Therapy Toronto,ChIJ20qkMj83K4gR8Z1zLOaYAG8,,
Marriage coach by familyhood,ChIJQxzS4OMVK4gRhcsH0a0pFqs,,
Marshall Peter Dr,ChIJBx-7AV-9KogRLL-parYse_g,,
"Marta Beranek, Viewfinder Counselling",ChIJFd5edLY9oFMR_PVKcTiPqr8,,
Marta Leskiv Psychotherapy,ChIJuwGeRuA1K4gRfbj3ne3CXks,,
Martin Van Nie Psychological & Consulting Services,ChIJKapBF0qRkFMRzAul51UTYOA,,
Martinson Health,ChIJjS9TZ8S7ClMRT97uyeU750U,,
Mary Ann Coulter,ChIJ7VRjGeUFzkwROLrB8CUPHP4,,
Maryvale Adolescent Family Service III,ChIJjw6QH48tO4gRaWQA85P54jg,,
Masahe Studio,ChIJa43qhmI_cVMRXNLVPTH4qNc,,
Mason Counselling,ChIJOR2gjRWjKogR0eqy1WeHIdY,,
Massage Addict Airdrie Kingsview Market,ChIJRzwnOrhfcVMR3Wi0hpf5KTI,,
Massage Addict Cochrane,ChIJi7CBGO1BcVMRwFHGpXY6Zrw,,
Massage Addict Okotoks,ChIJuajp1MyZcVMRMwVKrB2ioMU,,
"Massage Therapy Collective - Grande Prairie, AB",ChIJ7Qcc9qGRkFMRF2OM2DrFa5U,,
Massage Wellness ( Melissa Thai Healing Center),ChIJT07UqYMPsFMRiUUbV6SiMAM,,
MassageWorks Cochrane and Chiropractic Care,ChIJESKDLiRBcVMRI5xartjQ6Yo,,
Master's Counselling,ChIJkb56gR5xcVMRbUDIWyJbYyk,,
Mastery of Self Inc.,ChIJCf5rYOYVK4gRL5-q51PzOT4,,
Maternal Health Niagara,ChIJqe3sUKlR04kRq1gprXcL6ys,,
Matt Nassour Psychotherapy,ChIJz7le4H8HzkwR2quJU6l5sXs,,
Maya Dousti Psychotherapy,ChIJz4_PxDrL1IkRkDRh8oD_jMw,,
Maya Spiritual Coach Ari Martinez from The Maya Shaman Team,ChIJkybVuN2zCVMRFgb2XCRq2KM,,
"Mayerling Hurtado, C.Psych. Clinical Psychologist",ChIJ-eyajSRFK4gRPba6zseTPAY,,
Maz Counselling,ChIJQ4_4Za0FzkwRXykpT84XQK0,,
McAtee Psychology,ChIJ-3TjvBt3cVMR22dgGQmj_hQ,,
McCormick Psychology,ChIJa0Xw6CUWoFMRBg6q7VVslTA,,
McDermott Jennifer MA RSW Counselling Services,ChIJ4_72M9KiKogR8JKVognM-vM,,
MCG Counselling,ChIJ0efwEkqRkFMRR5qtIyTY8Z4,,
Mcgarragle Psychology and Consulting,ChIJlcygGkbVOogREcgFIIo0KwI,,
McGrath McKinley Counselling,ChIJZV7Is-iRK4gR4W4FkDhta9A,,
McKenzie Psychology,ChIJPc4TCgLyLogR4goRrJA7gNs,,
McKenzie Psychology,ChIJfVtKSGstO4gRoMlexer1EAo,,
McMurray Mediation,ChIJd1Ri9-AJsFMRPYcOcrDXThQ,,
Meadowbrook Counselling & Healthcare Associates,ChIJt4bPzG_W1IkRZxjxVXQoqRM,,
Meaningfully Connected Counselling and Psychotherapy,ChIJ9Wqscxp4og0RHnZBBjGm9PQ,,
Med Wellness Physiotherapy and Rehab Centre in Vaughan | Massage therapy in Vaughan | shockwave therapy,ChIJUWJxO3wlK4gRIiZlORQXuds,,
Medicine Hat - Alberta Supports Centre,ChIJo_JCgM4tE1MRmyNae73bKow,,
Medicine Hat Counselling,ChIJOUXcBrYtE1MRXwHfOzFkR7E,,
Medicine Hat Family Service,ChIJF-2YXlcsE1MRv44Fu3TDQSA,,
Medicine Hat Physiotherapy Centre,ChIJ7_UbvoYtE1MRdSWttI2htNM,,
Medicine Hat Psychologist,ChIJdYpvNaotE1MRBDSZ4znOXfo,,
Medicine Hat Recovery Centre,ChIJAQIDEVEtE1MRdgfjGpLOBu0,,
Medicine Hat Remedial Massage Therapy,ChIJJbIB9lksE1MRW9ULaG10YH4,,
Medika North Occupational Health Services,ChIJm8tVw7QOsFMRbgMiDbvR5LY,,
Meilan Counselling Clinic,ChIJyYr05K4FzkwRB5EFnTxfJUU,,
Melanie Huffman Child & Parent Counselling (Inside Rising Phoenix Therapy & Wellness Centre),ChIJxaDHytKt0kwR1_rmWEX3cOQ,,
"Melanie Tinianov, RP",ChIJ_6vZlR3T1IkRfcspHgVUwn4,,
"Melanie Vassell, MC, Registered Psychologist",ChIJ__8qpM2ZcVMRO3VVh3RsDCM,,
Melanie Walker Counselling,ChIJtdyMOCtgK4gRBZ50cmfdnJ8,,
Melcor Centre,ChIJ9TsoBNKHblMROyloVUzpX_k,,
Melisha Franks - Learn Heal Thrive,ChIJv-022D4tE1MR_fdmkTx3KbE,,
"Melissa Lowe, MSW RSW",ChIJyRAZeJD1K4gRl-vpMQbJWWI,,
Melissa Rossi Psychotherapy Professional Corporation,ChIJZ1UUH3lR04kRNtgRNmF735o,,
"Melissa Scheichl - Social Work, Psychotherapy",ChIJue4fSH1HK4gRa13cS1AGCws,,
Mellon Psychological Services,ChIJRUvxOEuRkFMRMSdv3V6wFwI,,
Mellow Wellness,ChIJPVD4h6fV1IkRrlAbg7Yh0jE,,
Men's Wellness Clinic,ChIJ0eyw__41i44R1-79XNam_JM,,
Mend And Move Physio Wellness,ChIJNWKZylAd1YkR2HnTUr5RZ4w,,
Mendable Psychology,ChIJCQEQdaeRkFMRq6ZRgDhuaUA,,
Mental Edge Counselling and Therapy,ChIJa_PMee8BL00RTG256tHNV6k,,
Mental Flex Counselling & Psychotherapy,ChIJl4DbxmGXLIgRUA0bMYsRmJg,,
Mental Health,ChIJK7OJeXcmoFMRy_sph4LKcxY,,
Mental Health,ChIJIXZeeVMPsFMRFTKHvRgEZcI,,
Mental Health,ChIJudTUD51AcVMRS5jglP8RXxY,,
Mental Health & Wellness - MHW,ChIJVVWBhGv0K4gRRtf07p1ytzs,,
Mental Health and Addiction Services of Ottawa,ChIJr6-SFfoGzkwRND_jXBuC6MU,,
Mental Health Clinic,ChIJedUpXq9HnlMRI-ZzYL1UCPA,,
Mental Health Clinic,ChIJDXI3lhUtm1MRXVcZrKd4OsM,,
Mental Health Clinic - Alberta Health Services,ChIJTSg5ct4koFMRhMnqv3--pz8,,
Mental Health Connections,ChIJGYGv3eQsO4gRpAxbU70ldD8,,
Mental Health Support,ChIJQydUHleaK4gR8XFgKfAPMOc,,
Mental Health Support Svc,ChIJURmYIe8sE1MRPreCR77K9WI,,
Mental Health Svc,ChIJWX__20CcoFMRHeYVHjDnsOs,,
Meridian Integrated Health and Wellness Centre,ChIJXcCvOzKGblMRgKGKq2YlDQg,,
Meristem Counselling Services,ChIJEzfU8-xdK4gRXyCXbPIbZN0,,
Merrymount - Family Support and Crisis Centre,ChIJAUqGaEbtLogRmhLUxFT3LOc,,
Mersi Counselling Services,ChIJnboHsapfcVMRcDwcxusDC5E,,
Metanoia Health & Wellness,ChIJ2dRKcTMrO4gRVyQ6-3XP1Bs,,
Metanoia Mental Health,ChIJ7VOpUdGHblMRqPWp-LHy1r8,,
"MetaTherapy Chiropractors, Physiotherapy, Personal Training & RMT Massage",ChIJdSCur8LU1IkRHcy4JFQBtQI,,
Michael Walecki Psychotherapy,ChIJ6XHyjqRHK4gRGJa8Guqzz7g,,
Michaela Torrie Psychotherapy,ChIJ4XfQ97b1K4gRU5hMlqKma8o,,
Michelle Berthiaume Care & Counselling,ChIJ0w5B-W4BL00RUM9fUU6KB5g,,
Michelle Harris & Associates,ChIJ5ZEeGS6jKogRrzc3dEwAwfM,,
Michelle McKitrick Counselling & Consulting,ChIJt7dqYMsjWU0RA_zCtG9CVUc,,
Michelle Neustaedter Counselling,ChIJRQsBRUJfcVMR2-IjmbHFQLc,,
Michelle Sher Psychotherapy,ChIJ13dl6VkqK4gRJaFUj4kp1fI,,
Michelle's Massage & Wellness Studio,ChIJhYFHq3GPn1MR4h0OrAUplpM,,
Middlesex Therapy Centre,ChIJd4WbR110h64R3ENKWTm2L5I,,
Midnight Sun Wellness Holistic Psychology,ChIJV1EcK7E9oFMRLc1F7HmScyE,,
Midtown Counselling / Midtown Rehab,ChIJKbrG5ZH1K4gRzwPVm-O_RI0,,
Midtown Toronto Counselling Centre,ChIJbUHHoMIzK4gRstUxDFm8u1g,,
Midtown Toronto Therapy,ChIJr1QNiucyK4gRJn2bXKicfgQ,,
Mikaela Pahulje Counselling,ChIJM31lFMyHblMRBhInoXPdork,,
Mike Cardinal Counselling Services,ChIJOW01qHgtO4gRlQ8ciC8Fh9w,,
Mike Melles,ChIJUwXtz1Wq0kwRwcOkqu5tZqI,,
MILESTONE Wellness,ChIJzyfzKQGz0kwRdiTOzd5EeOQ,,
Millan & Associates,ChIJ2VpE1J7U1IkRy4r4CJZYVyY,,
Mills Gosse Psychology (Oshawa),ChIJuWPeROcc1YkRP_P9DsbKKkI,,
Mills Lunman Counselling,ChIJPWe3wEQD1YkRlgJvPKnvLrs,,
Milton Psychotherapy Centre,ChIJQ-x_JzZvK4gRJsjxuylUILQ,,
Mind & Matter Psychotherapeutics Inc.,ChIJ27dTJJ9RdFMRa59uzqqccU8,,
Mind 2 Heart Connections,ChIJizjc_cG9KogRT6Du8KkYVCo,,
Mind and Soul Counselling,ChIJewM9fhCPn1MRT-IiCx9wmI4,,
Mind at Ease Psychotherapy,ChIJ-dvyOACt0kwRvdN91YtkK90,,
Mind Body Connection - Trevor Smith Psychological Services,ChIJtRTmazctE1MR7fMBsUO5jKQ,,
Mind Body Psych,ChIJIUdQEm0noFMR3quPSmdXJKg,,
Mind Connect Psychotherapy,ChIJTZzkCCzVOogR0ZVYVvl_vG0,,
Mind Connections: Neurological Rehabilitation,ChIJd9RjPYzV1IkRyxOPBVascqk,,
Mind Grove Therapy - ABA Therapy Mississauga,ChIJ1dHF97xHK4gRIKCiwmJXKcQ,,
Mind In Bloom Counselling Services Kingston,ChIJZUc7IZKp0kwRqLNACGc2um8,,
Mind in The Moment,ChIJg0EGnCorK4gRi1I9Tol4vTQ,,
Mind Matters Psychotherapy & Creative Education,ChIJ-VXOt5of1YkRO2ggLjGErCY,,
Mind over Matter Psychotherapy & Counselling,ChIJ0xEhyQ5rK4gRoZaOKP5FjEE,,
Mind Revive Psychotherapy,ChIJoXyHW9hxcVMRIVq3zmiK8Kk,,
"Mind Shift Therapy and Neurofeedback: Maternal Mental Health and First Responders, Trauma, EMDR",ChIJkZzxULyKnSIRim8HSKE4xyc,,
Mind The Gaps Psychotherapy — Kirsten Davidson,ChIJU_bN0DiBUiIRwW4AWbtwNKo,,
Mind Toronto Psychology Clinic,ChIJP3eGuQzN1IkR_sg_MGQ-Hb4,,
Mind Unwind Psychotherapy,ChIJ6WxqbEU7xiMRzf5vqsKJ2vI,,
Mind Wings Counselling Services,ChIJMe0qFHsXK4gRLoNCw5mOCWI,,
Mind360 Psychological Services - St. Albert,ChIJ_-97KT4noFMRPAOyC92Enfw,,
MindBody Physiotherapy & Wellness Clinic,ChIJE1lrNbP7n1MR2NSrrJC01KM,,
Mindbody Wellness Centre,ChIJD5LXad4p1YkRE_stLPGRYzQ,,
MindBound Counselling and Psychotherapy| Kingston Therapy,ChIJ5aA5ywCSi4URjyoOlkNoWkQ,,
Mindbuffs,ChIJ8zXJeWYXoFMR3AjB2iVlwOk,,
Mindframe Psychology Centre,ChIJr3og3TBHK4gRXOXMtj88PMA,,
Mindful Acres - Therapy inspired by nature 🌿,ChIJbxSwEaFTU04RaFg3WIVyG20,,
Mindful Beginnings,ChIJ6zB9qj4tK4gRirUvv8Mmdbw,,
Mindful Growing Counselling | Alessia Ciampa | Psychotherapist,ChIJkYJsUpsvK4gRs5vyFaJi2TI,,
Mindful Hands Massage Therapy,ChIJMck96skJsFMRE9_MbUX8hZ4,,
Mindful Healing,ChIJXcAcd7Xkw40RAixJrMSaZ8Y,,
Mindful Heart Psychology,ChIJj6ixUMgXoFMRbq8YERkbbf4,,
Mindful Insights Psychotherapy,ChIJQdxmNp05K4gRehbE6TvGdFc,,
Mindful Kids Psychology & Wellness Centre,ChIJjTgNbfk7K4gRoV77dhxVqPk,,
Mindful Lotus Psychological & Counselling Services,ChIJBVWan5UnoFMRq7yGsvjw0dQ,,
Mindful Mental Health,ChIJKxkB7MQd1YkRRYAbSa_iclc,,
Mindful Path Counselling,ChIJu_dVhmr1K4gR_6N39pFMCd0,,
mindful peak therapy,ChIJUc9ieNdRdFMRVwiiXP1PwlE,,
Mindful Psychology,ChIJZ2dzhbBAK4gR-ZSKoV2kgHc,,
Mindful Solutions Counselling,ChIJxeXf8fkTlIYRapTYkya5-uY,,
Mindful Wellness,ChIJyyHK-g8_cVMRQXTInxt_LvI,,
MindfulCareer Mississauga: Career Coach | Student Academic Advisor | Career Counselling Mississauga,ChIJH56tzWo5K4gR2eW4AHQ8sQo,,
Mindfullness Based Counselling,ChIJwWga6CYiWU0R1BqI1zmePAU,,
Mindfully Me Counselling and Trauma Therapy,ChIJ7U07dwItO4gR0idiD9oZaJU,,
Mindfully Now Therapy,ChIJRdpcfmZvcVMRdnHqThssvOs,,
Mindfulness Psychotherapy,ChIJG-KZ37otK4gRGNVyi3HP2Yw,,
Mindfulness Therapy Clinic,ChIJB2yKE9KPn1MRZxh_AnM-5v8,,
Mindfulness Therapy Clinic,ChIJSWjl5GL5n1MR6ubinbS_DUw,,
Mindfulness with Hailey,ChIJnSYOh_CrL00RCYRzASeq2E0,,
MindPeace Psychology (Markham) | 千山静心理诊所 (万锦分诊所),ChIJ5e1OEXXV1IkRsQB3FBVA3iI,,
Mindscape Psychology Inc.,ChIJ3SmgE7_UbFMR6tm-cKXYnbk,,
Mindset First Mental Health & Performance Inc.,ChIJh-vwFq4pK4gRBwKTbjb1nLY,,
Mindset Haven Counselling,ChIJNcwZZ3gWWgARk_ZI13tgqec,,
Mindsight Counselling Services Inc.,ChIJG7X2YWsL7ywRFR1F4Jjuqh0,,
MindSpa Mental Health Centre,ChIJoe_FX5yDGCARznE12RfPtHo,,
MindSpa Mental Health Centre,ChIJbdLO1I8PzkwRSYL-oaAKC_0,,
MindSteps Psychology,ChIJt3BkkeHxK4gRxlU-wV8YMdo,,
Mindwise Mental Health Services,ChIJcZjWeR-FLIgRN7MTJB9B4wE,,
Mindy Bilotta Psychotherapy,ChIJP0a59vdb04kRbiXXKGAwtdw,,
Mindy Smith-Bernard Registered Social Worker/Psychotherapist in Kitchener-Waterloo,ChIJC-y103P1K4gRK9UuMFpgcRw,,
Mint Therapeutics,ChIJSV3kUPOPn1MRKyq99n6PhmA,,
Minto Councilling Centre,ChIJV33CD9srPU0RkFRG9hC8SGk,,
Minty's Massage & Wellness,ChIJ9zwp3CoXoFMRaJPNpnrMoKA,,
Mission Health Physiotherapy & Massage,ChIJBaXCsdXulCkRn1mOol8kRek,,
Mission Kare Life,ChIJB0csOQAd1YkRaWsxvi3f-Dk,,
Mississauga Child Counselling Therapy,ChIJ8YDOPgBFK4gR7v31OIdKdRE,,
Mississauga Family Counselling Therapy,ChIJByziJQBFK4gRqtsHxKRe4Sw,,
Mississauga Psychotherapist,ChIJGfStZQBFK4gR6Y_JuavIKNc,,
Mississauga Psychotherapy Centre,ChIJ04eIS8i_xqgRy-jl-A1ZnSU,,
Mississauga Psychotherapy Counsellors,ChIJEyyUSwBFK4gR7ONFeCwAlkE,,
Mississauga Trauma and Addictions Counselling,ChIJ_0OQgItFK4gRMxyTkK4ALT8,,
MK Psychology,ChIJXR6rKNoXoFMR3mCs_ed06Ok,,
ML Counselling Services Ltd.,ChIJ9WXADraRkFMRVRr3jy0LJZk,,
MMB Counselling & Consulting,ChIJC22ndU6RkFMRsxQGpRSiVAY,,
MMcFarlane Counseling Services,ChIJGbF4AKyWkFMRzr6HpG8z7Ng,,
MN Psychotherapy Services,ChIJaZP79LgFzkwRy3bKOk3k0h8,,
Modern Assertive Parenting,ChIJT_9uQV9jvkMRWniJ7mVDelc,,
Modern Calm Wellness Spa,ChIJs2CH4hMJsFMRRVmkeXV3GE4,,
"Modern Psych - Eating Disorder, Anxiety & Performance Counselling",ChIJkSRtPxpV8gQRnElygpixZpY,,
"Moksha Psychotherapy, Counselling & Consulting Services",ChIJ28ljDS5HK4gRG0eDgeywEkk,,
Mollitiam Counselling,ChIJ1WdzmbEloFMRrRDMKAKbThU,,
Momenta Clinic for Psychological Wellness,ChIJ7cKAlpYVK4gRiHKtANMxUyw,,
Momentum Counselling,ChIJ6VnFgXMioFMRzljBhOdlrPw,,
Monarch Counselling,ChIJYfZ8jOT1K4gRyPyWXeybLNg,,
Monarch House Markham,ChIJDRNtWUczK4gRmhi7XK2pyQw,,
Monarch Psychology,ChIJnTY-_KNvcVMR_FjgWbCzA3o,,
Morris Counselling Services,ChIJdQQmenDVOogRQGag2KQVkvg,,
MOSAIC Healing Services,ChIJdaobZ8mHblMRFEe2cJMU2Mw,,
Mosaic Psychotherapy Collective,ChIJP52RTLhR04kRfzTA37ikOQw,,
MosaicMinds™ Psychology Clinic,ChIJtTT3iQpdK4gRY7lFMEq6ORM,,
"Moss, Rowden, Freigang & Associates",ChIJ1z9rKEAVK4gR0NMDCv3q4HQ,,
Motivating Potential Inc.,ChIJ_fS2lZC9KogRJpw4Q4Q67zw,,
Mount Etna Child & Family Services (Oshawa),ChIJxy2Khlkd1YkROAq55bjc6Do,,
Mount Pleasant Counselling & Psychotherapy,ChIJ1eFITYQTK4gRdydvetvXT14,,
Mountain Brow Counselling,ChIJMfE_RaWbLIgRlwsPn0Dwefs,,
Mountain Counselling,ChIJtcG3tiT1K4gRLd2niAViXGE,,
Mountain Mary Ann,ChIJP7Yqd0MfWU0R5NN-jfQA3l8,,
Mountain Plains Community Services Society Of The North,ChIJvRcDO0yRkFMR2Gdj1dZ4P14,,
Mountain Ridge Health Centre,ChIJ_6WCvkmGblMRgEvaW5AnNYE,,
Mountain Top Counselling,ChIJG2WHtGlBcVMRqIs9mrb_fpo,,
MOVE Therapy,ChIJJ73aFDQhWU0RMCsoKlTED6g,,
Movement Health,ChIJG_ibUscsO4gRHaI1H6-Kk-E,,
Movement Rehab Inc,ChIJB1gBcCcVK4gR06JtzU8gGoc,,
Moving Forward Counselling Services,ChIJmfyJqr6RkFMRfRiK0FSr-xY,,
Moving Mountains Counseling,ChIJq8MZX9tVdFMR28cwEJfglD0,,
Murray Silver Counselling Ltd,ChIJUfx8dbWHblMRfUbhMMuGDpc,,
Muscle Elements Health & Wellness.,ChIJubDXS5g9oFMRP1L1IRyBsHM,,
Music Therapy Services of Simcoe County,ChIJVVVVoSq9KogR2BWhIV-KMOg,,
Muskoka Family Works,ChIJn0aRqcxzKk0RzCBUWlOyPaI,,
Muslim Social Services Waterloo Region,ChIJiSBqiSP1K4gRtM_8eIHaGY4,,
MVMT Physio & Chiro,ChIJe0vgFOEloFMRnSvQUMoVdXg,,
My Growth Counselling,ChIJATHsvaJHK4gRgSw2Uv_jFvA,,
My Harmony Wellness MH,ChIJJVBnojEtE1MRIdWKnePCsHY,,
My Inner Peace Counselling & Psychotherapy: Barrie,ChIJaSRNaRCjKogR1ip8THZ7QM8,,
mY PSYCHOLOGIST,ChIJ3VOtVoU3zI0RoweCmaaaFEA,,
My Shanti Space Wellness Therapy,ChIJebghnu0VK4gRfWNqYOPECkw,,
My Village Therapist,ChIJ9SiEpyDxLogRR3taD8WX724,,
Mya Barak Counselling,ChIJ5XZrJifzLogRuRf0zyALRpY,,
MyLife Counselling,ChIJT10BIsCaK4gRfVw25krg1Yg,,
Myo Markham,ChIJIdcnGlLU1IkR4lkou7r-ReE,,
Myriad Psychology Ctr Inc,ChIJl5mmGoNAcVMRdbERriaIS-c,,
Nadine Braun Psychology Inc.,ChIJQetIFlQsE1MRYqZF5C6CGPQ,,
Nadine Lepage Counselling,ChIJq_V0diItE1MR0QixWpmSKgY,,
Nafs healing,ChIJ_9w-Ho1BK4gRT3Ik3bXsmD8,,
Nafs Healing - Psychotherapy & Counselling,ChIJxe7ZFDWLK4gRhiHoAv0npAg,,
Nancy Ann Fowler & Associates,ChIJgfOYB51AcVMRcDrjhjBn7Dw,,
Naomi Ezinga Life Coach with EFT and Reiki,ChIJXx4JIsy7ClMRz8X6B3y843E,,
Natalia Love Angelou & Sacred Breakthroughs,ChIJExg_rw1R04kRSDxcKCs-pa8,,
Natasha Hammond - Discovery Psychology,ChIJjZ5LqalRdFMRCnw2Sxle2OY,,
Native Counselling Services of Alberta,ChIJQ_XRGtAjoFMRgPisjYw2GxI,,
Native Counselling Services Of Alberta,ChIJvc_iI8yHblMRVZPTOITZAqw,,
Native Counselling Services Of Alberta,ChIJ3y6Irk6RkFMRAldg4P8QhTs,,
Native Counselling Services Of Alberta,ChIJOUdkr7UIsFMRLSpiWDY28qk,,
Native Counselling Services of Alberta,ChIJae4YB8aRn1MRRi3uY9R9lnM,,
Native Counselling Services Of Alberta,ChIJDVjgRJGyCVMRaReXOOtXTOs,,
Natural Balance Physiotherapy and Wellness,ChIJQV0oJp1AcVMRbc8oJFdMFLg,,
Natural Care Massage Therapy,ChIJoX0KdDW6ClMRF0TP1ekPaTM,,
Natural Choice Medical Clinic,ChIJVVUV-5iaK4gRfg5Omk3E6ck,,
Natural Touch Rehabilitation Centre Brampton,ChIJS_TGZvcVK4gRdm4wDeUuYu8,,
Nature's Retreat- Massage Therapy,ChIJ5ftAVoW7ClMRyTgSMnfUnZM,,
Naturopathic Fundamentals Wellness Clinic,ChIJ5WOj-mtfcVMRIWIXeqKnzLE,,
Navigate Counselling Services,ChIJnWD1Y8hdK4gRci1ImWPgVow,,
Navigate Mental Health Services,ChIJcTO3oM-bK4gRnS1qo_K0P0k,,
Nesbit Counselling,ChIJk7ZNfROjKogR1DScHdF3yBs,,
Nest Family Counselling,ChIJAaYl7Z8XoFMROUWrvYG1W80,,
Neuro Wellness Institute Inc.,ChIJF2yWUlObJYgR0QIFzNzC4lA,,
NeuRoute™ Psychotherapy,ChIJtd4CRPb_nIQRMPe7fYpMe_s,,
NeverMind Counselling,ChIJr7chJgAtE1MRcWGY_9odc-o,,
New Beginnings Barrie,ChIJEwyz226jKogRXOQdGk2jZJs,,
New Beginnings Sleep Consulting,ChIJkXsLSd89oFMRM0XB0RRKC8M,,
New Chapter Psychotherapy,ChIJXzuFH-MHzkwRDb9g8q8Fz24,,
New Connections Therapy,ChIJn8B5hhdXdFMRrLlKkbg54Mg,,
New Dawn Medical,ChIJse65kmwd1YkRIWoc0320hF8,,
New Directions Counselling,ChIJoTgsY5ufLIgRTqN7myBsCiA,,
New Heights Occupational Therapy and Wellness,ChIJZX-mFu-JblMRTALaMkm1ceI,,
New Heights Therapy,ChIJq6q6J25fcVMR75zgqd3F6nI,,
New Hope Counselling Centre,ChIJ6dHEhyOeLIgRMyEqxqqqec4,,
New Horizon Counselling Services,ChIJI0vOkSoJsFMRfsqgcW8ovEc,,
New Horizons Psychology,ChIJF3e3BL1dK4gRQ8ld5NKqDCw,,
New Horizons Therapy,ChIJAVB1VwonhAYRH0J2Z_NOK6U,,
New Insights Counselling,ChIJ_S9AAPczK4gRE4BbKf01hvM,,
New Leaf CBT and Counselling,ChIJ6_KrO2dR04kRigt8vS0BES4,,
New Life Counselling,ChIJe5qEBSxpcVMRJFONOjvSQFo,,
New Life Counselling & Advocacy Services,ChIJ--sKGmAsO4gRyauDJnFs4Sw,,
New Life Natural Health Center Inc,ChIJFc72iqguO4gRVduvmWDrySI,,
New Light Wellness,ChIJ0Wc0NkOZcVMRHZgZOkEhoUY,,
New Moon Counselling,ChIJraxy_uP1K4gRh8vuKMgaxjE,,
New Moon Psychotherapy,ChIJBw5Z7DU1K4gRUQ26fiU1wyk,,
New Page Counselling,ChIJU70VOQW9KogR1PWzArmHKVI,,
New Path Youth and Family Services,ChIJFZmghhujKogR8jgSjL57-OU,,
New Path Youth and Family Services,ChIJ6e-xs0e9KogRfAYVJYpSNno,,
New Paths Counselling,ChIJF1ASNoEd1YkRiluZqy2Pf2o,,
New Perspectives Counselling,ChIJsff0SSVHK4gR_VmfaM0-7-0,,
New Purpose Counselling Sylvia Lerette,ChIJq6o64uQloFMRdIfMtb5289A,,
New Radiance Medi Spa Ltd,ChIJ8apahEZBcVMRngmDJ2kyERw,,
New Roots Therapy,ChIJfVjc5BIe1YkRTCw_OAWAHNw,,
New Track Selfcare,ChIJicF90AzvLogR-W0XdyTpAAU,,
NewVista Psychology,ChIJoabLF35xcVMRPHUb-NgXLiM,,
Newways Counselling for Wellbeing,ChIJS5lpxPbDGWERi1p-yAL2O04,,
Next Level Injury Management,ChIJhcPmvd8fWU0R7NCgU46iEZ4,,
Nexus Psychology,ChIJkSwTCdEXoFMRZO2jFHRCwVU,,
Niagara CBT Clinic,ChIJk4M6oy1R04kR1RznxBeTzGA,,
Niagara Counselling Services,ChIJ__9LEJJJ04kR2eeQ9XvFF5o,,
Niagara Health & Rehab Centre,ChIJ9Y5oN3ZR04kRVBY-nncLWMU,,
Niagara Integrative Therapy,ChIJ5a47kktR04kROZgHYIb-1rM,,
Niagara Life Centre,ChIJVxZRzDZX04kRtcUl2CrZM0k,,
Niagara North Family Health Team - Carlton Street Site,ChIJNcYFoQdR04kRCooSf3lhsFI,,
Niagara on the Lake Counselling,ChIJXcHcAV9f04kRgaDhPnTPsWo,,
Niagara Psychological Wellness,ChIJmZRD5PdQ04kRX4WRW53LjrU,,
Niagara Stress & Trauma Clinic,ChIJx62TbKVR04kRPofnyfxosSA,,
Niagara Wellness Centre - Counselling,ChIJx37JZb1R04kR9S0x4hKaxGE,,
Nick Considine: Holistic Health Services,ChIJGc6lvPyOn1MRbA2a_aHVqkQ,,
"Nicole Langdon, Somatica Trained Relationship, Life, Couples, Dating, Marriage & Sex Coach",ChIJUVumUQHxLogR2OO1bAaF8vI,,
Niilo Wellness - Counselling and Psychotherapy,ChIJERu3CR6bK4gRgSPD6x160vk,,
Nilgun Tunali Psychotherapy and Counselling,ChIJv5kOe7g1K4gReiF5m7-eZ2Y,,
Nilou Nikou Professional Psychotherapy Services,ChIJ5x2PyS4vK4gR3E_gM5Qpy8Y,,
Nirvana Wellness Centre,ChIJ5yrYUTMVK4gR4BwsB2aGmOg,,
NISA/Northern Initiative for Social Action,ChIJqZJvUOaqL00RTMqI17FqpnU,,
NMA Therapy,ChIJBYbGze5gK4gRb5qV5wcbXBI,,
Noelle Jagger Counselling,ChIJ-5DP81ohWU0RCrjxiTMiZJs,,
Noia Mental Health & Wellness | Therapy in Hamilton,ChIJkWVacHDzFoARG--YKNvjBP4,,
Nola Marie Sharp Counselling Service,ChIJTxBCHMm7ClMRjtN9PPyDRQ4,,
Nordic Psychology Inc.,ChIJORz7EpCXcVMRYnCvkxgLXkU,,
North Bay Regional Health Centre Kirkwood Place,ChIJp231-AcAL00RGF-6QgejvL4,,
North Counselling and Psychotherapy,ChIJA3VDS0DxLogR-GquN2wWBD0,,
North Land Family Counselling Group,ChIJz53PLMOiY0ERtGnjRS7EEq8,,
North Simcoe Physiotherapy,ChIJyUm_Knkb1YkRqD8iEcXcV9M,,
North Superior Art Therapy Services,ChIJJR8YVtkfWU0RhZ7CVZqxD_o,,
Northbound Psychotherapy,ChIJZ84W8QQBL00R50dv3nzJFKs,,
Northern Ontario Counselling Clinic,ChIJVw-xf22rL00RpMR3d6qNKLY,,
Northern Outreach and Clinical Services NOCS,ChIJAQCwGFqqL00RGfklOzxxqJM,,
Northern Psychology Group,ChIJnZeqh5FVLk0RuJcvUCzaqxY,,
"Northern Purpose Psychology, Tanner Daniels R. Psych",ChIJ03i5-TdVdFMR6aT1g59Xpd8,,
Northern Skies Wellness,ChIJXTLQIreoL00RfsCxZw1pSuc,,
Northern Therapy Practice Inc.,ChIJubmXpY4BL00R3qUqRodYLvk,,
Northland Psychology,ChIJn6RTYM1xcVMRoR2F30NWACw,,
Northside Psychology,ChIJ34mX8B09oFMRvRqcabhdeVA,,
NorthWest Ontario Therapy,ChIJUY96tPchWU0RLPH64nDBB8M,,
Northwest Psychology,ChIJ02AZzPFvcVMR5G8d6TB5zX0,,
Northwest Wellness -Counselling and Consulting,ChIJH6tCfh4jWU0Rmx-wg2wz1Y0,,
Northwest Wellness Centre,ChIJox79TkmRkFMRUnbEWDudEaU,,
NorthWind Counselling Services,ChIJbUObGX4fWU0Rw-8jhABXV8Q,,
NorthWind Family Ministries,ChIJN2YCkpEfWU0RbR7AM31FHaw,,
Northwoods Health Centre,ChIJI3OrxuAhWU0RSYFoBx-zleY,,
NorWest Community Health Centres,ChIJBVMPq6wYWU0R4wOocLAYZtk,,
Nottinghill Family Wellness Centre,ChIJ4dVadZ9dK4gRzcJ1iZdVDOM,,
NOUS TALK,ChIJq6rq82z0K4gRWyW_X8V2PEw,,
Nouveau Laser and Aesthetic Centre,ChIJEYC8GXetCVMRojVWXvuUBgw,,
Nova Counseling Centre,ChIJIbjM_motK4gRh1m-Dyo0KAE,,
Nova Phoenix Counselling Services - St. Catharines,ChIJ71FCbnJR04kR1tlOGhiCyHc,,
Nova Psychology,ChIJgXgnGLX1n1MRqc3pWjjwPbs,,
NovaVr Counselling & Psychotherapy,ChIJkfBcqPbFVGMR63iKYhYG74M,,
Novelia Wellness - Physiotherapy | Massage | Acupuncture | Psychotherapy,ChIJL1P2RrK9KogRvqncy1nCXQg,,
NowWhat? Support Services,ChIJgce76lmbLIgRstkpQMdVR2Y,,
NRG Healing Hypnotherapy and Wellness by Jodi Townsend,ChIJEXCEXFk_cVMREqv9Ey8cCtM,,
Nth Degree Therapy Markham,ChIJ16V_0u_X1IkR1GJPxK1eHgE,,
NuGrowth Counselling & Wellness Services,ChIJaWpaQvstm1MRLNJ2YPSuqi0,,
NuMode Foundation,ChIJ7zPMCbAVK4gRzzCLZjCi4dU,,
Nurse Psychotherapist Association,ChIJOWRl4AU_K4gRwRYzLdMo9mk,,
Nurturance Health,ChIJFxNzpGchoFMRdM8_hjFVgU0,,
Nurtured Minds Retreat- Wizard Lake,ChIJszsfcyrdn1MR7f9f5sjDdSk,,
Nurtured Minds Wellness - Leduc,ChIJAQDQGQv5n1MRrU_sAfP5Sw0,,
Nurturing Wellness Clinic,ChIJZVNuVlA5K4gR4LOI7kEIrsI,,
Nuummite Psychotherapy,ChIJy9g-TxGEFEQRGO0pOm-6r7Q,,
Nuway Consulting Services Inc,ChIJVdtu9SRUdFMRt9SwtfPXAGI,,
NWP Student Mental Health Services,ChIJNT1w22KRkFMRwtiOLzkciZc,,
Nūrish Psychotherapy,ChIJzw_IW-cFzkwRVgH4iPlX9S4,,
O'Reilly Counselling and Psychotherapy,ChIJ38S-l4APsFMRsYE3WN0_w_g,,
Oak & Rose Counselling,ChIJleISj83YEU4RTwCCRFK9w8Q,,
Oak and Stone Therapy,ChIJg417ZMdVdFMRUYHvz0s2r6I,,
OAK Physio & Wellness,ChIJfamTRBlDK4gRCmgMwjRgwaA,,
Oakridge Children Services (ABA Therapy Centre),ChIJfflQtMUVK4gRN6TFEanZg-Y,,
Oakridge Counselling - Elizabeth A. Lacey MSW RSW,ChIJPRYrtmvwLogRL7NJV_fd_bM,,
Oakville Centre for Cognitive Therapy,ChIJ_S2jlRADWkARW-Dw8OfTZrE,,
Oakville Child Counselling Therapy,ChIJuQ-sMgBdK4gRbFHZ1-WxUTI,,
Oakville Couples Therapy Counselling,ChIJZ6MgFgBdK4gR7sTEAsYxG5s,,
Oakville Family Counselling Therapy,ChIJY6IZEwBdK4gRVfejBDvbws8,,
Oakville Institute,ChIJJ6evvzVdK4gRfAx0Jyxhb_Y,,
Oakville Marriage Counselling Therapy,ChIJB0mzBABdK4gRZlj7nuuIoC0,,
Oakville Massage & Wellness Clinic,ChIJbfLUKvdcK4gRFXnFU77WhkA,,
Oakville Men's Mental Health Counselling Therapy,ChIJi4TUZgBdK4gR_E5HwBZegEY,,
Oakville Psychotherapist,ChIJvfNszuVnK4gRT6-fLLc0rSw,,
Oakville Therapy by Counselling & Co.,ChIJBe5Sm9BDK4gRYdM4itqMWhs,,
Oakville Wellness,ChIJ66o2KSPTik8R0w-nCyhixMY,,
Oakville Women's Mental Health Counselling Therapy,ChIJm0mxTQBdK4gRcnlKItG1nyA,,
Oasis Family Dental Centre,ChIJPbGYD6X5n1MR2r4pEBT2edA,,
Oasis Health Temp,ChIJM7o26b8_cVMRcf-_4A4e5ic,,
Oat Straw Collective,ChIJm3cCL1Ix8qERtl1bANJwE_M,,
OATC Brampton Clinic,ChIJOTy87JcVK4gRpmozg1fTzvw,,
OATC Oshawa Clinic,ChIJ0zRlDTsd1YkRK171FhS71oM,,
OCD and Anxiety Clinic of Ontario,ChIJ9RIz4BMlK4gRToTrewSb2X8,,
OCD and Anxiety Treatment Centre,ChIJcXTh3fwrO4gRqTb-2XgJdeY,,
"OCD North | Barrie, Ontario",ChIJ6yI6SYmjKogR3btJ_KLADuo,,
OCD Wellness,ChIJg4TZR9yjKogRfqgdlmh0U94,,
Oceanbell Psychotherapy,ChIJEYo06R3V1IkR2Lj8jieZrVM,,
OCFI,ChIJo7acYrcGzkwRu-J_ZlQENJk,,
Odyssey Psychological Assessment and Counselling Services- Dr. Naheed Jawed,ChIJOW7VDWtfcVMRIk_ZETq9XEc,,
Odyssey Wellness Services,ChIJWSsvU4TVOogR9iJChyC1k6s,,
Off the Beaten Path Psychology and Wellness Airdrie,ChIJ7dWmEKpfcVMRnSfyqzExps4,,
Off the Beaten Path Psychology and Wellness Cochrane,ChIJDeSa19pVD0IRzp2AyEhGh14,,
Off The Couch Counselling & Consulting,ChIJI_jA7N6bK4gR2RGSa2mg6Yo,,
Off The Couch Psychotherapy,ChIJ52g-F62WkFMRyy4VWVP23Y0,,
Oiffer Dawn C,ChIJ28kSGHYmoFMRIW_tJ2A2-G4,,
Ok2BU Counselling and Wellness,ChIJWRs98dIVGEIROGbS0zEffPA,,
"Okotoks Autism Services, Piekenbrock Psychology",ChIJV5YYI_GZcVMRfkRRDAE5neg,,
Okotoks Counselling and Psychology Services,ChIJq6oudnqXcVMRGsqwDKTJ8Xk,,
"Okotoks Counselling- Boundless Counseling- Ashley Dreger, MACP",ChIJ76p0TDOYcVMRRtIdb-xCcz4,,
Okotoks Family Resource Centre,ChIJhVLbU4aXcVMRv7QkDZHLiE8,,
Okotoks Health and Wellness Centre,ChIJS03bU4aXcVMRmu80Gevzwfs,,
Okotoks Physical Therapy Ltd,ChIJYy4VDcWZcVMRcA6fiavQdys,,
Okotoks Psychology & Counseling,ChIJA-70QDOYcVMR37OaLNYDu-E,,
Old North Psychology,ChIJ9cONVQnyLogREYGcblphY7s,,
Olivia Grigg Counselling Services,ChIJDyy-sZHzLogRln1CcCbD5Mw,,
Olsen Psychotherapy - Counselling for Men & Couples in Thunder Bay and Ontario,ChIJ-Y2riaH2wSUR5Za0EVV-I1I,,
Om Family Therapy,ChIJVVVVkPQ_K4gRAyAI7uzCP-8,,
OMA Holistic Wellness by Sorina,ChIJlen_3nwJsFMRtLCUxSOjI1U,,
On Purpose Transformations - Your Alternative Solution to Talk Therapy,ChIJv-J0OCCRK4gRd5PL4DiKCQ0,,
On the Journey Psychotherapy and Wellness,ChIJx8wdLgDV1IkRVUzVA4NGJcw,,
On The Move Mental Health,ChIJcdwTfOQloFMR003h2Bvfe8A,,
On Your Mind Counselling,ChIJTYxhZBX1K4gRcqH8fja2kVQ,,
One Care Inc.,ChIJERnek5Ic1YkRTexQnBgX1qg,,
One Life Counselling & Coaching,ChIJlyfEv-pxcVMRysDRrJtMydg,,
One Peace Therapy,ChIJN2GYlL3N1IkRUWygL-99vm8,,
One Peace Therapy,ChIJ_c5P2pdHK4gRLAmOr8tafDg,,
One Tree Psychological Services,ChIJERkjRhgjoFMR_ESWOL3xoaI,,
Ontario Association of Mental Health Professionals,ChIJRQxGptTM1IkR7Ok2gauMq4w,,
Ontario Psychological Centre,ChIJ6T0e2Hw9K4gRvQLmN3HOdHs,,
Ontario Therapy Centre - Faith Balshin,ChIJq6G34Y0vK4gR6E_UpGjv9Ow,,
Ontario-Wide Psychology Clinic,ChIJodklF3SU1UURxkm3MZ9MEeI,,
Onward Wellness,ChIJ0QLpolFVdFMR3XTfiTs_IUc,,
Onyx Assessments,ChIJRZSiQKY9oFMR3nCfR9S2cy8,,
Onyx Counselling and Psychology,ChIJxWSOt3pEiEgRbwu7HtFl1NQ,,
Onyx Counselling Services - Harmony Jarvis,ChIJYe5vA-Kr0kwRFZwC7jX_XPk,,
Onyx Therapeutics,ChIJeRjXK2Ef1YkRQRsvcfSvxyQ,,
Open Heart Psychotherapy,ChIJWUHQHgwFzkwRmAz-nUrlyfM,,
Open Mind Wellness Centre,ChIJ-asUkCn0K4gR-RlVo6xWej0,,
Open Skies Psychotherapy,ChIJSdppjCv1K4gRataws-zIOw0,,
Open Sky Mental Health,ChIJ50nT-lcYoFMRp0b7fZUp0Gw,,
"Open Therapies - Therapist Windsor, Berkshire",ChIJJXcc-wt7dkgRLiV0imJwOy8,,
OPENHEART INDIVIDUAL COUPLE & FAMILY THERAPY,ChIJJd5rTMyHblMRqEsrCfV5dVo,,
Opening Doors Counselling,ChIJCcgdt3cmoFMRsGFLY1X7ch8,,
Optima Counselling & Psychotherapy Centre,ChIJPSA37Frb1IkRYo5U5KA4F2U,,
Optimal Life,ChIJvRxqsTV_hlQRaIqduj1dDQc,,
Optimum Health Centre,ChIJ3dHk2_aqL00RQ081tGJVBYI,,
Optimum Wellness Centres - Airdrie,ChIJj-NMTKFfcVMRL_9ADEa--do,,
Options Communications,ChIJQQxElGVVLk0R2WRE4aJiK9Y,,
Ordinary Therapy,ChIJ4zKALvgjoFMRB8JPCKxs8AE,,
Orleans Counselling,ChIJ8bLJWNYTzkwRQWKhNQyjkhI,,
Oshawa Chiropractic & Physiotherapy Wellness Centre,ChIJ2_dAfNsc1YkRpw1QTkpV-ew,,
Oshawa Physiotherapy & Rehabilitation Centre,ChIJaS8QJgAd1YkRIsvU4cT9cdI,,
Oshawa Psychotherapy Training Institute,ChIJVVXFv90c1YkRAVYuuW3lF1k,,
Oshawa's Counselling Centre,ChIJk7VGcOYc1YkRc5vR7C7AG88,,
Ottawa Anxiety & Trauma Clinic,ChIJV8j1ieMFzkwRirO1Ududqcw,,
Ottawa Counselling and Mediation Services,ChIJA7lQU6wFzkwRq5tbPM-BEoU,,
Ottawa Counselling and Psychotherapy,ChIJRTJXrbYFzkwRQW-au2QBBNY,,
Ottawa Couple and Marriage Counselling Services,ChIJE7wYzo8HzkwROHWdQt4O6_8,,
Ottawa Psychotherapy Center,ChIJb8rFnksHzkwR7vqNA_e5J5A,,
Ottawa Psychotherapy Services,ChIJdd0kBVYHzkwRvdvHfKS6QHU,,
Ottawa River Integrative Mental Health,ChIJdaXYP9YFzkwRz6B5xo1Mono,,
Ottawa Therapy & Wellness Collective,ChIJCUGknIQHzkwRRLWrw0VwwJs,,
Ottawa Therapy Collective,ChIJC5vumioFzkwROKcG3Ib2QoQ,,
Ottawa Therapy Group,ChIJlWjBDRIFzkwR5m9ftFMG-Y4,,
Ottawa Valley Counselling,ChIJt2ARndUFzkwRgO7cPoxg38Q,,
Our Collective Journey (OCJ),ChIJ6_HqF3ItE1MR4nXc226fZuA,,
Out Jennifer Dr,ChIJwZMhdl8sO4gRmcUVLUe1apg,,
Overdose Awareness AB,ChIJgXuhWoYHsFMRRSt9xmp8tLo,,
"Own Your Life Counselling : Tracy Dean MSW, RSW",ChIJC9SpA7FAcVMReNgxRZ01h7M,,
Oxford House - Rising Insight Counselling and Psychotherapy,ChIJF4sl9VntLogRii9p3r1ITJk,,
Pace Centre,ChIJvRcDO0yRkFMRdYSaBnV57ds,,
Pace Child and Family Wellness Centre,ChIJ4xr4AgArK4gRNyEpvx1jiF4,,
PACE Counselling and Wellness,ChIJQ5RCSqprK4gR4wUsqoXqH38,,
Paisley Psychotherapy,ChIJq-ybHlnV1IkRdtpu7e8e470,,
Pam Weinberger Counselling,ChIJ7SYxN9abK4gR7ZTIiCOroFA,,
Pam's Place Counseling Center,ChIJkymU9kHNJIgRHYaKK-8NEsI,,
Pamela Moskie Psychological Services,ChIJvctODS26ClMRsuTyN8gZQvA,,
Pando Counselling & Psychotherapy,ChIJfcI7po01K4gRC2YOykswC-A,,
Pankaj Kapoor Therapy Brampton,ChIJI-v_NUEXK4gR9ArOUBD9cJc,,
Papillon Advanced Medical Aesthetics,ChIJ5wcncTSYcVMRRzQt8Ls2XFk,,
Papillon Family Health,ChIJi1ghIO4VK4gRYof3BvNbRFA,,
Paradigm Counselling,ChIJAQCQorEloFMRgUjvLnoQJJk,,
Paragon Psychological Services,ChIJzVmuLLQxO4gRSCLa1Vtge1U,,
Paramount Psychology and Counselling,ChIJm_P71I6RkFMRzwhb15lZFgU,,
"Paris Celine, psychologist",ChIJe_fLN_wFzkwRYeeouETLuuk,,
Paris Mind Clinic,ChIJH9R6DjRrK4gREJt1AjRukhY,,
Parisa Counselling | Persian therapist,ChIJw5gtYnsrK4gR6qCn4PY77Fw,,
Park Family Counselling,ChIJ-dWYErsXoFMRXcFQWEkv5bM,,
Park Integrative Health,ChIJ64OGiIs9oFMRnH1n5evPNjI,,
Parkland Rehab Physiotherapy,ChIJafky61SOn1MRjL1Tx0Ops3g,,
Parkland Wellness Center,ChIJD6YoPpKPn1MRr9S2jI0UO6U,,
Path to Empowerment,ChIJK-uKCy_LWqYRqp1ZBlzxhyU,,
Pathstone Mental Health,ChIJmzC098lP04kR0kS21fl-Rqc,,
Pathway Psychology,ChIJi9Njjw0ioFMRw21KUOhjqnI,,
Pathway To Self Counselling & Psychotherapy,ChIJmXsseqklT4YR0d9iLdKLW3A,,
Pathways Center – Autism Support & ABA Therapy Burlington,ChIJWQ58pJZhK4gRpDUPxyRyDFs,,
Pathways Consulting Inc.,ChIJk_uD3LQIsFMRqflhmOn5owQ,,
Pathways Counselling Centre,ChIJI4f5gKJAK4gRbYj3NOr_m4A,,
Pathways Therapy,ChIJh2z-ysrzK4gR5I-vvlcesSc,,
Pathways to Emotional Health Inc,ChIJq6q20xIe1YkRD7U8S_Kst4w,,
PathWell,ChIJYUvcDMg1K4gRQqIZ116NKNk,,
Patricia Laraia Affordable Counselling Couples & Individuals Expressive Arts Therapy & Imago Relationship Counselling,ChIJ51BD1NhR04kRo3aheFPZR-U,,
Patricia Ramos Therapy,ChIJO1-AtNSnyaQRmZpXa2C4_Uo,,
Patrick Hansor Counselling & Psychotherapy,ChIJsciCeGstO4gR5GukZjp-udU,,
Patrick Schiller Psychological Services,ChIJte8Rj7UloFMRnD75bKKvmuU,,
Patterson Counselling Services,ChIJv6nkzSRUdFMREGhVJGjykkw,,
Patty Wagman Counselling & Consulting,ChIJW5n_Y_osE1MRTY0dzyLGavY,,
Paul J Wong: Registered Psychotherapist,ChIJGSilbzxSLk0RnFwE-DjQej0,,
"Paul Jerry Consulting Psychology, Inc.",ChIJeQXYxVAsE1MRjV7Z7URrxTA,,
Paul LeBlanc Counselling In Ottawa,ChIJl-bCK18PzkwRz5G3CTe7UT4,,
Paul Turner Counselling,ChIJx4jyoI-ArIURQXXoEhGjVsM,,
Paula Bell,ChIJw8zEvviq0kwRdz6O-e_6i0A,,
Pauline Cardinal Social Work,ChIJXW3OhSYBL00RxfKAbd3Doyg,,
Pause & Pivot Counselling/Coaching Inc.,ChIJ5dGp85RfcVMRgRTV0sKkVDM,,
PCCS Mediators & Counsellors,ChIJR0lv1OqaK4gRBrcbmpvDyQw,,
PCHS4Support,ChIJpcmxVX4XK4gRv7FDX2tzMaE,,
Peace of Mind Psychology,ChIJtXqDictpcVMRtW4KUu9zhxo,,
Peace Psychological Services,ChIJZRiUvkWRkFMRFpbU8zlGT_Y,,
Peace Unto You Psychotherapy Services,ChIJyyi7Q1q7KogRc7zxkYD_LDM,,
Peaceful Minds Psychotherapy,ChIJ0ZzuomxR04kRO3uE10MZspE,,
Peaceful Pathways Counselling,ChIJZZAklpGbLIgRAZeMwgyo-70,,
Peaceful Place Therapy,ChIJQ-Dp5QwvK4gRJCfhP8cQFcA,,
Peaceful Tides Therapy,ChIJ1eoBzej5n1MRMNX0yxirfkg,,
Peachey Counselling and Family Support,ChIJsVQ_0m6bLIgRiNZEbFVvFaQ,,
Pearce Counselling TMC,ChIJ2zg2rA43K4gRMIthNlsVjC0,,
Pearl Specialist Clinic,ChIJfyaTYI9fcVMRCUfvknjMsJE,,
Peel Psychology and Therapy Centre,ChIJ3_DgBpIWK4gRSip6iLnRMk8,,
People Advocating Change,ChIJhVsFSykiWU0RJg7yAHuEa6Q,,
Perception Psychotherapy,ChIJQZaY31A7oFMRCXP38_BFjnE,,
Perceptions Counselling Services,ChIJQ_yT0-nzn1MRyhOPZzmYZY8,,
Perfect Choice Psychological Service,ChIJVRaCXRXR1IkR1E1qU50GDSk,,
Personal Evolution Psychotherapy & Counseling,ChIJsYH_eU1BK4gRX2kVsOfR34w,,
Persons With Developmental,ChIJW27eOcO7ClMRew1pCdH2foE,,
Perspectives Psychological Services,ChIJJeKcmRwkwUAR9tQbBqq5sjo,,
Peters Therapy Group,ChIJRQvU6z5F04kRnOeTxDfq-Ps,,
Pfeifer Lucille Counselling & Consulting Services,ChIJQW9ebcO7ClMR9WziAS_KAss,,
Phoenix Counselling Services,ChIJDcspQ5MHzkwRea4KMqSvvOU,,
Phoenix Growth & Resilience Services Inc.,ChIJETyNHLp8ykgRoLL9ve27630,,
Phoenix Rising Massage Therapy Ltd.,ChIJr9Rc8vuXkFMRho7H1CBr7vA,,
Phoenix Wellness,ChIJBYaJ8u2On1MRHAhzWsjfyec,,
PhysiGO Spruce Grove,ChIJVanh_v2Pn1MR4E80x5vXfXQ,,
PhysioWorks Physiotherapy COOPERS TOWN PROMENADE LOCATION,ChIJbx3jsJJfcVMRxkj9uKxcU-s,,
PhysioWorks Physiotherapy- KINGSVIEW MARKET LOCATION,ChIJT3QVeppfcVMRrOUFSFDJYK8,,
Piece of Mind Healing Center,ChIJ50akjaNAK4gRlanTlVdgQmI,,
Piekenbrock Psychological Services,ChIJX_9tUlaXcVMRk2eVcbosQnM,,
Pillar of Support Psychology,ChIJNRn_Sk49oFMRUcnstfai93A,,
"Pillars of Wellness - Burlington Physiotherapy, Counselling, Chiropractor",ChIJ192a8LSdLIgR_nvTc8baF6Y,,
Pine Cone Health,ChIJI4323L4ZoFMR-IpOxW7OzN0,,
Pine Integrated Health Centre,ChIJnT1LanMZoFMRO5YGTxqfXwM,,
Pine Integrated Health Centre,ChIJfw7UUJAXoFMRaoCsuLoC6h4,,
Pineapple Therapy,ChIJuVRxEqq_tUIRyPJkBw242N0,,
Pinewood Centre,ChIJ1WY3aB8d1YkR0pGtF7fI6f0,,
Pinnacle Child and Family Therapy Center,ChIJMcASQDgTzkwR1QO5lFPrYCQ,,
Pinnacle Chiropractic & Massage,ChIJiZ5dwD4JsFMRUY_B6l-NdDQ,,
Pinnacle Psychology,ChIJAQDQIWgsO4gRSYrNDKxUNwQ,,
Pivot Consulting & Coaching,ChIJ__84SIohWU0R2Th6cClh9a4,,
Pivot Counselling Inc.,ChIJfT_Z5TEz7owRtO9fIAsjb2Y,,
Pivotal Counseling,ChIJOSZ4_OdcK4gRCe4w3Fe6rN4,,
Plotnick Stewart Dr,ChIJXSQaTPksO4gRVfpdBKtV8fw,,
PMH Psychological Services,ChIJIzsY1UiRkFMRN61oOEOeHfY,,
PMH Therapy Solutions,ChIJteHspuInoFMRHHXV89pUDII,,
Polaris Counselling,ChIJczTYnPxHK4gRPlpGotFk4cY,,
Port Credit Therapy Centre,ChIJY16up3JGK4gROvSxO14psiQ,,
PORTAGE THERAPY GROUP,ChIJ91qpEF8FzkwRgow7BSh3d-4,,
Positive Mind Wellness,ChIJKY8xiuwHzkwRAyXU6-t2jVM,,
Positive Minds Psychotherapy Services,ChIJseWZYTLU1IkRsxk7QgUIKLc,,
Positive Steps,ChIJUxjwV-iqL00Rql5PcA_XcUc,,
Power Psychology,ChIJvbFucH89oFMRMUO_zgXEn9I,,
Power Psychology & Associates,ChIJG4Xj1RkloFMRqHxNoSQsYms,,
Power Psychology & Associates,ChIJXccT-NQXoFMRGBtDV_ANUCI,,
"Power Up Minds Psychology - Therapy & Assessment for Kids, Teens & Families",ChIJYaqGSNad3mARyyR3MkoI6z4,,
Prairie Counselling & Support Services,ChIJ5z42M9CRkFMRJ-rsWo0Wbbw,,
Prairie Owl Psychology & Counselling,ChIJfXvbNokioFMRuNKEi--4_SM,,
Prairie Sage Counselling & Consulting,ChIJiWGMb8uHblMRiXGkzbwOOuc,,
Prairie Sunrise Counselling - Leduc Office,ChIJcy5JjPHoKgARcis2_z9enSY,,
Prairie Treatment Clinic,ChIJPQHBZ8mHblMRy71n-wF2bPs,,
Prairieview Psychology,ChIJVVVFFOpvcVMR5RdSCY7WpoA,,
Praxis Counselling,ChIJJ1eEsuBnK4gRXa5HxnpHtro,,
Precision Counseling & Psychotherapy,ChIJNxq03Bn9zUwRKpKZKlNiOoc,,
Present Mind,ChIJYeJHe30zK4gROMNiR3an8Ng,,
Present Mind Wellness,ChIJEZMW98ktoFMRGfiYLbrn1-Q,,
Prestige Physiotherapy Inc.,ChIJ9Xuee7S7ClMRW3PC1EC3V2c,,
Pretty Therapy Services,ChIJMweiPcUFzkwRPpgSw7vAj_M,,
Prime Psychotherapy,ChIJDzGcOLY9K4gRgTM0LWkICbg,,
Prince Albert Catholic Family Services,ChIJj-AAo4d6AVMR8d6BYWB4MZ0,,
Prioritize Wellness,ChIJZ8kNvi4H1YkRAyNVztaYE2c,,
Prism Cross Massage,ChIJ_9Wsl_e7ClMRitlkXomu7wU,,
Private Matters Psychotherapy,ChIJM7skbCWeLIgRLD4dge2yy-U,,
ProActive Health,ChIJfWxXlnw_cVMRbWH4mLgeXV0,,
Professional Building,ChIJnatJTsS7ClMRKyVcLvtEJE4,,
Progressive Behavior Therapy,ChIJc7hufjKLK4gR2Cd5wDry1Fw,,
Progressive Canine Rehab (located inside Progressive Physiotherapy & Wellness),ChIJ1edTUQiRkFMRNQXT9PC58VE,,
PROGRESSIVE HEALTH PHARMACY NOW Dispensaries Ltd,ChIJPxAlUe2Pn1MR19fkC8HWvls,,
Progressive Physiotherapy & Wellness,ChIJB8G4ouWVkFMRWOlYZ9jPQLI,,
ProHealth Oshawa Physio & Rehab,ChIJkQtYb_8b1YkRPy_ggUBQClg,,
Provincial Building,ChIJx1oJM9KHblMRE6P9AVd7ujs,,
Prusik Youth Counselling and Mentorship Services: Cochrane Location,ChIJBQMlYZ1AcVMRUPJmrgQ0R7M,,
Psych Company,ChIJFajZ7Y01K4gR7wyhE-PGsSY,,
Psych Company,ChIJEUqxDGo1K4gRAAy7p5EfwuI,,
Psyche & Soma — Toronto Neurofeedback & Psychotherapy Clinic,ChIJVyeyoAI1K4gRrjwWOxnNZlk,,
PsychInsights Psychological Services Inc,ChIJH166fIRfcVMRABzkqD8_sM4,,
Psychological & Counselling Services Group,ChIJTQFAvt0c1YkR9uFbiDBS6Pc,,
Psychological Patterns - Therapy with Jordan Bateman,ChIJHT3mL8GZcVMRIQVHx9QdCY8,,
Psychological Services and Research Centre,ChIJKUX0wHAtO4gR1fR59-N3oCA,,
Psychological Services At Consciousness Studio,ChIJ33atUBMjoFMRGPXH1PTDr7Q,,
Psychologist Brampton - McDowall Integrative Psychology & Healthcare,ChIJ813gBpIWK4gRpKuLGP9mc4w,,
Psychologist in Brampton,ChIJVVVFLX49K4gRDKFVgNvyQhU,,
Psychologists' Association Of Alberta,ChIJv7bFyZ8eoFMRLgpBonXgzcY,,
Psychology & DBT Centre Inc,ChIJbc8ClXRWdFMR5NnuSY1LH58,,
Psychology Center Inc. (The),ChIJYTai-rIXoFMRIwIIAP47vdo,,
Psychology Department,ChIJIWITwAL0K4gRIr30EeUdoSI,,
Psychology for Growth,ChIJAQCwbcIp1YkRzAECv2WUd8w,,
Psychology for Life,ChIJv6VcAyqjKogR62MJFurcC5A,,
Psychology For Life,ChIJ4werBoCjKogRy5oFFMKcQ_I,,
Psychology Health Solutions,ChIJwXCqSOGbLIgRVJJOtE7JJ9A,,
Psychology Health Solutions,ChIJ__-v5wLyLogRM1GghwjW-bs,,
Psychology Health Solutions,ChIJx7Xz4dqLK4gRw1AFhPL23zU,,
Psychology In The Park,ChIJZ4poJfwXoFMRnQUyKpJxiC4,,
Psychology Matters,ChIJq6rGX9iiKogRDxhxyEo7BwE,,
Psychology Plus,ChIJMZdE7DBxcVMRhAFs1iBabjk,,
Psychology Works,ChIJf4rpH2LT1IkRwll9T2ZqgHU,,
Psychotherapist Carol Beeton,ChIJVbYoufUv1okRiO7oQKCwZNY,,
Psychotherapist Irina Mirazizyan and Team,ChIJIQ-T40RBK4gRyf5heDPFQr4,,
Psychotherapy Essence,ChIJeSJxpmk1K4gRnF00bkxn81Q,,
Psychotherapy Essence,ChIJtXT_T1spK4gRCEda9Amx0xM,,
Psychotherapy for Her,ChIJrZsI9kOFLWcRhUtMA1rYZE0,,
Psychotherapy for You,ChIJEzwommVD04kR1T_s7O2ejWU,,
Psychotherapy in Mississauga | Professional Psychotherapists of McDowall Integrative Psychology & Healthcare,ChIJsff0SSVHK4gRDyZvSHsMoCA,,
Psychotherapy Kingston | By KuRated,ChIJkaZdRlSt0kwR_XgMnkjp8ow,,
Psychotherapy With Brooke,ChIJvcGNmRyt0kwRUncAxb7LI10,,
Psychotherapy with Kate,ChIJfXgxSHYFzkwRpx1tlALZahI,,
Psychotherapy with Shelley,ChIJYVAhTpGt0kwRr26RWvWLRpM,,
Psychsmith,ChIJddqU2mwJsFMRRd0FU7jLbcc,,
PsychSolutions Inc.,ChIJ_-CpkjAioFMRMt64yI5oMqE,,
Psynergy Centre Health & Wellness,ChIJ64BCPQ0tE1MRYj38RLUvHcI,,
pt Health - North Brampton,ChIJBxHFrcAVK4gRZwNeuj8-Qr8,,
"Pure Mentality, Mental Wellness Boutique",ChIJQUMDjuAtO4gRFkAWi2cdU2o,,
PureREVIVAL,ChIJWUmBP2SyCVMRvUW5m7kKIsU,,
Purple House Psychotherapy,ChIJD-y6b1X1K4gREJbD2S0RYco,,
Purposeful Change Psychotherapy,ChIJQa725DMlK4gRckxZHkQtVbQ,,
Purposeful Change Psychotherapy,ChIJFRz4PVvXKogR_063Yh93178,,
Puzzle Counselling & Psychotherapy,ChIJSYEFFDirL00RmZYDhh5llhw,,
Pym Suzanne,ChIJVeHXgGr0K4gR3p_iTtI3q30,,
Qualia Counselling Services,ChIJ5yOmvor2K4gRuRPxVBv8qZA,,
Quantum Life Changes--Counselling Windsor,ChIJgRgP0YjTOogR6HTwayIc78w,,
Queenston Psychological Services,ChIJb7rg9V1Q04kRWnSdR9OjOm0,,
Queensview Professional Services: Mental Health Care in Ottawa,ChIJFRgmEXEkVUARfulkuo3NTrw,,
Quest4Change,ChIJi-k0fj-r0kwRrsED7buyp20,,
Quiet Healing Counselling And Yoga,ChIJv08Q2x6HblMRjvFLwQqamcI,,
Quiet Waters Psychology,ChIJ4cqsEH0noFMRrpoqcmLium0,,
Quietude Massage Therapy & Wellness,ChIJtZe1jZSzCVMRU2pY2Q2Coa4,,
R.E.A.C.H. Therapy & Consultation Service inc.,ChIJU42iWp7SBKARxp2jJcUCl4M,,
Radiant Psychotherapy and Wellness,ChIJORhre3Yd1YkRmumCMOnYq2U,,
Radiant Psychotherapy and Wellness,ChIJpZpbx_D1JQgRTNQCFlxtD1I,,
Randi Gabruck Psychological Services,ChIJmVYJPipHoFMR2y0ej6CN5aU,,
Randy Scott Clinical Services,ChIJ9TEdG4eQK4gRHf_qAobHc7Q,,
Rapha Specialist Clinic,ChIJZ0CxSwBfcVMRc4Bd_MhtQus,,
Rapport Youth & Family Services,ChIJm1A_KAk-K4gRN5zwUw1Vd_4,,
Rasheeda Henry Counselling Services,ChIJYQd4f7--AqcRL_ocvI2hT1I,,
Rattray Counselling Services,ChIJ3x9YWA-aLIgROn3OLoY6F-c,,
RAVENCROPHT TRANCE-FORMATIONS,ChIJ_yFjXH2zCVMRDtmCBnI-CKg,,
Ray of Hope Therapy,ChIJGxgdAaObLIgRG63pLlYEeng,,
RD Psychotherapy,ChIJecMJdQKbLIgR2MwW2EPLY6Y,,
Re:Mind - Mental Health Services,ChIJ43AMlB2bLIgR_Ar3dZPnpEg,,
Reach Beyond Behaviour Therapy Inc.,ChIJCV5FJX8lK4gRCkrzrGhsD5g,,
Reach Out Niagara Family Support Services,ChIJOyrHsrhR04kRDuod_EkE8LE,,
REACH Psychological Services Inc.,ChIJ0RXidPMjoFMR_5eatwH9aes,,
Real Life Counselling Services,ChIJq6pqGisioFMRxbztgybyuvE,,
Realign Psychotherapy,ChIJ_3tnfvFTLk0REh49wFYOCjk,,
Reality Counselling & Support Services Inc.,ChIJwVAPF8S7ClMRGD8Ca0Oi3SE,,
Rebalance & Transform Psychotherapy & Wellness,ChIJO5s1JLMd1YkRixGyJ_oim94,,
Rebecca Barrett-Wallis - Registered Psychotherapist and Clinical Counsellor,ChIJAQDMJfw0K4gRKoWeRKOFiok,,
"Rebecca Ker, MSW, RSW",ChIJG2q6acmbK4gRKzaBDLxSVc0,,
REBECCA MARTIN PSYCHOTHERAPY,ChIJ_f8vmUuRkFMRryNdhukZJJ4,,
Rebecca Teebay-Webb & Associates,ChIJCzPBtr1vcVMRUOEOrO4Ia-4,,
Rebound Health and Wellness,ChIJQSveuWtqK4gRWx3RIxv8dzE,,
Rebound Health Centre,ChIJORafIY-IblMR4IhErx-fmCY,,
Rebound Total Health,ChIJq15lcEWFLIgRaCKI_NdMmVo,,
Recalibrate Therapeutic Services,ChIJcX3Yg9gtK4gRDW7mrposWUI,,
Reclaim Psychotherapy,ChIJC26iqDM1K4gRuaw3DQYD9CY,,
Reconnect Counselling,ChIJc7Nzz76RkFMRBf2creeBLEw,,
Reconnect Mental Health,ChIJD5zgHut1j1QRUgq9grW_h_o,,
Reconnection Counselling,ChIJD0MajrNhK4gRAlgDxPyMvgI,,
Recovery First Therapy & Counselling,ChIJOYFk6IIc1YkRSKZKFXtAubM,,
"Recovery Lab - Mind, Body, Stretch, Massage",ChIJnTU3JcpXdFMRVJxDrw72xOo,,
Recovery North Sudbury,ChIJu6TNX-GrL00Rh3NceMa7SVQ,,
Recovery Room GP,ChIJBUKwawCRkFMRMv5D5dBzviQ,,
Red Deer Healing and Wellness Center,ChIJE3yFa5dVdFMRbFLSyjBtCz8,,
Red Deer Outreach Centre (formerly Central Alberta Women's Outreach Society),ChIJ9a2ApOxIZUERzGY6A6jwIpw,,
Red Deer Psychiatry Clinic,ChIJgSYGICdUdFMR87smPNS8Iy8,,
Red Deer Therapy Inc.,ChIJN0zlih1VdFMRed21kon8g3Q,,
Red Fern Therapy Group,ChIJa_1gEjBGZicReoPBAwCXHpQ,,
ReDiscover Psychological Services Inc,ChIJy5CTBtcjoFMRe9ZU0r3UDxc,,
redwillowcounselling.ca,ChIJ3RJ8s2GzCVMRKTfhWoWdB2Y,,
Reember,ChIJdbvbp8CXuygRM7Nr89n2fvk,,
Refine Psychological,ChIJ_-CtHx9CH4wRl8eqrJmEZUE,,
Refined Health & Wellness,ChIJveQ5qNgloFMR1WoWwg_HoUk,,
Refined Wellness Counselling Services,ChIJVwc1tvFfLogRWJ86afjCI0Y,,
Reflection Centre - Psychotherapy & Counselling,ChIJlTdFX0-7KogRal3wGFEe36E,,
Reflection Counselling Services,ChIJXzbGw270K4gR_iyJMRgY2so,,
Reflections Counselling,ChIJA_bfciZVLk0RjjXVcy8D4O8,,
Reflections Counselling and Coaching Centre,ChIJGxx0Nm9fcVMRmCD3uJmuku8,,
Reflections Counselling and Psychotherapy Services,ChIJmeLIKxMe1YkRuYho9jFFr9c,,
Reflections Mental Health and Behavioural Services,ChIJJwuzEf0c1YkRFZzqlQTggWI,,
Reflections Mental Health Group,ChIJdVDIn8BzLIgRGWmMbSceYCc,,
Reflections Therapy,ChIJARqBf9nX1IkR3uB2Q3sbxrQ,,
ReFocus You St. Albert,ChIJjS47hAUvoFMRpU5_uv4Xf60,,
Reframed Psychological North Edmonton,ChIJv61rieIloFMRg6fAmJulQd0,,
Reframed Psychological South,ChIJ3W3cEoj1n1MRExrayDJSNu4,,
Refresh Centre for Health and Wellness,ChIJwzcITbqHblMR8s04VEQ5mVM,,
Refresh Counselling,ChIJ3-ctmRNvcVMR-1ciYcVFNkA,,
Refresh Counselling (South),ChIJVXUkGCZ3cVMRCV9eSLteCto,,
Refresh Health & Wellness,ChIJ3cqjGtEXoFMRETfsr7bWhMM,,
ReFresh Psychotherapy,ChIJVfZBOC8zK4gRw7ZPobZsNsw,,
Refresh Wellness Centre-Leduc,ChIJ0afWv_75n1MR80mspmwxZn8,,
Refreshing Times Counseling Center,ChIJhx8lUPyFToYRxAc-ahe_F8I,,
Registered Psychologist,ChIJHwRAGaT5n1MR-Kx0EXrGuHo,,
Registered Psychotherapist- Qualifying,ChIJ_0ZxeBHzK4gRG8K-2G25B5g,,
Rehabilitation Psychology Edmonton,ChIJDeX4LTshoFMROqKSPAhoqnE,,
Rekindle Counselling Services - Josephine Owusu,ChIJVVXR5JYVK4gRCktF-9_g8_Q,,
Relate and Recover Counselling,ChIJieCkgxaHblMRz76zvsdY34U,,
Relate Counselling,ChIJd5zbwiRpcVMRISSHM7mG9QM,,
Relationship Bliss,ChIJTfbBsAb_zUwRBqU6hchmuZg,,
Relationship Counselling by Joyce Schafers,ChIJLSOD6HUmoFMRI9rhX6SvPic,,
Relationship Counselling Toronto,ChIJ2_KEgZU1K4gRQCUVfI9P2Yc,,
Relationship Matters Therapy Centre,ChIJ8-5-Z3d3LIgRQdwpmvGX1mo,,
Relationship Resolution Centre,ChIJi3F18ED9zUwRrqkkfCbs-I4,,
Relationship Therapy Centre,ChIJW6xAXwtHK4gRvLo7H0xsiNY,,
"Relationship Therapy Centre - Individual, Couple and Family Therapy (formerly Relationship Therapy Mississauga/Burlington)",ChIJt_TzwbFhK4gRl3uMn3nUJ0k,,
Relationships & Stress Counselling,ChIJ15EYbGpD04kRh9nZOros3m4,,
Relationships & Stress Therapy,ChIJ5Z7E4K9R04kRtYRlT5BupdM,,
Relief Psychological Services - Edmonton Therapists,ChIJ25vbe8AfoFMR2hJMRvC4u10,,
Relieflex Urban Wellness Inc.,ChIJsyqvZRP5n1MRNcb7GW-XaGQ,,
REM Therapy Services,ChIJnzrV27rV1IkRscrVmPLfMPs,,
ReNew & Flourish Mental Wellness,ChIJCRPofnhVdFMRHy28b3AVWpw,,
Renew Supervision Services,ChIJh4Gvi6FR04kR-OnpldtkO58,,
Renew Wellness Collective,ChIJbaBTQW4noFMRI_aojISLV64,,
Renewal Christian Counselling,ChIJMQyWHUtX04kRwVP5ruPYqC4,,
Renewed Hope Psychotherapy,ChIJazmGw21hK4gRY6UXU-MeE8Y,,
Renewed Life Therapy,ChIJk1wg6d5MRkwR6Yc08DwAigM,,
Renewed Mind Therapy,ChIJW9wEIvnGLm8RuFZSdB5-OlQ,,
Renewed Mindset Counselling And Psychotherapy Services,ChIJqdjyj-mbLIgRjC5r6qIdjkg,,
Renewed Wellness Massage,ChIJH5dGThy7ClMROtcDf43SPe8,,
Renyou Psychology,ChIJuydZGq9VdFMRstkd83Mz3AM,,
RENÜ Psychotherapy,ChIJ_fcoBWQ1K4gRA6fRbytddnE,,
Reset & Balance Massage,ChIJbfzG8V-XkFMRg1v7jh_PQJw,,
Reset Counselling & Psychotherapy,ChIJu4uPgN-8KogRU00kSEkKHus,,
RESET Mind Body,ChIJh0mjP-wloFMR9LlhA31O_I0,,
Residents in Recovery Society,ChIJY2qWn3uzCVMR4jsxOU0FkFs,,
Resilience Counseling Research & Consultation,ChIJNyitNH7zLogRrNKoz4Y89sk,,
Resilience Psychology,ChIJPz_mnP5fcVMR4Y_XnaMrdI8,,
Resiliency Clinic,ChIJVVUV7twHzkwR2BwW38EIZEg,,
Resilient Roots Therapy - Social Work and Psychotherapy Clinic,ChIJA9epNmS7vo4R0_fY8WW500g,,
Resolution Counseling,ChIJaURXCXwhWU0R43Uc0UlZS_0,,
Resolutions & Solutions Counselling Services,ChIJLXpNnEUrO4gRvSSB2kaYUFQ,,
Resolve Counselling Services Kingston,ChIJsRtz2lSq0kwR1TmCwhaXIUc,,
Resonance Psychology,ChIJK0_aQQAloFMRy5vxtHpEkE8,,
Resource Centre for Suicide Prevention,ChIJTZfPH0yRkFMR4G0qOje7Oko,,
Respiratory Dynamics Group - Leduc,ChIJiV5RzM75n1MRF9kJ_EjC4-o,,
Restless Minds Counselling,ChIJVVUFDraHblMR79Q_hGHgmjo,,
Restoration Mental Health Agency,ChIJVVVZmJ6bLIgRsUITpAaRI2E,,
Restoration Room Counselling & Psychotherapy,ChIJo9-CRYAd1YkRM4f9yOsXN7I,,
Restorative Whole Health,ChIJpzDV5QmZcVMRPwwSy_JyI9c,,
Restore Counselling and Family Service,ChIJF1n7dfFdK4gRJ6gL2B1k0zY,,
Restore Counselling and Wellness,ChIJ8aVGE5_0K4gR4ZkzdGV4X-M,,
Restore Life Physiotherapy & Wellness,ChIJs0Gcgcr1K4gRD3UuBjo5drQ,,
Restored Balance Massage & Wellness,ChIJL5hrfFhBcVMRuKT6H-u_7fo,,
Restored Wellness,ChIJyU4Oyl5fcVMRcks9YoLVYk8,,
Restoring Peace Counselling,ChIJNxioWmOTkFMRQkNZp5dZ_vw,,
Revelation Counselling & Psychological Services,ChIJ0RXidPMjoFMRFpELPj5cdGU,,
Revelation Counselling & Psychological Services Inc.,ChIJTeqB5tGPn1MRlsHoOxl1Jl0,,
Revital Health Physio & Massage - Airdrie,ChIJW5X-t6dfcVMRC1zBfnbMTF4,,
Revitalize Psychology,ChIJ15WN3m1WdFMRZJeovk0yT2M,,
Revival Therapeutics & Performance,ChIJm3x7GftfcVMR7znHyes1vUI,,
Revive Counselling,ChIJkWXPJn8loFMRlRANhQSvFws,,
Revive Wellness & Massage,ChIJsXDL3XUtE1MROYfWg5XxBlo,,
Revolution Physiotherapy & Massage,ChIJu4X9NMqPn1MRg6Vv9KOazSo,,
Reynolds Dawn M.A. RMFT,ChIJaWbmPbuaK4gR9IrWulyIHl0,,
Rhonda Newell Counselling,ChIJo5esrLKr0kwRzwk3MWaO7as,,
Richard Luykenaar,ChIJ0YbCK7iHblMRuOCw-ki2Wvw,,
Richard M Haney PhD,ChIJx-fxqIgFzkwR9edCVp9E6Gc,,
"RICK HANCOCK BA, MA, MACP",ChIJq6q6hhKjKogR-UcN6cMe6pc,,
Ridgeline Therapy,ChIJDQIISysloFMR6jxgbosd6m0,,
Ripple Effect Wellness Centre,ChIJa90TlSokoFMRKS1x5Ru1M2Y,,
Rise Above Psychological Services,ChIJwcS1cLgfoFMRysntTXB4YZE,,
Rise and Shine Psychology and Counseling,ChIJj2xNXOMvK20RHRF0urzMzHw,,
RISE Anxiety & Depression Clinic Kingston,ChIJjwfOO5yr0kwRMpjV3cAUNt4,,
Rise Anxiety & Depression Psychology Clinic Ottawa,ChIJ1_QqonABzkwRoVzuY2klzIc,,
RISE Anxiety & Depression Psychology Clinic Toronto,ChIJ41qUX2g1K4gRr9xFW2rvaYE,,
RISE Anxiety and Depression Clinic Edmonton,ChIJbQkWfckjoFMRUkhByrQYEU0,,
Rise Counselling & Psychotherapy,ChIJuaPIwNSqL00Rj_3cEXFkThg,,
Rise Counselling and Consulting,ChIJT1H7chxwcVMR4puIPwJTvK4,,
Rise Counselling Clinic- London,ChIJi479-wHzLogR8-d068iGcFs,,
"Rise Up Center for Emotionally Focused Therapy, Coaching and Consulting",ChIJ2SlUsmFR04kRsHkh1vMHvkQ,,
Rise Wellness Collective,ChIJ6TPeV9RvcVMRDPM2FXXp8rQ,,
RiseUp Massage & Wellness,ChIJtxGUzvGPn1MRBe2sNzjksvs,,
Riseup Society Alberta,ChIJ3bKpwg35n1MRISHOMljKbok,,
Risework Therapy,ChIJdXdq3-A1K4gR4QpdPfnOm4g,,
Rising Above Counseling - Mandarin Speaking Psychotherapist in Oakville,ChIJiWgyyvJ6bC8RgEgpPafWBEc,,
Rising Hope Counselling,ChIJwUagvfSp0kwRNftHbEhaPvU,,
Rising Insight Counselling and Psychotherapy,ChIJT7VA-CTzLogRWp8uyJxFFrk,,
Rising Phoenix Therapy and Wellness Centre,ChIJZ2mGFOat0kwRhVaj-1j4JBc,,
Rising Sun Psychological Services Inc.,ChIJE9baS4dlcVMRpORQvTYrojg,,
Rising within counselling,ChIJm6HCi5r3IogRMS6eLcbrFDw,,
Riven Psychology,ChIJDTAXZYwPzkwRVA7k7G88I0M,,
Rivers Edge Counselling Centre,ChIJWbKGRN8loFMR45BrHIRJ9mc,,
Riverside Sports Therapy,ChIJX4C02A9BcVMRDtMTC-OXWdc,,
Riversong Counselling and Craniosacral,ChIJl6ceu6Q_cVMRXwmLkmzJuT4,,
Riverstone Counselling Centre,ChIJa1JwNn0fhYcRZnxK1qLRXlM,,
Riverwest Therapy Collective,ChIJrcRDuoJvcVMR7gafw86J1J4,,
"Riverwise Psychological Services - Dr. Maaike Canrinus, C.Psych and Associates",ChIJVWS9rTGjKogRaewIbE2KvXU,,
RK Counselling Ltd.,ChIJTWTpzNBQdFMRO2DwVcVODIY,,
RLT Marriage Counselling,ChIJvwLKXNcs5iARnhOIHArKhbo,,
Roadside Therapies,ChIJDeKkwOUvK4gRXB0uKyBBSjI,,
Roar Physio Wellness,ChIJ3TiO-skXoFMRS57FRXEZXxo,,
Rob Smith Counselling,ChIJUZ7DLq-RkFMRgirnnmfEByA,,
Robert Goulard Counselling Services,ChIJMw2Jr5AsO4gRNqqiJbSr4Jo,,
"Robert Hammel, Psychologist - Airdrie",ChIJNyUmvWtfcVMReFEwLl-HhFY,,
Robertson Therapy & Counselling,ChIJm7LJy_EHzkwRcaKGBttZyPg,,
Robin's Nest Family Care,ChIJi82xZpSaK4gRHqWRg_lSwpI,,
Robinson Therapy,ChIJQX78PvphK4gRtOU7erRSPJI,,
Robyn Ibey Physiotherapy,ChIJ4-wSlbEfWU0RGeEfRXeAEe4,,
Roca Counselling,ChIJOyhGR1G9KogRfpTmVJjNQCA,,
Rock Garden Counselling,ChIJ6d-IszVfcVMRO0J5YjF-gTA,,
Rockey Consulting,ChIJF0yQJbNVdFMRQvd9dZGh5vY,,
Rocky Bay Family Services,ChIJ9VvBqUgfWU0RdO78oH7hUf8,,
Rocky Relationship Counselling,ChIJMxrrdR5pcVMR6Kl_5arWW2A,,
Roles & Associates Psychotherapy Services Inc.,ChIJ8wU2nB-rL00RZdbzpCQ2oIY,,
Romy’s counselling services,ChIJmdPAVZYVK4gR75w5IBwjwQk,,
Root & Bloom Psychology,ChIJW4w3DwAXoFMRTp95y9bPQQU,,
Root Nurture Grow Counselling,ChIJNc_X1HWr0kwRuvSp-IB0ms0,,
Rooted in Growth Counselling Services | Cora-Lee McKean,ChIJeW92IxSzCVMRGKzPUOQ-eJc,,
Rooted in Resilience Psychotherapy & Wellness,ChIJ3S0j71TV1IkRyPH84P-1TnY,,
Rooted Therapy,ChIJty8x3XExK4gRr8I8kfCVK1s,,
Rooted Thistle Counselling,ChIJqU5ahZ_7NyURYzkEkoAw1bU,,
Rooted Wellness Psychotherapy & Counselling,ChIJOynOA2bVOogRudRAnTEbhN0,,
Rooted Willow Relationship Centre,ChIJqeraGqpxcVMRuysNqFT4Qg4,,
Roots & Tales clinic,ChIJRd9JTaxDB2URt9y46o1FCL4,,
Roots & Wings Psychology,ChIJR-Yy_pUAL00RSo4F6FvH1gs,,
Roots and Resilience Counselling & Wellness,ChIJ69cr7P31K4gR4lPgguivfGQ,,
Roots in Wellness,ChIJXXcfn9SbLIgRTnwA0GAgchE,,
Roots of Life Counselling Svc,ChIJi2oKrDIiWU0RF1zv8lDiJLY,,
Roots to Bloom Counselling,ChIJDbyT0OGbK4gRQ2VfyBdI3z0,,
Rosalind Wells Psychology,ChIJpea7_CpVdFMRN5BJw2Y3u3w,,
Rose Of Durham Young Parents Support a Division of CFSD,ChIJcSKyOOMc1YkRMYRhciS6uJk,,
Rosehaven Provincial Program,ChIJPdJ0ytG7ClMR9cAcgdj3tVQ,,
Rosemary Whitlock,ChIJV1A9drJR04kRrVL3SI3mqpo,,
Rosen Couples Counselling,ChIJfbOtmbYuK4gRLODHNAHDNuU,,
Ross Psychology,ChIJD-b8UU_zLogRqKODTZUoG9Q,,
Rostyslav Shemechko | Psychotherapist & Life Coach,ChIJaXv32402K4gRsJeZDYiMiWA,,
Royal York Psychology,ChIJH8ZJDIk3K4gR3gtOcIpQlDA,,
RR Social Work,ChIJ5T4YiykzK4gRVQc2VhDNs4U,,
Ruby Therapy Services,ChIJ4fNoXbkloFMRA7y5Kqg43Nw,,
Run Free Counselling Centre,ChIJGfZzUhmHblMRYGtekFCb5fs,,
Runway Health,ChIJWVqltdLX1IkRdvdm2txg2OM,,
Rush & Associates Psychotherapy and Wellness,ChIJ_fR9OGRHK4gRBDpiKN6qIQc,,
Ruth Pullam Counselling,ChIJrU0u5RsnoFMRzo55UB3-NFA,,
RWC Counselling & Psychology,ChIJsShjZUNxcVMRUXN3GSSB2Ao,,
RX Physiotherapy,ChIJg-E7QAr5n1MR6c-slLFLI84,,
Ryan Answers - Hamilton Counselling & Couples Therapy,ChIJhwTW9bWZLIgRgUVMXeEgots,,
Réseau ACCESS Network,ChIJn_eq3uaqL00RAWrxdnr47Sw,,
S. Bain Counselling Services,ChIJU1F2KvWRkFMRBOGTBZo7EX0,,
S. Mandus Psychotherapy,ChIJe9kR2-lR04kR3y9LlfYlbZE,,
Sa Counselling Services,ChIJyVe6P-7xLogRpoJaKZjSbr8,,
Sabe Wellness,ChIJaxBiedWtCVMRnrWkMgs-5X4,,
SABI Mind,ChIJAQBw4OZvcVMR1a1bhKwzMJU,,
Sable Skin Studio Inc.,ChIJdxtv7AezCVMRe0hpTDXEKfQ,,
Sabourin Psychotherapy,ChIJYdwAWyvzK4gRklwSmqx-CSk,,
Sabrina Tripolitano,ChIJoQ0XEv-q0kwRuz_9HniVxQg,,
Sacred Hearts Wellness,ChIJG-PmDPa7ClMRJ09D10-W5QE,,
Sacred Pangea,ChIJPSjWw9Y_cVMRbVhLgV4cUv0,,
Safe Beds Niagara,ChIJQzV48HBR04kRNXpAvrx3ktU,,
Safe Harbour Psychotherapy,ChIJAx1TGMdR04kRqOOB-mMIZ8M,,
Safe Harbour Psychotherapy,ChIJ6yCy5ySeLIgR3rx53LSUy3Y,,
Safe Haven Counselling,ChIJT97DOpdvcVMRHcGnqeL-4z0,,
Safe Psychology Inc.,ChIJ3xqDCc-RkFMRzBmVo287daQ,,
Safe Roots Psychology,ChIJzQzfy6EXoFMRfLSD60D57mI,,
Safe Sobering & Withdrawal Management,ChIJZznEhNwhWU0RWU5fsHsn2tk,,
Safe Solace Inspired Healing Ltd,ChIJTfI69l1UdFMRr3uurp8Pr0Q,,
Safe Space Counselling & Psychotherapy,ChIJgUSjQnQFzkwRS974q9E7pYI,,
Saffron Centre Ltd,ChIJh6ypmK0XoFMRecQgX3a6myQ,,
Sagacious Counselling,ChIJSZDgDx0foFMRlRy57KXmUPM,,
Sage & Co. Pscyhology,ChIJg4LEjIOZcVMRQoabkZnG3Vs,,
Sage & Stone Counselling & Assessment Services,ChIJA8wUTEYXoFMR41IUmF2BTno,,
Sage and Soul Salon Spa Wellness,ChIJD30EavGtCVMRujpGdcUfSdo,,
Sage Counselling,ChIJqapqo9zzK4gR5th4TyLiEFo,,
Sage Counselling and Wellness,ChIJ5Td9pkBC_6ER8lQMGGaLCxA,,
Sageview Health,ChIJEX7KtitAK4gR2q-7heQBLSA,,
Sahaara Therapy Services,ChIJSycQTaY_cVMROIRHaTGj5hw,,
Sakura Counselling,ChIJucJSUwAfWU0RMIEdgztsdMw,,
Salam Psychology,ChIJlW5n-V9dK4gRVjSHayUPhgg,,
Salt Water Wellness Centre,ChIJDV5tXYNAcVMRgFQpMkGRKBI,,
Samantha Corriveau Counselling,ChIJp-bDY2nVOogRuFgWKzgos5M,,
Sana Psychological,ChIJV3uvQjRxcVMRHBi-DMajNt8,,
Sanare Centre,ChIJMaoablosE1MRbgXNAO_jFCc,,
Sanative Therapy,ChIJgWsH3NLIyCgRR6aqBOFnexI,,
Sanctuary Counselling and Training,ChIJq6pWc_T0K4gRNgnZiJehDfs,,
Sandra Annis Counselling Psychologist,ChIJB-WgsLWHblMRGNWX_oKNoXo,,
"Sandra Forbes, Relationship Solutions",ChIJxbyXEPj_0UwR209kOaNAFZ0,,
Sandy Stevens Consulting Counselling Services,ChIJRaTHa24tE1MRO4Qsn_rsaOY,,
Sankalpa Psychology,ChIJa62PQwBBcVMRwhv3Eox3Nac,,
Sankofa Counselling Service,ChIJQae8aDGjY0ERMIP7kszFb-k,,
Sano State Health Clinic,ChIJGcum4eQloFMRcIvcvOAMIC4,,
Sano State Psychology,ChIJe3Rl-VxfcVMRBENJ0oYgBtA,,
"Sara Murphy, Registered Psychotherapist",ChIJ550M5Tr1K4gRJT9ijrpBevU,,
Sarah Courtney Psychotherapy,ChIJlb6Etpr1K4gRaLrSwyxn5ng,,
Sarah Crosby Psychotherapy,ChIJkfN_KVYFzkwRvmRg_wHjwcE,,
Sarah G. Horsford Counselling and Consulting,ChIJBaUVBRKr0kwRnaV-ezK3_5s,,
Sarah Hope Counselling,ChIJjR19ieYUOCURS-MrCYay0wY,,
Sarah Olson Counselling,ChIJVVWJ5c2HblMRA003O0lO8Mw,,
Sarah Terwilligar & Associates - Counselling & Psychotherapy,ChIJJ5cywPKfLIgR98bbpnTKsHc,,
Savanna Psychology,ChIJOUgY1SpjcVMR4hf_86FCyKQ,,
Saxum Counselling and Coaching Inc.,ChIJh2aoQ3wd1YkRbSO1NoojFEQ,,
Say More Psychotherapy,ChIJhSK4UWIVK4gRNXDg1S-slJE,,
Saynas Collective healing,ChIJlUU3skQtE1MRS6rEbnWhzh4,,
Scarlett Psychological Services Ltd.,ChIJA_KCBZIjoFMRLC8qYAPDZGQ,,
Schaefer Counselling Services,ChIJCTowKLUnoFMRo4A53sFZ27g,,
Schaffer Psychology - Stony Plain,ChIJHXXEPAaPn1MRLeIbeQzpdNg,,
"Schiller, Spence & Associates Private Wealth Management",ChIJo68Gy8azCVMRIO2xyqsHYY0,,
Schizophrenia Society Of Alberta,ChIJMbGfPC9UdFMRufbdJgTtgQ8,,
"Schnayer, McGrory & Associates",ChIJjfhPM7ksO4gR7kJeHguZOWo,,
Schneider Brynah Dr,ChIJGUc65V7wLogRaVDiZwPbIes,,
Schritt Linda Counselling Services,ChIJ08T4Q8S7ClMRU7MT1gUcrTs,,
Schurmann Counselling & Life Coaching,ChIJeVMLE3XW1IkRxWNgeK9LA7k,,
Scott Mary Counselling & Trauma Recovery,ChIJa8dP0gEd1YkRkm37PX2csWw,,
SD Wellness,ChIJD8TUsL9VdFMR2OZSXgRIp50,,
Seachange Psychotherapy,ChIJjXIvP56bLIgRhHNasoP6gRs,,
Seashore Psychotherapy,ChIJo4rS1MBhK4gRYRbo4729Mfc,,
Second Chance Employment Counselling (Wellington) Inc,ChIJn1aQtOqaK4gRBApPil3pkvk,,
Seeds of Hope Psychological Services Inc.,ChIJUSOHDbiPn1MRyGHk20L1IRo,,
"Seeking Answers Psychological Services - NICOLE PRICE-THOMAS, MA, CPSYCH.",ChIJuXn30-1vK4gR8R3hjcZe1l4,,
Seidman Bonnie T Dr / Onward Psychology,ChIJ5YDADPyq0kwRO3U_fXKtIz4,,
Seira Psychotherapy | Individual & Couples Psychotherapy Kitchener-Waterloo,ChIJfdv2D1r1K4gR18rO3z7UwTw,,
Selah Family Counselling,ChIJVVWVYmc_cVMRqyUB_X2a1Pc,,
Self Ease Solutions Counselling & Coaching,ChIJz7yzrTpHK4gRukeMR241ET0,,
Self Love Counselling,ChIJ-ynYiHqWiSYRc6T9pvXvhHE,,
Self Obsession Massage Therapy,ChIJJRGEApSW82URAecaHHooeZg,,
Sendero Centre - Central Alberta Sexual Assault Support Centre,ChIJ_eto9SRUdFMRVL4x4xolems,,
Senior's Mental Health,ChIJ8_epKKIjWU0RjhOTdfbA5cI,,
Sensational Kidz Therapy Services,ChIJc0zegEkRK4gREVzH5eQrkpk,,
Sensational Kidz Therapy Services ABA Therapy & Autism Specialists,ChIJFSoGdhQVK4gRZJ3a-TkX9Bw,,
Sentry Counselling Psychology,ChIJeV74cPVBcVMR59aMlRLbPAs,,
Serene Counselling & Psychotherapy,ChIJu1qPjOoTzkwRkvOITOdOuYE,,
Serene Heart Counseling and Psychotherapy,ChIJ_W3HIJ5vK4gRwtsKTM6SK0c,,
Serene Heart Counseling and Psychotherapy,ChIJSXFjAUY_K4gRcKcSgEvTM_k,,
Serene Woods Psychotherapy and Collaborative Services,ChIJJwLGBAoFzkwRLbU5L8Vv5EA,,
Serene Woods Psychotherapy and Collaborative Services,ChIJS0cfftseT4IRR--nX5yRRZI,,
Serenity Counselling and Wellness,ChIJL-X5CImXkFMREjn9TSbKYsY,,
Serenity Harbour Counselling - Burlington Counselling,ChIJ_YokMKhhK4gRylQMIXmkEw0,,
Serenity Now Wellness,ChIJM1yPt3tlcVMRBX-SOhFxDyg,,
Serenity Psychotherapy Clinic,ChIJBUu64dFrK4gRCDAqM_9erlo,,
Serenity Psychotherapy Clinic,ChIJU0bJO9r1K4gRB4sQ3zSaJY4,,
Serenity Reiki by Mel & Psychic Medium,ChIJv3LpzG5VdFMR5iVTM9J1keM,,
Serenity Renewal for Families,ChIJmaQDACQPzkwRIdvAThYSL20,,
"Serenity Wellness Clinic Windsor (Mental Health, Anxiety, Depression, and ADHD)",ChIJRX7e9R0rO4gRwzmVAo1aNuY,,
Serenity Wellness Ctr,ChIJ-2RyGXEtE1MRlz0-VuRG0DM,,
Servin Counselling,ChIJp5KOaIxcK4gRoHgWBhcPEyI,,
Servus Sports Centre,ChIJ5wucvxStCVMR9Qyj5YohhMw,,
Sexual Assault & Abuse Programs and Services,ChIJe0FcOrUIsFMRCpTQtLgZtCU,,
Sexual Assault Centre Kingston,ChIJHdIIzMGr0kwRllIDL1dlOoI,,
Shabani Psychology Inc,ChIJl98m1TAjoFMRF7FYxr9QBzs,,
Shalem Mental Health Network,ChIJu8hhMZybLIgRx7LwalhdXsM,,
Shalom Counselling Centre,ChIJkSZD5eBVdFMR-9Bc-OgKWuc,,
Shalom Counselling Services,ChIJgfGKAhH0K4gRmhCylcDYdik,,
Shalyn Dussiaume Counselling - Kitchener,ChIJq6o6dbJ3LIgRlfajipBce5A,,
Shane Andrus & Associates Counselling Services,ChIJgwcDSPgsE1MRryBpla05X_U,,
Shannon Martin Counselling Services,ChIJ25uKddctE1MRIgTGPU7Ga1E,,
Shanti Psychotherapy - Toronto,ChIJzXkBG9uY8KIRH98_Mg1SSCE,,
Shared Healing Counselling & Psychotherapy,ChIJiSjH9d8tO4gRdItoIR07q3o,,
Shareen Rikhraj Psychotherapy,ChIJ0Vi4tPuZLIgRRAJhAc8nHbM,,
Sharie Hohn: Illuminate Your Potentials,ChIJL5UNaYgsE1MRDhW5GeVIF1E,,
she achieve studio,ChIJkUfFJK0JsFMRW3109DNjDHg,,
SHE Psychotherapy,ChIJB44ePD2jKogRU7vVtL6Sfrg,,
Sheena Reichert Counselling Services,ChIJ2bElSfqZcVMRnzEeo3KhUtQ,,
Sheldon Kennedy Centre of Excellence,ChIJ8RDqZQBXdFMRwPjysgEmuWc,,
Shelldale Family Gateway and EarlyON Centre,ChIJMX-JiaCaK4gRp0w1lyWb39E,,
Shelley Hanna Psychology,ChIJofhuVjxxcVMRx70mQCBf5IM,,
Shelley Klammer Counselling,ChIJtevkDDyHblMRvI7LP9FIM0w,,
"Shelley Read Therapist, Aging Well Consultant",ChIJyyNlv0H0K4gRqV8o5SlvDmY,,
"Shelley Restall, Social Worker & Psychotherapist",ChIJfw83TK31K4gRxaz06t9FwEM,,
Shelly Qualtieri & Associates Calgary Counselling & Coaching,ChIJaVBsLdhpcVMRNBAefheE7uU,,
Shepherd Psychotherapy,ChIJn-YKej4FzkwReDgu0QIbrdU,,
Sherri Wright,ChIJAQAQ2yNUdFMRV-6v2Bb4nAA,,
"Sherry Campbell Group, Registered Psychotherapist, Counselling, Coaching, Corporate Workshops and Professional Speaker",ChIJdbumfFBR04kRbx9KfcB-zYM,,
Sherwood Park Counselling Centre,ChIJjyH8sowXoFMRapyuT8uEtiw,,
Shifra Centre for Wellness,ChIJCyWvsZ1AcVMRHNRv5UmXWrs,,
Shift Cognitive Therapy + Assessment,ChIJQVcaEKtdK4gRU6-rBn2wivo,,
Shift Collab,ChIJfTuPuKQ0K4gRQweW8idHMCQ,,
Shift Counselling,ChIJKeFWAGzsAEoRf7XsMy_lXME,,
"Shift Therapeutic Counselling/Chris Lobsinger M.S.W., RSW",ChIJxbNJE_n0K4gRxPtKYrlCAcQ,,
Shifted Mindset-Coaching by Prista,ChIJD2NEMw6Pn1MR9qeHCvyPB7I,,
ShiftGrit Psychology & Counselling,ChIJVbclJSBwcVMRcSJPaEzXlbA,,
ShiftGrit Psychology & Counselling,ChIJM6ZKYNMjoFMRHod2ZH7wTRs,,
Shifting Mocean,ChIJW5RsfWdBcVMRVRjhCA0Lf5k,,
Shilton Therapy,ChIJzXcX8JxAcVMR5c4do7D5JIA,,
Shine Counselling,ChIJ21oTKJ9BcVMRxyWW-v6BIRc,,
Shine Mental Health Collective - Albert St.,ChIJ3XLKauUFzkwROU9q2l4urPE,,
ShineRoot Psychotherapy & Wellness,ChIJ1-4BjxTX1IkRzhs123v00zQ,,
Shirley Porter and Associates Psychotherapy,ChIJiSlrCuffs28RUcdee6hADFA,,
Shore Psychological Services,ChIJofe0L8mHblMRFDs24hZ5WWY,,
Shoreacres Therapy,ChIJq6r6NlBgK4gRtvYaSAAejx8,,
Siam Healing Thai Massage,ChIJ6S_--EqRkFMRpVlRPjIwN3w,,
Silver Lining Psychological Services,ChIJlWdT0lfQCqgR4tXvNQS0XU8,,
Silverlining Psychology and Wellness Inc.,ChIJ6-COTQsmoFMRbEMOhQ2J9gs,,
Simcoe Therapy,ChIJb4UknPejKogRscXh8EwyGqk,,
Simply Beeing Counselling,ChIJ68VcUnSXcVMR9yWNGL8aPBU,,
Simply Connected Therapy,ChIJzwcZeDod1YkRtmd6WX5HOZw,,
Simply Counselling Services,ChIJt-UyLX9ocVMRVQSIOoisveI,,
Simply Me Psychology,ChIJ8zPphl1fcVMR1hFK9k8hoCs,,
Sinclair Psychological Services,ChIJ4YPZn1AhWU0RAmSxUNNqMoc,,
Sister Margaret Smith Centre,ChIJ7X3XCHAfWU0RH9eOJmMOQFw,,
Sitka Health Collective,ChIJmyaaTcYJsFMR8vLYeLPUUWc,,
SIX08 Health,ChIJm47fb_6GblMRnm4GaUazphg,,
Skakoon Psychotherapy Services,ChIJcfSqr7irL00R5wwSTt5Uk0Q,,
Skerrett Psychology Professional Corporation,ChIJKabIQXOuLIgRuaXZjI9DJBI,,
Slate Counselling,ChIJL45tIksXoFMRjhiwSiEG_q4,,
"Smart Therapy- Ontario & Waterloo Psychotherapy for Trauma, Anxiety, & OCD",ChIJGddvafP0K4gRcT72vIwwLVE,,
Smith Psychological,ChIJg_7UnueiKogRXVxVfscXWy8,,
Snyder Psychology,ChIJoT3S-NhvcVMR-1qrEhuVxs4,,
So You Need Therapy,ChIJVQwE6E41K4gRno-NgEZ_w8o,,
Social Shift Therapy and Wellness,ChIJ_a5efVdRdFMReDG-HpNUciI,,
Social Work Evolved Inc.,ChIJnZ_BjNgXK4gRXG0mCiYpPBs,,
Social Work Solutions Canada,ChIJCXwFYgWbLIgRPfPEzYJuMz0,,
Softstone Counselling,ChIJTegulvInoFMRl8rlOdPM4gI,,
Sojourn Psychology,ChIJd6vv1NYXoFMR1M_wSc1BEeM,,
Solace Grief Support Society,ChIJffvsOoaVcVMRnf7SXpBTVXo,,
Solace Psychology & Wellness,ChIJbdiCYaMeoFMRgL55U82bV4o,,
Solace Psychology & Wellness - St. Albert,ChIJhwITs0wnoFMRKQKGhCNn0zU,,
"Solace Therapy- Specialized Trauma Psychotherapy for Betrayal, Infidelity, Birth Trauma & Stress",ChIJu1HC392bLIgREED37j5HbW4,,
Solace Wellness,ChIJoZZiso_lG0sRoTm6piF0xUk,,
Solara Psychology,ChIJQ3AVBQBBcVMRXLM5CKkdDZk,,
Solasta Counselling,ChIJVVXFOpdvcVMRPO9rwoBUWNk,,
Solasta Psychological Services,ChIJkWFU2oJhK4gRo95rRy0hRYU,,
Solauna Wellness & Retreats,ChIJyU812BdfcVMRwGw9gnquma8,,
Solid Base Counselling,ChIJOUVAeU5R04kRHRzM1GkE5BY,,
Solluna Collective,ChIJ7ed7ckQPsFMR5Pj-Ua9jS5s,,
"Solution Focused Psychology Inc. - Amanda Muryn, Registered Psychologist",ChIJeQXYxVAsE1MRbwpO1y34dRM,,
SolutionFirst Therapy,ChIJAQtSFUHL1IkRIKgO02L8QbM,,
Solutions Psychological,ChIJnZpbLsW7ClMREGAwbWSa-AU,,
Solutions Psychological Services,ChIJ34_itkWRkFMRJTSzgdcycoE,,
Solutions Rehabilitation & Consulting,ChIJ7c69oHmjKogRfAAfAL1aqPo,,
"Somatic Healing Arts, psychotherapy and Wellness",ChIJG7ifI5yrL00R__ueldRgejo,,
Some Other Solutions,ChIJnfyD3LQIsFMRNj0DL5QfTXg,,
Somerset Health & Wellness Centre,ChIJ1XPyRqkFzkwRVjDH-jPM4iw,,
Sonder Counselling Group,ChIJY267rRBxcVMRn2sIKL2dX-M,,
"Sondra Budd & Associates, Counselling & Psychotherapy",ChIJNbvn7WxfLogR4RM1hx-MvP0,,
Sonita Goehring Counselling Services,ChIJ1UJNr-MtE1MRg4sHM8_csjs,,
SOS Physiotherapy - Belmont,ChIJu0-m5UP0K4gRRAFOL-Ybjmg,,
Soul Prism Therapy,ChIJnV2Qy7s7K4gRFqWbghooCvM,,
Soul Psychology,ChIJ9VeDnbKVkFMRRwu7Jfm4_5I,,
Soul Seat Psychotherapy & Wellness,ChIJkwIH3Omf5mwRrQsLcuzYDBI,,
Soul Sisters Healing Haven,ChIJ86BVwvKHblMRAZNXx9zhTdw,,
Soul Space Psychotherapy Services,ChIJZety55x3UigRGyAnZGgIk5M,,
Soul to Sole Energy Healing and Reflexology,ChIJXezwQXi7ClMR-gthuhSlO98,,
Soul Tree Therapy,ChIJqbKPw53V1IkRvo7ioL8v_jA,,
Soul Unfold Therapy,ChIJYa8ZrKs1K4gRRmK3dDcqVA8,,
Soul2Sole Massage & Wellness - Sherwood Park,ChIJ0TCg9uUXoFMRIvpgs_dHR50,,
Soul2Sole Massage & Wellness Clinic Lloydminster,ChIJMy04OUyzCVMRriDFO2vMPVg,,
Soulmenders,ChIJG8BeCNWbLIgR78Cdy6ehEMA,,
soulroom psychotherapy,ChIJYcjcRyDV1IkR5LuJyutolVQ,,
SoulScape Services,ChIJ7wwaFLJR04kRTz8zkVIl7V0,,
SoulSpring Counselling,ChIJp2yDbw9ucVMRcW9ImaC_0Eg,,
Soulstice Wellness Centre,ChIJpVzMUpxAcVMR9POcrBoa8bI,,
Sound Psyche: Therapy in Windsor,ChIJkam5oRj57KoR3pcQ7y5SWeA,,
South Asian Canadians Health & Social Services - SACHSS,ChIJ__-rdwIWK4gRHdyW2sqk2Vw,,
South Calgary Psychology Group,ChIJBVjl7TZ3cVMRV3ttLJYtwpc,,
Southeastern Family Counselling,ChIJc4LICFosE1MRMnLWGzOR7Es,,
Southern Alberta Individualized Planning Association,ChIJ2b_qDM2HblMRfhj413buV3o,,
Southern Ontario CBT,ChIJ6QpkT86bK4gRuDr-KLWwuYA,,
SouthSide Psychology,ChIJCTiUSgtxcVMR_SkG1R0hIR4,,
Soutien Counselling Support,ChIJ5dq9gTpHK4gRahFiaTF8CCo,,
Spa for the Soul (Julie Christiansen Counselling & Psychotherapy),ChIJV1VV_slP04kRB3SkXyF-554,,
Spacious Mind Counselling,ChIJRfE8XHEVK4gRtVkw2woE_9A,,
Spacious Mind Counselling,ChIJx4Acub2aK4gRyXnrIJtyim0,,
SPARK Pediatric Services Oshawa,ChIJRXxw4Zcd1YkRqjCvOb-BBAM,,
Sparkling Seeds Children & Youth Therapy and Development Centre,ChIJrcSSuWbV1IkRAmyWvJOXqqE,,
Sparks Counselling,ChIJjwezOPKRK4gRk58AuIYOoCM,,
Sparks Psychotherapy Services,ChIJQfS6dsxdK4gRJKyHdjjf_Dg,,
Spear Wellness Centre,ChIJuZBRUU2q0kwR7ALCLypKAzE,,
Speech & Language Works Inc.,ChIJOR9QcVosE1MROsQcKnET7aQ,,
Spencer * Services,ChIJH3HFjk8fWU0RCnaIcOecYdE,,
Spero Counselling,ChIJvyqxtcyZcVMRpuF2XYycSYQ,,
Spero Counselling and Psychotherapy,ChIJtZeJDXQD1YkR1yv0GkdZ_ps,,
Spiler Psychotherapy,ChIJt1bASia9KogRKdbegBH5YtY,,
Spirit & Soul Healing Clinic,ChIJ51lUzZpAcVMRTD14Qx2ts_8,,
Splash Psychology,ChIJ-3xSM9MjoFMRGz5yFc11iK0,,
Spoken Shore Psychotherapy,ChIJC1fwtoCFLIgR4WfGxKKPRFs,,
Springtide Therapy,ChIJrz2vQ4LzLogR7Fsi4ljPwps,,
Sprout Psychotherapy,ChIJGaNisvVR04kRrnnUZUJwQA8,,
Spruce Energy Healing,ChIJUc5MbBePn1MRNUHrSpK-voo,,
Spruce Grove Acupuncture & Traditional Chinese Medicine,ChIJQ5mwcvOOn1MRkWZs-sVx7ys,,
Spruce Grove Hypnosis,ChIJpZm57_ePn1MReQJxBWwUK4c,,
SQUARE ONE PSYCHOLOGY CENTRE,ChIJYVXOvTBHK4gRn_PrJXPt-mA,,
St. Albert & Sturgeon Primary Care Network,ChIJf16qDnomoFMR6lh_Ks36GGU,,
St. Albert Family Resource Centre,ChIJ6bnoprEloFMRs6Xj6n9RFno,,
St. Albert Massage Therapy,ChIJ8wmpSSskoFMRG879tEIFjR4,,
St. Catharines Physiotherapy Centre,ChIJLa2Vs6xR04kRhR17bMbmVtQ,,
St. Joseph's Care Group,ChIJC3xpukdsCUEROlyWW19gVyQ,,
St. Joseph's Health Centre,ChIJDUREeEUfWU0RtM-y1bh3eVc,,
Stacey Gleeson M.A.,ChIJo2oNhHAhWU0RVdyYu06ZOU8,,
STACEY HEWGILL,ChIJ6wBfoXmjKogRzjZtemNjI8U,,
Stacey Steele Psychology,ChIJu-DPK58tE1MR8ih7LM-OqH0,,
Stadek Clinic Downtown Fort McMurray,ChIJ2Wu2pQgPsFMR_kpF8RjcSJ0,,
Standpoint Counselling,ChIJj3iE_VzxLogRkDlMqyN8lmU,,
Stang Counselling & Psychology,ChIJd7OS2oKzCVMRDTFZlDmJGIk,,
Stanutz Mediation & Counselling Services,ChIJAQAw-8wc1YkRROD1Ywts-eQ,,
Star Holistic Services Inc.,ChIJt6jgEOE7K4gR7a9KphPd16c,,
Starling Children's Mental Health Centre,ChIJaZVVFhbxK4gRFKbNLm3NEr4,,
StarMind Therapy Services,ChIJ25MJtUE5K4gRk-Ja0JGYEDE,,
Starzyk-Frey Cyndi Med RSW,ChIJz6upFsyHblMR_yOjxKwpac4,,
Steele & Porret Psychologists,ChIJh_NMPXYmoFMRLr4CIARZ8iQ,,
Steele Vivian,ChIJnZpbLsW7ClMRych-AepqmK0,,
Stefani Atkinson Counselling,ChIJodktrm0_cVMRWaG7l6bW_V8,,
Steffens Counselling Services,ChIJL4xuAAijKogRfvvtXEoT2c8,,
STENY THOMAS-INDEPENDENT COUNSELLING,ChIJE4bMt65fcVMRsY3ft673VX4,,
Stephanie Campoli Psychotherapy,ChIJV63DpL4_oYARCcAy93oRxeY,,
Stephanie Caras,ChIJbc8ClXRWdFMRcjS1ekz4iiA,,
Stephen Brennan Social Work Professional Corporation,ChIJM-kbR1opO4gRYuVJfipGp-s,,
Stephen Cares Psychotherapy,ChIJtU6w0Agp1YkRR1IuQrU-uu0,,
"Stephen Giles MSW, RSW. Psychotherapy Practice",ChIJq18GH700K4gRhgXaDKFGKm8,,
Stephens Counselling,ChIJpbJO2Gqs0kwRBhrdiPoDt0A,,
stepping forward psychology,ChIJrW7-bCiPn1MR9xBY36bJqg8,,
Stepping Forward Services Maxine Poulin,ChIJJRe4ZHxVdFMRx880OjC1lTc,,
Stevens Consulting,ChIJa-Tj06UtE1MRHwV38-uo-fg,,
Stevenson Psychology,ChIJ7aJ_NAcloFMR2UdEzpg2J3g,,
Stewart Leatherdale,ChIJSRatmtHIW0ARtS0rkGYmXgk,,
Steyaert Psychotherapy and Counselling Services,ChIJKyGjvq3KMWkRkYPa13prcB0,,
Still Bay Psychology,ChIJg3FNS0YjWU0RnpyXK5V7jNM,,
STILL. Therapeutic Pathways,ChIJj1ClMACRkFMRs5ek8_O7CiY,,
Stillar Psychological - South,ChIJE6q99QEfoFMR-c9fNWMJ8mI,,
Stillwater Counselling & Wellness,ChIJkdTWlH0joFMR3mjNysCodIQ,,
Stillwater Therapy,ChIJAVNUY54PsFMRv6YN3mqBpko,,
STIR Psychology,ChIJwws1aIwXoFMRDjUJfxtUPBU,,
Stoic Soul Counselling,ChIJJTIfXS5VdFMRaroSLad17q4,,
Stone Silo Counselling & Wellness,ChIJYTKS36N9aYYRwg5zFBIa_ow,,
Stonebridge Psychological Services,ChIJF4RU6JD2K4gRd03hqmrOjBo,,
Stonegate Physiotherapy and Massage Clinic,ChIJe3l8bEtfcVMRpKfixkzxdG8,,
Stoney Creek Counselling,ChIJ-f8TNPWYLIgRrtsGsBJg0oc,,
Storcer Psychological Services Inc.,ChIJwVVcW4MXoFMRdI1_9Mtf6YM,,
Storify Therapy Services,ChIJjUCiEBOZcVMRI58tZA2SnCI,,
Strathcona Community Hospital,ChIJ_-flG-U9oFMRkQ_KabbVFQI,,
Strathcona County Health Centre,ChIJI3fmmCQWoFMR9GVHtppH6zk,,
Strathcona County Primary Care Network,ChIJQ_MJb9AXoFMRgtvasGShfrk,,
Strathearn Psychology,ChIJB1ACjMYjoFMR68yU3Rl-C24,,
Streestville Counselling Centre,ChIJnfo6D7hBK4gRVUIpNvPtDrs,,
Street Health Centre - KCHC,ChIJYzaQ2_-q0kwRRfvdgmk67WI,,
Street Therapy,ChIJq6pWZFn0K4gRkZFPz_1Nu4s,,
Stride Academy,ChIJ82cpLn-t0kwRnksSLUIJnvA,,
Stride Physiotherapy,ChIJE8TicNxXdFMRdX7KXMqz0AI,,
Stride Psychology,ChIJF3K6LZ1xcVMRnIW382nYZFs,,
Striving for Synergy Psychotherapy & Counselling Clinic (EMDR),ChIJS-W7YTrZ1IkRBm5dngqvB1A,,
Student Wellness Services,ChIJKTKRnxyr0kwRxwnWwg9oOko,,
Studio Elle Medical Aesthetics,ChIJy593rMaPn1MRXKGu1hFbGvM,,
Sturgeon Counselling,ChIJ___vtQb_zUwRdjqq8tob0uE,,
Success in Steps - Therapy & Counselling,ChIJg9bdBMDjzUwREoqhffW6akg,,
Successful Families Inc.,ChIJ7eoeLYObLIgRcNQvvuCkPVc,,
Sudbury Community Service Centre,ChIJua10j3WqL00RUZ1_0-hZmUQ,,
Sudbury Counselling,ChIJO0hMrnNV2EcR9e231MhJL9A,,
SUDBURY FHO CLINIC,ChIJd7UH4HMAL00RTyZ9yynV2Ic,,
Sudbury Health Collective,ChIJK1glh5OrL00RafQG3I2GXWg,,
Sudbury Life Coach Counselling Services Dr. Mariette Brazeau Msc.D Metaphysician,ChIJJ-SWuNSqL00RCOB1SF-I_j0,,
Sudbury Mental Health,ChIJ2QSTZh6rL00RfFbOcLXGisI,,
Sudbury Mental Health & Addictions Centres,ChIJBXQFxNMAqkERoAIyqEQPC4E,,
Sudbury Therapy,ChIJB5GLo9SqL00RM0gztHdEfMk,,
Sudbury Women’s Centre,ChIJ_TCLtR-rL00R24olCNpDzdA,,
Sudbury Workers Education and Advocacy Centre,ChIJ6TQ0GPqrL00R35cbdxi2YCc,,
Sudbury Youth Wellness Hub,ChIJeXpAESmrL00R8mprgt2-zwY,,
Sullivan + Associates Clinical Psychology,ChIJT-TO1-ghWU0R1OPvnLAFEmc,,
Summers Counselling,ChIJB-zqM9IfoFMRT0o7bxxyjbY,,
Summit Counselling Services,ChIJAWBwRAwioFMRIfIzz4Baez8,,
Summit Counselling Services - Leduc,ChIJxfnNxkX5n1MRJ7jOQxUKvi4,,
Summit Counselling Services - St Albert,ChIJG-iNW30noFMRc2_JzemnUmc,,
Summit Counselling Services - Windermere,ChIJdw-aWxf1n1MRDEgYixHD8mc,,
Summit NeuroCare - Kingston psychiatry and psychotherapy services,ChIJCceHjGqt0kwRJpmeVC_B_Ic,,
Summit Psychology,ChIJO826Qe5vcVMRE6srIeV7Qew,,
Summit Psychology,ChIJ1wCCtVdVdFMR6unKQcQ4kWk,,
Sun & Moon Therapy Toronto,ChIJwwzFddHN1IkRB2Ia3iIQ6uI,,
Suncatcher Counselling,ChIJ81K6peuZcVMRWdf2fYJ7P3E,,
Sunday Psychology,ChIJMUn6RqplcVMRB3aMUW-wrHk,,
Sunflower Psychology - Airdrie,ChIJVxk9iXtfcVMRJQK6Jr9100Y,,
"Sunnidale Wellness - Counselling, Psychotherapy and Supervision",ChIJCTqqkP2XKogRNSkZQ_R2VX4,,
Sunny Days Psychological Services,ChIJExVv5CVHK4gRfK6kBFcjB_k,,
Sunnyside Healing Arts Psychotherapy - Toronto Therapists,ChIJ3-Pv24Y2K4gR95ZJaWFAZQ8,,
Sunnyside Psychotherapy - Ottawa Therapist,ChIJyX38N14FzkwRdETAUuqzOko,,
"Sunrise Physical Therapy~Motor Vehicle Accident,Concussion, Vestibular, Chronic Pain, And Sports Injury in Spruce Grove",ChIJbypp5r-On1MRfOrhJ6vzfYY,,
Sunshine Physio and Wellness,ChIJH9OsyydBcVMRw6biKRnh_Jk,,
Sunshine Psychological,ChIJmRZGutonoFMROHxAFjKTXgk,,
Sunshine Therapy Inc,ChIJW0oSbD2fUSkRVck-Y_N8a-c,,
Superior Therapy and Wellness,ChIJzYgJXqkjWU0R0Jx62D1mrdU,,
Supply the Change Psychotherapy Services,ChIJMSzpS9ErK4gRyQ2HlslR9Zs,,
Support & Growth,ChIJnYvRzY5HK4gROqm70M9WBBU,,
Support Counselling Services,ChIJj0j0gWQ-K4gRXnX_DNgvvAY,,
Supporting Wellness,ChIJo3lUXyJxcVMRQenG_IY3ssk,,
Supporting Wellness Psychological and Family Services | Therapist Cold Lake,ChIJUf3QkOxxcVMRsP-bd30KDxo,,
Supporting Wellness Psychological and Family Services | Therapist Red Deer,ChIJjxB-jBZVdFMR7l2BUadbYpc,,
Supportive Counselling Services,ChIJ7WFWKibftmkR_uYqd2Pn6us,,
Surge Psychology and Wellness,ChIJZdEDfbyZcVMRW6hCb2GlX84,,
Susan Blackburn Psychology,ChIJe5V-95Pe1IkRAVYdEmcFTxY,,
Susan Chudzik-Sipos,ChIJp8D27rNR04kRF0-Wg7eyt40,,
Susan Lieberman,ChIJl_ULTCYtK4gRo6_6DBqSxZI,,
"Susan Rosenblum, MSW, RSW Psychotherapist",ChIJ_5bJvJ31K4gRSjXwLmxxYG4,,
Susan Young Life Coaching,ChIJf9XJOPmq0kwRwSWs_m0oQog,,
Suzanne Dumais Counselling,ChIJ097OngZdK4gRyfNB-R4mGVA,,
Swabey Family Counselling,ChIJm0gecBksO4gRjjQdMXrpEoo,,
"Swanson, Moss, Heimpel & Associates, Psychologists",ChIJO8AfxcL1K4gRrriAVHE_N6c,,
Sweet Spot Family Counselling,ChIJ-5fel6SjKogRHplmK7ELigQ,,
Sweetgrass Therapy,ChIJmfVMxk2KBEwR4ED5dm3Ry98,,
Swift Care Wellness Centre - Physiotherapy Oshawa,ChIJ_f_Uikob1YkRyw_E4vdmwXc,,
Switzer Counselling & Psychotherapy Associates,ChIJMZne3PtDK4gRtS8w_ZvYpVA,,
Syed Annie,ChIJnZpbLsW7ClMRVqBbVSrGov0,,
Synapse by Park Integrative Health,ChIJY3gWB8A9oFMRZv46WV8ASCY,,
Syncrude Sport & Wellness Centre,ChIJQRheUPgFsFMRXalj7SWJHkA,,
Syndicated Psychological Ltd.,ChIJFQQsEPyRkFMRRXrR784a4oQ,,
Synergistix Health and Wellness,ChIJJcrVA-sUK4gR8_LDbcBSmj4,,
Synergy Collaborative Health,ChIJJ5kV66Y_cVMRU2ojxbkOy0c,,
Synergy Medical Clinic,ChIJ__2gZCgWoFMRa7XPYpUhCds,,
Synergy Wellness Centre,ChIJj34IcYg9oFMRt_66jCrT62I,,
Synergy Women's Wellness Centre,ChIJszmubSkWoFMR-gVHabq1Lac,,
Tailor Made Wellness Clinic,ChIJnaWbwiUWoFMRRWeVGnIbEkE,,
Take Care Therapy Co.,ChIJKdbdvm5xcVMRp1a8SunYX_A,,
Talk Heals Psychotherapy,ChIJa8PXjak9K4gRLDythXvjZms,,
Talk Play Feel Child and Family Therapy,ChIJsdW5vL_zK4gRf7IVU96ec2k,,
Talk Therapy Services,ChIJ3QBsgkX5LogRtScuId6UdX8,,
Talk to Heal Counselling - Vaughan Therapists,ChIJgeIbXEQlK4gRIuvNfa1kalU,,
Talk with Cail,ChIJFfVOk2MtE1MRFzYFN_HuPWo,,
Talk With Counselling,ChIJuyqeAohVzUwRdHu7FC1Xr7M,,
Talkin' Families Ontario,ChIJtcGJhjfV1IkREVNywTqlcyc,,
Talking Works Counselling and Psychotherapy,ChIJaVP844PvLogREMku46Mo6ug,,
Talking Works Counselling and Psychotherapy - Waterloo,ChIJTcH3fS7zK4gR1VfD4URzgfE,,
Tall Tree Psychotherapy,ChIJ1bnEydOt0kwR2Xj8gZdxt7Y,,
Talm Therapy - Psychotherapy & Counselling Services,ChIJA6pgK3I1K4gRj-M0Y9_EQPM,,
"Tamar Spilberg, Individual and Family Therapy",ChIJZVi9RSYpK4gRcnZd1Qrik90,,
Tamarack Physical Therapy,ChIJma00ykwPsFMRXoEOqrigjiE,,
TAMARACK PSYCHOLOGY,ChIJqzJmI_YhoFMRfCYu_6Lzbtc,,
Tammy Ezowske Counselling & Consulting,ChIJp47i2DchWU0RjGeVZHPJUTw,,
Tammy Laber Coaching and Counselling,ChIJnY7j9X3L1IkR3N5e2F2dGXM,,
"Tania E. Kingston, RP, RPC",ChIJcSfYZC6jKogRulHIp5CYNz0,,
Tansem Psychology,ChIJEWjrTXT5n1MRS5NAhBOz-Ow,,
Tanya Hansen Therapy - Counsellor,ChIJi67O8cKZcVMRY7XapltRLXo,,
Tanya Jackson (Krueger),ChIJNXS8G8eHblMRzPaW7PggrGM,,
Tapped In Psychotherapy,ChIJYdCopu9R04kR3uWrDpK525M,,
Tara Cardiff - Trauma Therapy & Somatics,ChIJX-ddRDWRK4gRLqaDOzI6RRY,,
"Tara Howlett, Social Worker & Psychotherapist",ChIJKRIVQ9wFzkwR1sMnDSX0xDY,,
Tara Mummery,ChIJ__8rb0sc1YkRrEQqQjlR7BM,,
Tarbiya Counselling,ChIJaQMRGgtirGwRW5FuIM42q4Y,,
Tasha's Massage Clinic,ChIJTZPeeutPdVMRAe3qLY2s00U,,
Tashi Massage & Beauty,ChIJM4WuZVX5n1MREJSruwvruRw,,
Taylor Ashley Therapy,ChIJi1M1j5KbK4gRReJD22yLWFg,,
TD Psychological & Counselling Services,ChIJm42OLHYmoFMRTa2iOR6O6-g,,
Teamworks Career Centre,ChIJHx3u8s2HblMRcv4n9A4KeVA,,
Teekay Counselling,ChIJe4bu2xdDK4gR_59Exu-cdgk,,
Teen and Young Adult Therapy Toronto,ChIJt9S7hj01K4gRM7JKL8SPD6o,,
Teena Garcia Counselling Services,ChIJrWi_1XT5n1MROs_Eo3pL2G8,,
"Teresa Neves, Registered Social Worker & Psychotherapist, Individual and Couples Therapy",ChIJX22ijWvN1IkRp15pIBk5dpA,,
Terri Kwok Counselling,ChIJoaH0CjAD1YkRrED8A9m9bv4,,
Teske Counselling Services,ChIJS7FMRMdWdFMRRGSr8UM0XvI,,
Teston Psychological Services,ChIJx3462hUnK4gRtfx1IA-5QqM,,
The Anger Management Centre,ChIJYyAmuMDW1IkRNrZ13TO1vEA,,
The Armchair Collective Kingston Counselling & Psychotherapy,ChIJ8bDdWEKt0kwRm0MnyMGQnp8,,
The Arterie: Psychotherapy and Creativity,ChIJXeIlYdNhK4gRI4a5tj91kWg,,
The Authentic Life Psychotherapy,ChIJjecVA80ORwARWfXf7B4SsLc,,
The Bethany Group,ChIJ14g__dC7ClMRYgnp-H7JwfI,,
The Birch Centre for ABA Learning and Development Therapy,ChIJEflB9W09K4gR8Rpet-uz4Co,,
The Birch House: Psychology and Wellness (Erika Miller Psychological Services Inc.,ChIJzaz_BlosE1MRpFEURRqA_sk,,
The Bridge - Millennium Place (Sherwood Park Sports Physiotherapy),ChIJ00mL75o9oFMR9OCg2w3tL-I,,
The Bridge - Sports Therapy & Training Lethbridge,ChIJx43Qe22HblMRozOzBe2wikU,,
The Bridge - Sports Therapy & Training Sherwood Park,ChIJMZB6bps9oFMRmQ24SZ0eVVM,,
The Bridge Psychotherapy,ChIJ4-HhUIFhK4gR9sBa-7IMdnw,,
The Calgary Therapy Institute,ChIJEw7g7Hh3cVMRXmnJC7T_9FE,,
The Calm Collective- Ally Schafer RMT,ChIJddQiaOFBcVMRFc4m92CN60s,,
The Centre for Posttraumatic Stress & Anxiety Treatment Ltd.,ChIJfeKg_Q0joFMRgOYcpZOub-Q,,
The Cognitive Corner,ChIJ35y3bRdxcVMRidf0VyKVwXU,,
The Cohen Clinic,ChIJg2UaxFozK4gRRD2Af9mxQ-Q,,
The Collaborative Counsellor,ChIJKbTGdoqXkFMRTZ_pD8lFgwg,,
The Compassion Clinic,ChIJSY2nt7qt0kwRM6QlIqCtMDA,,
The Constructive Mind Therapy - Kitchener,ChIJI7uOOiaLK4gRbSDgObjFlzY,,
The Counseling Booth,ChIJyRrQvZCyCVMRIQ67bAKV4Js,,
The Counselling Clinic - Psychotherapists,ChIJ5_RAaSfN1IkRH28PA4Rx3g4,,
The Counselling Collective,ChIJIZETF8CHblMRQ2eYeaAYuSs,,
The Counselling Group,ChIJPflCMzMBzkwR8_TQDMY2jJA,,
The Counselling Space,ChIJ__-P0PoloFMRpbt1XbVVjAU,,
The Couple Wellness Experts,ChIJ6To3Log2K4gRxGLbYQF7dOM,,
The Cove Therapy,ChIJw-DP1EQzK4gRDeCXlvDENsU,,
The Energy Medicine Clinic,ChIJZxwMTlgsE1MRSnpKGANwNsY,,
The Family Advocates Canada,ChIJZXbjqBhxcVMRS0h01D5OP_0,,
The Family Centre,ChIJCVp-_DgioFMRQly8IJEB7bk,,
The Family Centre,ChIJP3HDhp_1K4gRFEd-IUWAStw,,
The Family Enhancement Centre,ChIJDzJPEIAWK4gR_VW-KahfvME,,
The Family Psychology Place,ChIJMZdE7DBxcVMReiAx4Udypmo,,
The Family Psychology Place,ChIJGYJSYSBpcVMRys6jEPdIRw8,,
The Family Wellness Collective,ChIJQfPhBI8rO4gRVLMAqMpha14,,
The G.O.A.T. Sport Medicine Clinic,ChIJ75kSHTkXoFMR2B5L0FMdwD0,,
The Giving Tree Centre,ChIJXQO5J9zL1IkRq0IRa4739BY,,
"The Glen Tara Centre for Hypnosis, Counselling and Wellness",ChIJiXZV9MGaK4gRpNvrp0Xrzrw,,
The Grief and Trauma Healing Centre - Sherwood Park,ChIJIdxH5SoioFMR3m9OTR5qic4,,
The Grief and Trauma Healing Centre - The Orchards,ChIJ-5w7BrIdoFMRGdnyRc68ZRM,,
The Guelph ADHD & Spectrum Centre,ChIJR0lv1OqaK4gRRvafsW8jIeA,,
The Haven Day Spa and Wellness Centre,ChIJ7QVmiu9BcVMR1N607b0jxcY,,
The Haven Wellness,ChIJKdRAGrpVdFMRsRaGwfsZtAY,,
The Healing Cabin,ChIJYb-xLLyPn1MRCH6W4HNdA3o,,
The Healing Collective,ChIJQdFyS3HN1IkR8t8e8JUJPIk,,
"The Healing Hive, Wellness Collective",ChIJof9SO4HgIIgRlw4M2eZtp1s,,
The Healing Hub,ChIJEdBaQfkD1YkRC6W8MnmKW7o,,
The Healing Space- Psychotherapy and Counselling Services,ChIJcwHMd86fLIgR_tpB7YxA5RQ,,
The Healing Studio YLL,ChIJj0_DElOzCVMRZmyhsRccHrE,,
The Illuminated Soul,ChIJyaxopNz5n1MR5Hm0Y7JziI4,,
The Inner Dialogue Counselling and Psychotherapy,ChIJkRxIyO01K4gRYC_4Z-fkw0c,,
The Inner Dialogue Counselling and Psychotherapy,ChIJXzvn_4X1K4gRbO3eCjDvgl4,,
The Insight Clinic,ChIJR5JIhLUf1YkRKDSV-mhHV8I,,
The Integrative Trauma and PTSD Recovery Centre,ChIJ3__ZlrQZoFMRT5OpG-B5lRw,,
The Kinetic Centre,ChIJDcC7lYYtE1MRfpXkofT9HnY,,
The Live Well Centre,ChIJcak2QFWq0kwREe81Pq_4QPI,,
The Love of Attraction,ChIJma5oVBZucVMRQpv6VA8WO3c,,
The Mama Coach - Kate Farkouh,ChIJE3rN-yAJsFMRuqTDDe9Ia00,,
The Marriage Therapist,ChIJdcls1KsmK4gRls9k1l_pOA4,,
The Mind and Wellness Collective,ChIJhaV4MNrP1IkR4-vAcEi9eOw,,
The Mind People,ChIJ_VXcNG1CK4gR9YwJqQfratA,,
The Mind People therapy & wellness,ChIJd01fhmRw_IAR6A-pQ7tRxls,,
The Mindful Living Centre,ChIJbzYd0oNvK4gRfr1rSyKkuZg,,
The Mindful Living Centre,ChIJR1qbiQBDK4gRriPkUWbYlmE,,
The Mindful Living Centre (Burlington Psychologists),ChIJc4FvRKphK4gRIgWnaoGuN4g,,
The Mindful Therapy Place,ChIJJZohWiZVLk0Rw1R60KlYrCw,,
The Nest Chiropractic & Wellness Studio,ChIJH0eeI4NAcVMRr7osB2-vzzM,,
The Nest Psychotherapy,ChIJE6aBf1arL00RXuILM8w4FjM,,
The Newly Institute,ChIJDwba67FxcVMR-XnWVf-7g-g,,
The Newly Institute Edmonton,ChIJ_UT5CTItPq0RGsz7Vp9k_OI,,
The Next Us Psychology - Medicine Hat,ChIJiZDGDFktE1MRiLT091CiiDE,,
The Niagara Centre for Healing and Recovery,ChIJt8WreQpR04kRkMaLRwrnRqs,,
The Oak Centre for Child and Family Psychology,ChIJpWDLpJFcK4gRW6agVLj7Io0,,
The Oaks Counselling & Consulting,ChIJBXwAWxpnK4gRR-zkh66NTfQ,,
The Oaks Psychotherapy,ChIJrbmhq4qbK4gRqUEnG2Rub54,,
The Open Doors,ChIJnZpbLsW7ClMRu_1pb3vQ1ow,,
The Ottawa Academy of Psychology,ChIJzTNBzzIEzkwRvdN6NZqOK-k,,
The Pain & Wellness Centre,ChIJnydcaicpK4gRazr5QBU2M1k,,
The Physio Care,ChIJA9tyuduXcVMRa7wbfjQp8wg,,
The Play Clinic,ChIJ9_ThSQVQ04kRhcVyk-6uJV0,,
The PsychoEd Clinic,ChIJtahTRawVK4gRhD0c5YK-nkE,,
The PsychoEd Clinic,ChIJrRAmxHFdK4gRpyvmpZRWyjI,,
"The Psychology Center of Sherwood Park, Inc.",ChIJi1Ff_KAXoFMRXR5HBTjcIPQ,,
The Pulse Psychotherapy & Mental Health Solutions,ChIJSYWcyDSFLIgR6b6oUagPb1o,,
The Refuge: Centre for Healing and Recovery,ChIJVdqGGYeQK4gRWZX3bM4k6xs,,
The Relationship Agency,ChIJvQs4lgjf1IkRs6ktwXSs75Q,,
The Relationship Agency: Oshawa Therapy and Counselling,ChIJ2TiTTxeO4i8R_UDYLIlAUIk,,
The Relationship Centre - Feeling Better Starts Here,ChIJz60bQEet0kwRDtALHukIHgU,,
The Relationship Centre - Feeling Better Starts Here,ChIJHc8FGGcl1okR3k-HhZdbylU,,
The Relationship Coaches,ChIJ1aYFOnRvcVMRhBtWo8Uo48I,,
The Right Room Cochrane Counselling,ChIJqai06jxBcVMRjb4KByCIrqk,,
The Roots of Wellness,ChIJQWMxu8uzCVMRaUF-DY_9L7w,,
The Salvation Army Oshawa Community & Family Services,ChIJ0bTrRecc1YkRq3lgvR2mH0s,,
The Shape of Counseling - Fort McMurray AB,ChIJrd-J4AYJsFMRLYwKhsFSb94,,
The Skin Therapy,ChIJJa16n2tfcVMRKV3sR0Imoik,,
The Southern Alberta Self-Help Association (SASHA),ChIJQaoUlMqHblMRwKMqSiuvDOQ,,
The Spot Rehab Performance & Recovery,ChIJhx9JLj7V1IkRMd7Pstbqq0Q,,
The Study Movement & Wellness Studio,ChIJW-ajQoZAcVMRwHZHw6it9rM,,
The Support Hub,ChIJ39P58VGcLIgRqNZC9UC9hGU,,
The Therapeutic Way,ChIJfdJCJIpvcVMR5YeAS2BFlsg,,
"The Therapeutic Way, Counselling and Psychotherapy Services",ChIJSUcC4CdjK4gRXDHA4osS19c,,
"The Therapeutic Way, Counselling and Psychotherapy Services- London Office",ChIJl9DozcbtLogRTUWVW6Onyc8,,
The Therapy and Wellness Collective,ChIJ06I1TF8tO4gR6XjQ1xbVu1I,,
The Therapy Centre,ChIJcb0ryU2aLIgRFdOZrp5bXn4,,
The Therapy Centre,ChIJV0lEhZRcK4gRy0FhzoMYvFE,,
The Therapy Commons,ChIJq8KhbhZhK4gRQB9rZ19M5w8,,
The Therapy Place of Oakville,ChIJ37qWdeldK4gRNtRcxBzlbLI,,
The Therapy Space,ChIJSZ5_7W7lgGMRywyFpyRYo7E,,
The Therapy Team - Anxiety Therapy Vaughan Ontario,ChIJ425rPEAtK4gRgbyvMZgQaME,,
The Thoughts,ChIJH81LRuU9K4gRDMCZUZ-ne1o,,
The Turning Point Counselling Services,ChIJ8xGRb-6N1YkRoUyvCExhaGM,,
The Twisted Body Massage Therapy and Wellness Center,ChIJORSUDuoPsFMRo5bwl08o0aQ,,
The Whole You: Psychotherapy & Counselling,ChIJGeeZGTA5g4oRH28MoEMPoEo,,
The Wise Self Psychotherapy Clinic,ChIJZ_oi3f83K4gRvRqPGgwpwwM,,
The Witch's Therapist,ChIJHfI0MJjzLogRAg9LsXzDTlc,,
The Wren Centre: Therapy for All Ages,ChIJW2WSd7sB0kwRtaLcA9XggDE,,
Theis John Dr,ChIJZ8D0rcGaK4gRwxQ66XHcwUs,,
Theragen Counselling and Consulting,ChIJWQYef3-RkFMROYua-7lhntE,,
Therapeeps: Psychotherapy and Counselling Clinic,ChIJDcI2qYc_K4gRtx0U70Vv5NA,,
Therapeutic Body Concepts Massage - Sherwood Park,ChIJJ8R9ol4XoFMRye4vrj0ekvs,,
Therapeutic Body Concepts Massage - St. Albert,ChIJA7XMljkloFMRXmqS-EI7GEc,,
Therapeutic Intervention Psychotherapy Services Inc. (TIPS),ChIJz2xzlLsPsFMRQUKjgeAa6OU,,
Therapeutic Oasis,ChIJ30UdO6QtE1MRKJlEr-r9UXg,,
Therapeutic Streams Sports Rehab,ChIJlRyLFv0c1YkRWGzMN7ekLlk,,
Therapy Alberta,ChIJWygNVWx7cVMRRQiXX3CPAc8,,
Therapy Brampton,ChIJK8U6OrU9K4gRwieYboasU_0,,
Therapy by Bill Taekema,ChIJ_9YfwZcVK4gROY6xV13oak0,,
Therapy Collective,ChIJcaL2D5B7cVMR5bJKyfMAb8k,,
Therapy for People,ChIJtV7ihfplcVMRJ5YZCDAHcuM,,
Therapy Grove,ChIJQ0akCVybLIgRNE8pB5ll69o,,
Therapy Heals Psychotherapy and Counselling Services,ChIJzxaxL6UuK4gRYXxJHgtDY6A,,
Therapy Helps,ChIJQ3eDY9r1K4gRXA0I1rEG3as,,
Therapy in the Clouds,ChIJNQJxWyElK4gRm8AuRx-yoZ0,,
Therapy Loft,ChIJU7LZuAItO4gRhn_iVCkVnvE,,
Therapy Now Alberta,ChIJkdgm809VdFMRc3Uoy50fg5M,,
Therapy Ottawa Services,ChIJZ7GK5K4FzkwRcaWWrfE64B8,,
Therapy Studio,ChIJC9b1kEqr0kwROjGLagyGE2g,,
Therapy Villa Psychology Services,ChIJS1oz0Tc5K4gRk984-PlPGKc,,
Therapy Village Integrative Services,ChIJO8y8b4gzK4gRe0HAtyYahLI,,
Therapy West Cochrane,ChIJWx6lVTdBcVMRjW0Evu6f51c,,
Therapy When Life Sucks,ChIJN2xLyZBhK4gRtZErJiHG6wY,,
Therapy Windsor,ChIJTcnSgfYtO4gRqCSicw9hY-c,,
Therapy With Brandy,ChIJEXJ2PxofoFMRp3j5ScjcJmQ,,
Therapy with Carolina,ChIJF_LQpQ4VK4gR2WMsm-QONAA,,
Therapy with Celina - Couple and Individual Therapy,ChIJ_wsRmx0HzkwRVrxcrzx_d48,,
Therapy With Eleni,ChIJmzRIrgibK4gRUFw1igLdgjk,,
Therapy with Empathy,ChIJc9hS5UgHzkwRWttduxZ4LT0,,
Therapy with Katie,ChIJsTmzWAA9oFMRfaYxumIkWXY,,
Therapy with Sarah,ChIJTXOwHrar0kwRCgzW9ysPS48,,
Therapy with Tricia Porter- Social Work Support,ChIJ__-P6sRcK4gRFUMbiQTQZTk,,
TherapyHelp.ca,ChIJu5Cm-9wzK4gRDKEtxRbNPOQ,,
Theravive,ChIJd_UHgozuLogR2DJO8MlBCJU,,
Theravive Counselling,ChIJU1Qz13RQ04kRxPZNNHl8S_8,,
Thin Blue Line Massage Therapy,ChIJT8zh0Hn5n1MRYGOEoXBMrxc,,
Think Waterloo Psychology,ChIJmUkj-b30K4gRIseKHBdtlqM,,
ThinkWell Centre for Cognitive Behaviour Therapy,ChIJLf9f89Kt0kwR6A_-UQ8GDss,,
Third Path Psychotherapy,ChIJKwkJP6ebK4gRZ-pDp7_bI9s,,
Third Space Therapy,ChIJj3D73MwjWU0R6Zw10NcRPqM,,
Thomas Counselling,ChIJcQV78VWbK4gR4aHNcbwU3Q8,,
Thrive CBT - Counselling & Psychotherapy,ChIJaTIg95wf1YkRUAD2MUZuVf0,,
Thrive Child Psychology,ChIJqWahYJgXoFMRR96jBY9Kn7A,,
Thrive Chiropractic & Wellness,ChIJK88w-mtfcVMRLtKcNZJYZ-Q,,
Thrive Cognitive Therapy,ChIJARJ6eRkHzkwRKDvBaW_3BH4,,
Thrive Connection: Mind and Wellness Therapy,ChIJTXM-EswBL00RfyTr1jWxn8c,,
Thrive Counselling,ChIJvfql5ySeLIgR5EtRvakGT_s,,
Thrive Counselling,ChIJXamZ5Y1cK4gRlof1hSasXek,,
Thrive Counselling & Assessment,ChIJj5br5EuRkFMRaOWC8fwUhkw,,
Thrive Counselling and Wellness,ChIJkaPSu42HblMR2wvmpkWo-ws,,
Thrive Physiotherapy and Wellness,ChIJd2tjDVEtE1MRdYJXs1ZNq98,,
Thrive Psychotherapy London,ChIJUTHM1loToo8R0UvahuqO4aw,,
Thrive Teen Therapy Alberta,ChIJC-Z9ch8ZoFMRyDSTDRRLt_s,,
Thrive Teen Therapy Alberta,ChIJJQu3g0wXoFMRkO5uBwMVRKA,,
Thrive Therapy,ChIJ9wftTHBDK4gRdWCOoAJcZkU,,
Thrive Together Psychotherapy,ChIJ2X74KQcp1YkRIPXKP1X9BDg,,
Thriveology Elevated Daycare and Clinical Services,ChIJ23eIgYonoFMRvDZ4TZ_6yJs,,
Thriveworks Counseling & Psychiatry Detroit,ChIJnz9LIcItO4gRMsa5JcaoI9E,,
Thriveworks Counseling & Psychiatry Grand Prairie,ChIJnW9buciBToYRZF_aTLefHqg,,
Thriving Families Counselling,ChIJtRVEE5_0K4gRGbT-82hqD5Q,,
Thriving Future Counselling,ChIJ6XaYP2F3cVMRALmjifO9M1k,,
Thriving Future Counselling & Psychology,ChIJKQrhB_dVdFMRieKZ10dJhOs,,
Thriving Ivy Counselling & Psychotherapy,ChIJiz52lk_QS0URy8Ut5rJXBgA,,
Thriving Orchid Therapy,ChIJQ0K1JIsVK4gRob6dMqhZZqM,,
Through Life & Grief,ChIJDbh4QTxVdFMRmzkhTfhnyfI,,
Through the Woods Psychology,ChIJt-r69vB3cVMRNqov33_QIpw,,
Thunder Bay Counselling,ChIJg6X_RoshWU0Rm4ByPcx_Cvk,,
Thunder Bay Naturopathic Clinic,ChIJlwu2NSkiWU0R6HroZo2E-Lg,,
Thunder Bay Physiotherapy Centre,ChIJv3jQT3ohWU0RK8bQsAMqhsw,,
Thunder Bay Psychology,ChIJt7dqYMsjWU0RWhl4r3UzYuw,,
Thunder Bay Wellness Centre,ChIJyQKfXvMhWU0R_nwXOx_lVtw,,
Théla Psychotherapy Clinic,ChIJ43Vcbl1GXYQRJaR7UXBby2M,,
Tikvah family services,ChIJsch8Yj8_K4gRJrTtvB62cMs,,
Timber Ridge Counselling,ChIJ8S4gmwknoFMRySt-efIGUrA,,
Time to Grow Psychotherapy,ChIJk0ZDSDoD1YkRhQED0PiihDw,,
Tina Gal Counselling Psychology - Edmonton,ChIJ95UrYiYhoFMRgugcUcBXysM,,
Tlc Therapy Inc.,ChIJAQDU3rQIsFMRccqEA_rG5eU,,
TLV Therapy,ChIJRdJ3Np35n1MR5M2SmRv4-MI,,
TMS Life,ChIJMZUF0dgFzkwRV4g4T1dgY7w,,
To The Stars Wellness Centre,ChIJ2xwCjXEEdVMRqQcAp_6drgg,,
Together Wellness,ChIJ7QEZGtgrK4gRFxSo34r99Pw,,
Toi Toujours Counselling,ChIJ0UxQlIk-PiYRhEYPw1l8OKo,,
Toronto Child and Family Therapy Services,ChIJZRhB-CYzK4gRnqTdm38CSE8,,
Toronto Community Psychotherapy and Counselling Centre (TCPCC) 多倫多社區心理治療與輔導中心,ChIJd_hx-33T1IkRBtsJW20aS2s,,
Toronto Counselling Centre for Teens,ChIJTTKi6M43K4gRxMaOJDMnSfI,,
Toronto Counselling Centre for Teens,ChIJ5xksxe3N1IkR0rDabQJvbCM,,
Toronto Family Counseling Services : Mahshid Abbasi,ChIJ__8_bU4qK4gRscYxflP-6jY,,
Toronto Family Therapy & Mediation,ChIJp1jaMz8zK4gRpXE9r9QAqDs,,
Toronto Psych-Ed & ADHD Clinic,ChIJv6RMThYzK4gRWu7G7ojuEq8,,
Toronto Psychological Services,ChIJW7og1qU3K4gRcd8JD4MAiNY,,
Toronto Psychologists: Dr. Stacy Lekkos,ChIJjy-0pMYzK4gRC10t04aZ80M,,
Toronto Psychology & Wellness Group (TPWG),ChIJr1QNiucyK4gRDaqf4_bBlJ8,,
Toronto Psychology Centre,ChIJkxzKs7o0K4gR9zSukL5cLw0,,
Toronto Psychology Clinic,ChIJ0ytvFb00K4gR_9yWs7h1rv0,,
Toronto Psychotherapy Group,ChIJGXYYi0vL1IkRJpMu6-3FiZ4,,
"Toronto Psychotherapy Space | Online & In-Person Therapy for Individuals, Children, Teens, Couples, & Families",ChIJyxOmpg_N1IkRK8wZi4UFa-Q,,
Toronto Talk and Thrive Psychology,ChIJgRt7TyQzK4gRSByVUAq2SYY,,
Toronto Therapy Practice,ChIJl4rynaczK4gRfUZ1GXJo7PU,,
Toronto West Psychotherapy,ChIJ4f8c7FQ1K4gRd1UrIuFig8U,,
Touch Treats Wellness Clinic,ChIJGcLuSXz19CcRm77bTXSidPk,,
Town Psychological Services,ChIJj1XgeR9DK4gRXc12MdHajoo,,
"Tracy Nguyen, MSW, RSW",ChIJNQke3TBHK4gRqUrS4NGymKM,,
Trail of Growth Psychotherapy,ChIJExp_QTo71asRkwY0zndU1r8,,
Trailhead Psychotherapy Clinic,ChIJJ-ON0eMLt40Ra5EVaSTDna0,,
Tranquil Massage Therapy,ChIJ6c6K-cS7ClMRAuV4K7Ty8pQ,,
Tranquil Minds Psychotherapy and Counselling Services,ChIJv5IRGOabLIgR1nsXWdFv6Ho,,
Tranquillium Holistic Therapy & Wellness,ChIJx-naj6ybK4gRmaNKGQMpPa4,,
Trans Wellness Ontario,ChIJ79tmlzstO4gR3OeYSfbMoJo,,
Transcend Counselling,ChIJtfP-yQ8ioFMRojF4ioNlxxo,,
Transcend Psychological,ChIJqzJmI_YhoFMR4ajiCtUQOO8,,
Transcendence Holistic Therapy Services,ChIJV8Y7FkU3K4gRjvs6czuo6bk,,
Transformation Counselling,ChIJPf17vL8FzkwRJuDgg7LHIS4,,
Transformation Counselling,ChIJ1e7-_gj0K4gRUncR-T8rcPI,,
Transformation Counselling,ChIJmemF71j1K4gRBKaXlt5gE_0,,
Transformation Counselling - Barrie,ChIJ0f1mw1KjKogRR3C9hFIlF8w,,
Transformation Counselling - Brampton (Online Only),ChIJuQ0pe_A_K4gRgE_CskGJCpA,,
Transformations Counselling Services,ChIJ3_PTcUEuO4gR4Sy0jq7sXNY,,
Transformative Counselling Services,ChIJ2xUKhIaELIgRmiyWaPLrTW0,,
Transforming Emotions,ChIJ26Gyjp7M1IkRi3LDxElVJOo,,
Transforming Trauma Counselling Centre,ChIJ4aW4oawloFMRserdItqtO5Q,,
Transition Counselling & Life Coaching,ChIJQ768-mtfcVMR-unTLds0d_M,,
Transition Health & Wellness,ChIJEeDvZ5uyCVMRQR4dpsFXMOU,,
Transition Life Wellness,ChIJmQKPZGdfcVMRqYnq0Abfy-w,,
Transitions with Shelley,ChIJqy8KyI-ZcVMRNydT1JHsOwQ,,
Trauma Recovery Psychology,ChIJYTNqlGGXfKsRDDvK-1R4uOg,,
Trauma Therapy Solutions,ChIJr2t1NiyHblMRRhH_nxsF5Io,,
"Trauma, Somatic & Spiritual Therapy Mississauga– Nira Lall, Registered Psychotherapist",ChIJV90LkrVBK4gRI0_MqYkQNP0,,
Trevor Zimmer Psychotherapy,ChIJ0-zTqUM1K4gRpo0QOSRnXX4,,
Tri Health Clinic,ChIJ9U-IfdWr0kwRN8nVUbzQLrI,,
Trickett Counselling,ChIJKWL9SDebK4gRTaltCPbyBTU,,
Trickett Psychotherapy & Counselling,ChIJT5M2je-bK4gRU0u_9s5seKg,,
Trillium Counselling,ChIJQ8LD08r1K4gRV7URG9fXONs,,
Trinity Mind Body Soul,ChIJ46qJYyQo1YkRfppvQ4v50sM,,
Trinova Wellness Centre,ChIJ2cROTTkUK4gRXJmjAfbvqec,,
Triple R Counselling Services,ChIJ0Xto0f_5n1MR3gzcHoJm2Iw,,
"Triune Systems Inc, Coaching, Counseling, & Consulting (Psychologists)",ChIJQTJDsmOyCVMR-QRxUsg-ijg,,
True Balance Counselling North Office,ChIJXSfhFECHblMRXjWC6uILyro,,
True Balance Counselling South Office,ChIJR93Em9WHblMRbkOKHrPhC3w,,
True Balance Medical Spa - Sherwood Park,ChIJ34J4adAXoFMRKuFhAHug01Y,,
True Balance Medical Spa - Spruce Grove,ChIJrdnBt_GOn1MR1iwV84TUN8k,,
TRUE BALANCE PSYCHOTHERAPY,ChIJ216gYaY1K4gR4fKw2wPbPRo,,
True Balance Therapy,ChIJVX1CS4I5-ScRuYMX9qr9T_E,,
True Freedom Reiki,ChIJS32ztYyPn1MRB81qyAyj1DQ,,
True Health Therapy,ChIJoXehU-aFLIgRWdWPm31v5tY,,
True Living Counselling & Coaching Inc.,ChIJ59cO6TiXcVMRin0AA6CTQCg,,
True North Counselling,ChIJ_33Ff3MtO4gRIGRe_XS8H28,,
True North Counselling Corporation,ChIJS9Ohytt3cVMRquB-eP8JduE,,
True North Psychotherapy,ChIJ6cbl8ymbK4gRnN7FTZqPu8A,,
True Self Counselling,ChIJff7rSqKbLIgRMQgX3r9e6kE,,
True To You Psychology,ChIJ64OGiIs9oFMRLqDqT-F-88c,,
True-North Community Counselling est. 2015,ChIJp8zHSZvA_0cRdeLromNCg7k,,
TrueHealth & Infinity Massage Centre,ChIJlTazEogPsFMRhm0eGB2blXw,,
TrueNorth Counselling and Support Services,ChIJAQDU3rQIsFMRK3HP8nB7QIk,,
Truly Known Counselling,ChIJCe0xo9GRkFMRCUtn8HTLc7c,,
Trust Therapy - Relationship Clinic,ChIJ_zPEDrctK4gRaklenzk0v04,,
Trusted Care Counselling,ChIJHZDfchxILWoREM5UYZAadwA,,
Truth For Interracial Family Psychotherapy,ChIJL9h6ic4d1YkRq-fXjj6onfo,,
TSR Clinics,ChIJIc790Ogc1YkR3zSQw0RM5ps,,
Tucker Psychotherapy,ChIJzwJtislkpIURuQwMgofDVPw,,
Turner Counselling - Okotoks Counselling,ChIJ0y-iwliXcVMRIcxoKeTaYKo,,
Turning Corners Psychological Services,ChIJATdIUykPzkwR1kRq848J--o,,
Turning Point Counselling,ChIJ98pNByZVLk0Rjxn0rGIkDFI,,
Turning Point Psychological Services,ChIJSSmsGPUm8qsRl-5R8oUMpfY,,
Turning Point Society: Harm Reduction in Central Alberta,ChIJ3YKn0CVUdFMRSQiL6n41IUE,,
Ubuntu Counselling Centre,ChIJ--sKGmAsO4gRJmI67FHrWKE,,
Ubuntu Psychotherapy & Wellness,ChIJPzMC_YvSz6sRi1zWhQXEAYY,,
Ultimate Progress Mediation,ChIJ32N1UZQloFMRpasBmwyADmM,,
Umi Psychotherapy,ChIJT8zN8A3V1IkRKFMwmdksU9A,,
Under The Oaks Self Care Centre,ChIJVyTA8QRR04kR7TU0ew3ir1A,,
Union Station Therapy - Couples & Individual Counselling,ChIJY8Ka01EzK4gR7vd-xws-Qdo,,
Unique Minds Academy,ChIJRQjJOmi9KogRnq8kGTw5aeE,,
Unique Pathways Counselling Services,ChIJo1OPvXhlcVMR10_-lVdGCAQ,,
Unique Peace Counselling,ChIJYVJEv-0FzkwRqvEG1cLKGF4,,
United Way of Thunder Bay,ChIJo6NXqF4fWU0R8zDvrIQEwY8,,
Unity Collective Studios,ChIJFWtyzBGZcVMRQY_8TBN1zmc,,
Unity Massage & Wellness Clinic Grande Prairie,ChIJF27_XaOVkFMRdI1ZJpST7FY,,
University of Waterloo Counselling,ChIJ524b4qn2K4gRg2Q2RysXZNw,,
Unsworth Psychological Services,ChIJ4RMCOEuRkFMRL9BcRh6qeIU,,
Untangled Counselling to Coaching®️,ChIJi_SRr77BClMRzcTNX0Lf_kU,,
Untangled Mind,ChIJyxlk-BbVOogRIi8SYwNQ-EE,,
Untethered Heart Counselling,ChIJ5_BkCs6HblMRQV3S96PqMVI,,
Unwind Psychotherapy,ChIJrT8dzcg9K4gRJ6Ps0I6ZUQw,,
Unwind The Mind,ChIJewi4ZKubLIgRF91hHHiqxR8,,
Upfront Counseling Solutions,ChIJ19NSInItE1MRHlDzuQebM2M,,
UPI Health,ChIJX7ErJdv1K4gRaQjz1-nP8xk,,
Uplift Next Level Counselling,ChIJG4v3Q4V0OwMRBDWbI_uiNNw,,
Uprise Psychology & Wellness,ChIJtyPTISUFzkwRUdeGdjAQT1I,,
Upstream Counselling,ChIJiRtXAk3xK4gRAyjJvs_Dpdk,,
Upstream Psychology,ChIJrR5bCxMnoFMRfBL3qtz2quE,,
UR Plentiful Therapy Inc,ChIJm3eGcxaRkFMRWXVi0b70ZRM,,
Urban Touch Halo Wellness INC,ChIJkzG2dvKOn1MRQUrTfOBEwX4,,
V Hope Clinics,ChIJJRXHk4YvK4gR5ZNH5pf7acY,,
Valley Connections Counselling,ChIJ-Y4WfvtvK4gRyPfXUdh1T_w,,
Vanessa Robson Therapy,ChIJ6-yAuNoZ1YkRAn4jW0iiPAc,,
Vanier Children's Mental Wellness,ChIJE-xuuGXyLogRUTgVTEdJb4U,,
Vantage Community Services,ChIJdS-JSTBUdFMRfw4UIrBQkJY,,
Vaughan Counselling and Psychotherapy,ChIJVwxn-sIvK4gRitLwha-z8z4,,
Vaughan Psychologists,ChIJxWZvOVMvK4gR_mURXwPsEDg,,
Vaughan Psychologists,ChIJy3RzruguK4gRLpR2gURRWKs,,
Vaughan Relationship Centre,ChIJiWIncyk7K4gRl9PL1qFQfWM,,
Vaughan Wellness Centre,ChIJ6V8YgqO0AyQReANd90gvbZ4,,
Vault Mental Health,ChIJJaERnXsf1YkRqXp7Lg-Zje4,,
Vault Mental Health,ChIJTU8aDW-jKogREgWfByMU0nk,,
Vault Psychology,ChIJdXMeWC4XoFMR3JOZD4pmZN0,,
Veim Healing Massage,ChIJi56zZa4IsFMRiYAezO8iHu4,,
Vena Women's Health + Wellness,ChIJTfAUbxRfcVMRCbjFliqCpVM,,
Venema Family Counselling,ChIJtbHe9ExX04kROIyTSARDJQw,,
Venture Wellness North,ChIJAQAVN6gfWU0RA6rjoCQTQcg,,
VERA WELLNESS Psychotherapy Services,ChIJk1Tp_UnF4AIR3YjbdmXyzQE,,
Verita Counselling,ChIJ__9LaZtAcVMRtsyUkVZJYLY,,
Veto Family Practice,ChIJ58OJ0mvwLogR6AR4XfUCaHI,,
Viable Mindset Counselling,ChIJJaq7LLFvcVMR59ByMK0ICNQ,,
Vibe Counselling,ChIJO2CVg2B7KogRiYDM9riDQLg,,
Vibe High - Sound Therapy,ChIJ4VpFVz4_cVMRrOLvYmVBpvA,,
Vibrant Roots Psychotherapy,ChIJvd_Dcef1K4gRteUVaSB5dIk,,
Vicolo Counselling & Psychotherapy,ChIJ2QFDpRUTzkwRbxRfIK2Kgtg,,
Victoria Brassard Counselling,ChIJFVhDnPWr0kwRscV5fp9F7x0,,
Victoria Davies Psychotherapy,ChIJR_2zx4er0kwRzE1p3r-hSkk,,
Victorious Kids Therapy Center,ChIJ1X2PYIQtK4gRh43nWRvSfBg,,
Viewpoint Psychological Services,ChIJXcNQwJZvcVMR6G3ZK0LHnZM,,
Virtuous Circle Counselling,ChIJCzYNJFVxcVMRVz9oCbnyxwM,,
Virtuous Circle Counselling,ChIJ35gwaOgZoFMRFvE4e8Gq6zg,,
Virtuous Circle Counselling Calgary,ChIJM7GPPnxxcVMRXRhkYL7T6oA,,
Virtuous Circle Counselling Calgary,ChIJ01NMPVNpcVMRgA4WgSWXfhk,,
Virtuous Circle Counselling Calgary,ChIJ8bvoTSZ3cVMRZDkbLzwzBTY,,
Vita Counselling Services,ChIJgV5KWL2HblMRKbZ8orhYQ60,,
Vita Psychology Centre,ChIJp9H-PO8_K4gRXVJSbwi_Kl4,,
Vita Sana Naturopathic Wellness Clinic,ChIJ23YPLPKOn1MR1JcoH4KpUdY,,
Vital Mind Psychology,ChIJ8Y4n6ppBcVMRDi4Tjzg27zE,,
Vital Minds Psychotherapy,ChIJbXTPW02bLIgRXmBUESAPGU4,,
Vital Minds Psychotherapy,ChIJESgVUNftLogRc-nt72pZr6k,,
Vital Minds Psychotherapy,ChIJU5H1TfhDK4gRoqxbxulQa_k,,
Vitality Psychotherapy and Wellness,ChIJ4crrhZJHK4gRRofOurOP-CE,,
"Vivian Steele, Registered Psychologist",ChIJIVfby5N8PUgRbAQVCDYUp9U,,
Vivid Minds Psychotherapy & Counselling,ChIJU1Ur3pQd1YkRvLAOYaZpM9I,,
Vivid Psychology,ChIJqwoBYn9vcVMR1N4nfpD9nuQ,,
VMA Psych,ChIJp7iUrQE5K4gRAInjOj1xtjY,,
Voice Of Hope,ChIJAQBA7UEZ1YkRYx8qiB8RJcQ,,
VOX Mental Health,ChIJb2IXwNqjKogRQ1tdhnWf7JE,,
Voyage Couples Therapy,ChIJXWJZgRpBK4gRiNN6D7Bc_vs,,
VP Health,ChIJXZMNVrqHblMRv204-nkSkz0,,
W Experience Counselling and Wellness,ChIJ8akfT3r1K4gRrH3K8dlHeQY,,
WALK IN | Community Care Clinic,ChIJfei-FlIPsFMRhYiNkDv12UE,,
Walk-In Clinic - Prairie North Plaza,ChIJc8Omkl-tCVMRmsJ_I61qqMU,,
Walk-In Counselling Clinic,ChIJy8qVGoosO4gR2If7Xx9EbTc,,
Walton Psychotherapy and Counselling Services in Oshawa,ChIJlWfkdNsf1YkRmByWqY4JkpQ,,
Wanda Cassidy Counselling Services,ChIJhagrOIVRdFMRuUvuT6KslOw,,
Wanda Nayduk - Barrie Therapist and Mental Healthcare Professional,ChIJBwTXXNaiKogRBhHH4lgLzcM,,
Wandering North Therapy,ChIJIbMbrRuRkFMRdoL0a-P4ye8,,
Warp & Weft Counselling and Art Therapy,ChIJ3z1IVVWZcVMReNfMfantbIk,,
Waso Physiotherapy and Massage,ChIJbQ2jPWqHblMRT0VQuIWbRSQ,,
Water & Stone Psychotherapy,ChIJqz4jvbcBL00REKKic2AWI2c,,
Waterloo CBT Clinic,ChIJyfX01Q3zK4gRW66nk1w5fvc,,
Waterloo Psychology Group,ChIJjd36whj1K4gRkZv7-WLXVvw,,
Waterloo Wellington Healing,ChIJob5RDgCbK4gR4B_jrmjIqEc,,
Waterstone Therapy,ChIJMdexyzqbLIgR-QxQQ2SHQHQ,,
Wave Mental Wellness,ChIJA0TOAm1vcVMRlomuxc9xP94,,
Wave Psychotherapy,ChIJxUGmdDcd1YkRLpMWWtGQlr8,,
Wayfound Mental Health Group Inc.,ChIJCxInJ1JvcVMREXXyd9GwD7Q,,
Wayhome Counselling,ChIJ97s7u7uFRCERetA_cFrh6tQ,,
Waypoints Community Services Assn,ChIJucq00j0JsFMR6IkMsrlwd_I,,
We Care Counselling,ChIJ5R2-nEAXK4gRgrKQyySV78o,,
We Cure Rehab (Physiotherapy Clinic),ChIJNcrDWwcd1YkROh7ogon3GLI,,
We listen psychotherapy,ChIJC0CNutdR04kRsV9akaCMam4,,
We Thrive Counselling,ChIJVzfttlzL1IkRLaC2tOAki40,,
Weir Psychological Services,ChIJSVfr5tAXoFMRIFHsu0h_Xx4,,
Well Beings Counselling - Downtown Toronto,ChIJAdIWjwQ1K4gRJZ31Zu9XtkQ,,
Well Beings Counselling - Guelph,ChIJJc2GMIebK4gRYEuqTdZ0VS8,,
Well Beings Counselling - Hamilton,ChIJT_oS64ibLIgRZXPalDfh8lY,,
Well Beings Counselling - Kitchener,ChIJbV9grRH1K4gREVnKoBSIZok,,
Well Beings Counselling - London,ChIJ5Tz2amTzLogR4O4maY5zUwY,,
Well Beings Counselling - Mississauga Therapists,ChIJoWDn0HdHK4gRb_TkNpEGqwQ,,
Well Beings Counselling - Oakville,ChIJo_LpKRVdK4gRXznHV89Iwp4,,
Well Beings Counselling - Ottawa,ChIJsQNN5qoFzkwRGx9Pa4fcRpE,,
Well Beings Counselling - Waterloo,ChIJNzJpyC_xK4gRtBdYrfi98xM,,
Well Beings Counselling: Yonge & Davisville Therapists,ChIJ0yWCyqIzK4gR2vCZk2bWNzY,,
WELL Health Mental Health & Wellness Centres - Mississauga,ChIJZaTzXQdHK4gRPyE5yJuSrRo,,
WELL Mental Health & Wellness - Northwest Brampton,ChIJi-bmo2oVK4gRlMOVGQd2GB4,,
Well Vitality Health Clinic,ChIJke8oGnyHblMRcqxQzyu-jCI,,
Well Workshop,ChIJQ9KvTkQfoFMRQyIBS4K1Vq8,,
wellbe family wellness (beaches),ChIJDXHYj0PP1IkR-L0J1Pyh8AY,,
wellbe family wellness (leslieville),ChIJj4LfIQbL1IkRZnnjzPJmFDA,,
Wellbeing Wonders Treatment Centre,ChIJM7o1aP89K4gRkKHM4-GzzzA,,
Wellness and Psychotherapy Centre of Niagara,ChIJ45udg9JR04kRkKDsm2IO2Rw,,
Wellness Counselling Centre,ChIJe3maAuFxcVMRnRoK-fu2L1c,,
Wellness Counselling Centre,ChIJI93AdqpR04kRv_b6UE9xPR8,,
Wellness Counselling Centre For Youth,ChIJ8xFx9k7T1IkRf-SUOr9eqb0,,
Wellness Psychology,ChIJAbjCpJJvcVMRy5y8NlWwKPQ,,
Wellness Psychology Services,ChIJy6r6XfwFzkwRspQihmmBwkQ,,
Wellness Solutions Inc.,ChIJl7UHLcEJsFMRpWOXJ8dBrPE,,
Wellness Studio Sudbury,ChIJ6aVOcFCrL00RcqtB9B4opVQ,,
Wellness with Kaylei,ChIJES9v9rH5n1MRW2KsEFpoVtc,,
Wellness Within,ChIJU7RhBPUmoFMRqO0q1EnRDYc,,
Wellness Within Therapy & Counselling Services,ChIJEXiTwNWr0kwRsPMoqsKEvuo,,
WellPath Stress and Trauma Therapy,ChIJJUumFhrvLogR5aad3QONUxY,,
Wellwood Counselling,ChIJVVV5sNgioFMR2mW6_U0Hx34,,
Wessels Phillip Dr,ChIJZzkl-YiyCVMRd4zbX_GC8b0,,
West End Psychological Services,ChIJm-dparY1K4gR_OY-HY3afSI,,
West Ottawa Psychology,ChIJiwAZTTMBzkwR_ftyk-ljt-w,,
West Toronto Psychotherapy & Counselling,ChIJJ5AkonM0K4gRXZG3Kjf4AOU,,
WESTBORO PSYCHOLOGY | Ottawa Boutique Therapy est. 2015 | Experienced Psychotherapists,ChIJ81LK66kGzkwRbIjbJNvZrys,,
Westbrook Counselling Services,ChIJgfOYB51AcVMRppH0leTultk,,
Western Winds Wellness,ChIJJZMRcPn5n1MRI0oVFmEtCCk,,
Westgrove Clinic,ChIJr9nBt_GOn1MREnLcC7zu6CA,,
Westgrove Professional Building,ChIJ__-PzvOOn1MRs8sJS69cM5w,,
Westlake Dental - Lloydminster,ChIJ_2JcfnatCVMRJJ-KcCO-Q3Q,,
WestView Primary Care Network,ChIJrdnBt_GOn1MRfcADvqwew4Y,,
WG Psychology,ChIJc4NqWFTN1IkRSIgbdAk4lRE,,
What if... Counselling Services,ChIJWYGyozkxK4gR9RpiCOlq-wA,,
White Brick Therapy,ChIJv_wEfZQv1YkRWSsuiNNHjJA,,
White cedar,ChIJ5ftDZJMd1YkRE3M4rfGE9A4,,
White Pine Counselling Centre,ChIJb8mHPXKrL00RB_EL9TVYy1I,,
White Pine Health - Brampton Physiotherapy Clinic & Wellness,ChIJd1i_jeY9K4gRsVyn-nmeAl0,,
White Pine Psychology,ChIJxZnAyexgK4gRtbiS2GZd-Zg,,
White Pines Wellness NWO,ChIJuUxiurchWU0Rq2Ekv0b8Omg,,
Whiteboard Counselling,ChIJ0TbzfMldK4gRc4Gpa51SZRg,,
Whole Brain Neurofeedback,ChIJWeR207YloFMR276lzp8s7wY,,
Whole Family Psychotherapy,ChIJ5a49_P7zK4gR-s2_t2M7oyI,,
Whole Life Counselling,ChIJWV-jVBe7K00RYHk_PDbGMSg,,
"Wholehearted Healing Therapy - Adam Thompson MSW, RSW.",ChIJPRe0nrKr0kwRf-KTmzNO0eA,,
Wholeness Psychology Centre,ChIJ68IT1pQ9oFMR0QfZCSgi9cA,,
Wholeness Within,ChIJf8xbyIwsDCERMBvQ28x3QSE,,
Wholesome Psychology - Edmonton North,ChIJYQ7LKQMloFMR0OKlwpY2o4Q,,
Wholesome Psychology - Edmonton South,ChIJb1GAmdMfoFMR-FQ_q7FyqNc,,
Wholesome Psychology - Edmonton West,ChIJWYgcijIhoFMRTQw0e4zIbfw,,
Wholesome Psychology - St. Albert (Green Grove Drive),ChIJA2Bi2YEloFMR7ResNs1cRhw,,
Wholesome Psychology - St. Albert (Jensen Lakes),ChIJq0Zd3FgloFMR-Jlg1hN1hRU,,
Wholistic Counselling Services,ChIJqbdHRc0tO4gRIFkH2RQp1mM,,
Wild Oak Trauma Centre Ltd,ChIJ_TBq17ZVdFMR3JFmYJK1f9c,,
Wild Sage Therapy,ChIJySU8YacrK4gRORd0RiXqGlY,,
Wilde Oak Counselling Services,ChIJHbnIn3SVkFMRCsTOWCJTsSE,,
Wildflower Counselling,ChIJ0_LrlQWHblMRHg4pNrMVW48,,
Wildrose Psychology,ChIJRQmvDXlVdFMRbnJ0kEnfdm4,,
Will Therapy Services,ChIJMYmtBWD1K4gRlnXdSG4mdpM,,
Willow Family Health,ChIJN_YwLIOr0kwRf1KXdBbEoJU,,
Willow Park Physio and Health,ChIJ__-vtqb5n1MRB43csN39Yqo,,
Willow Psychology,ChIJE1olCsgjoFMRtBh_u-U1ens,,
"Willow Roots Counselling, Lauralea Lloyd MSW RSW",ChIJiQFFFOt6LIgRQNScYeYqlVc,,
Willow Roots Therapy,ChIJNTxmH2gFzkwRIl1Gr9M_w3U,,
WILLOW THERAPY,ChIJAdvtFkdfcVMRgQAicyBjhOk,,
Willow Tree Counseling & Consulting,ChIJpdopd4iYyyMRu0xG0UbHwSY,,
Willow Tree Psychology,ChIJEz9__OdcK4gRP7NrwQHQRgQ,,
Wilton Psychological Services Inc.,ChIJ84vmacO7ClMRLFu65-nLjz4,,
"Win Win Counselling, video and telephone counselling in Alberta, Ontario, Manitoba & Nova Scotia, In-person in Oakville, On.",ChIJ_Z7gDu8tK4gR2BA7U-ouKGU,,
Wind Rose Counselling,ChIJjZn31m5fcVMRRQTIogvYGDs,,
Windsor Counselling Services Internal Healing,ChIJQQyXEsIrO4gRmSOeJiOzDLo,,
Windsor Depression & Relationship Counselling Services - Wendy Limarzi,ChIJT9vbePgsO4gR5Gmhj8oOnRI,,
Windsor Essex Counselling Centre,ChIJIWVmZZktO4gRZwIyYxkcpLY,,
Windsor Family Health Centre,ChIJHTGnEWcsO4gR62aKHpfQEeA,,
Windsor Family Health Team,ChIJ2WNHQuAsO4gRcYSH1REaLgw,,
Windsor Family Solutions,ChIJAQC8XHorO4gR6yLJyeeSRD8,,
Windsor Neuropsychology,ChIJFfbS1VYtO4gRH385wO6VW68,,
Windsor Team Care Centre,ChIJKfyki4MtO4gRIKE2eDabgU4,,
Winrose Oasis Counselling Services,ChIJsYMRly_AN68R4ESA1FNCo-M,,
"Wisdom for Life, London Therapy & Counselling Services",ChIJ85pQzB3yLogRZ75wr5kZVbw,,
Wisdom Psychology,ChIJS_IljeBBcVMRmyAzaBACNow,,
Wise Hearts Therapy - EMDR & CBT Therapist Sudbury,ChIJ3xhFgYKnL00REbWxND7WMso,,
Wise Mind Psychology,ChIJl9j74bYvK4gR86cDuTnvmSY,,
Wise Path Counselling,ChIJcVrohGv0K4gR23RVHJ80zF0,,
Wise Psychotherapy Clinic,ChIJw-QhBSMrK4gRb5nrf02RA-E,,
Wiseman Counselling Services,ChIJS6xkl8vN1IkR1RuedJ5ttDs,,
With Counselling,ChIJj1sovbAjoFMRG4vPYH9s3o8,,
With Ease | Therapy Space,ChIJ__-SLeuaK4gR3KTkTwYTSBY,,
WJS Ab Family Support Services,ChIJcaRNNCRUdFMRhEbCZYX5FZc,,
WJW Counselling & Mediation,ChIJzQeF5nUmoFMR7R0F231LsxU,,
WJW Counselling & Mediation,ChIJUfD0WW4foFMRyV4KFv7ARGM,,
Wonderland Therapy Collective,ChIJNRoAsJVXdFMRk5Jq9RQyWls,,
Wood Buffalo Addiction & Mental Health Services,ChIJKSt3KPQJsFMRoNmstq9-Df8,,
Wood Buffalo Massage & Osteopathic Therapy Clinic Foundation,ChIJZeQfjdkPsFMRkQZ7YuYW0kY,,
Wood Buffalo Massage and Osteopathic Therapy Clinic - Downtown,ChIJx4tsJHYJsFMRjOrSNuHMi5g,,
Wood Buffalo Massage and Osteopathic Therapy Clinic - Thickwood,ChIJT_ivdA4JsFMRxH0oH2EGLEY,,
Wood Buffalo Pride Society,ChIJSQuQKecPsFMRN3BhGvmOKvw,,
Wood Buffalo Therapy,ChIJP6wHGVEPsFMRXgdggQI_CjE,,
Wood Buffalo Wellness Society,ChIJuYe77rUIsFMR-_hFxH35Rb8,,
Wood's Homes | Stepping Stones Youth Services,ChIJZUpv7VUIsFMRYJu4mUTrOiM,,
Woodbine Psychological & Counselling Services,ChIJTaB9cGXT1IkR33QP1w9PFrE,,
Woodland Psychotherapy,ChIJ7bzUOqsfWU0R84p_8BKzWh0,,
Woodrows Counseling & Consulting,ChIJTRsivLWHblMRcaxsCdKQg1w,,
Woodview Mental Health and Autism Services,ChIJMZYRq6adLIgRQg-mb8jDsRc,,
Woolwich Counselling Centre,ChIJc7FnK4ruK4gRE0pefF7ECQ4,,
Words Of Hope Counselling Services,ChIJ0c16-S6jKogRSvJrRi408U8,,
Work in Progress,ChIJLXzaerQ1K4gRx2iL75eYjVw,,
Wortley Marriage and Family Counselling,ChIJbcnXwR7GW0ARqMEO5ALN4y8,,
Woven Blessings Maternal & Pediatric Services,ChIJbaDZ7dUnoFMRqwz-hDU0VP8,,
Wrensong Counselling,ChIJYYBGSDcloFMREArvyrTGnKY,,
Wright Psychological Services,ChIJT8hDhDlSLk0RaGjRMSJbrv8,,
XY Spark,ChIJBYea_bUJsFMRYChs26HnfVk,,
Y.O.U.R. Therapy Clinic,ChIJVVWhBYzxLogR5POgqiLNno8,,
YEG Family Counselling,ChIJCbbYy_AfoFMRdlV0UBD3ahs,,
YEG Psychology,ChIJIQcsiikfoFMRx1WC8s5BqFA,,
Yellow Serenity Counselling & Psychotherapy Inc.,ChIJWXuvkYPNKogRRchQDoKIzFI,,
Yellow Umbrella Wellness,ChIJoRYE3K9DK4gRIqxduB2sEYU,,
YGK Psychotherapy,ChIJr9CBSU2t0kwRWYZf7_jAt8o,,
YMM Collaborative Practice,ChIJ8XhGWUYPsFMRjCf11mBiAZU,,
York Region CBT,ChIJSROHy9MuK4gRWRYiIi86fgc,,
Yoshie Martinez Psychotherapy,ChIJ1e3IUrEFzkwR_-g3Fc8ISck,,
"You Have A Life Plan — Holistic Health & Coaching, Oakville",ChIJt2-7FjZdK4gR6TLQ8xPgcX0,,
Youness Canada Immigration,ChIJY3AKmYC7ClMRJ5-UOJCMRA8,,
Young Sprouts Therapy,ChIJaYsoHMktK4gRjDItMsJyKvE,,
Young Therapy,ChIJY0h1662ZcVMRdzRas_C0TUI,,
Your Chair Therapy Clinic,ChIJ2aE6E00d1YkRrvDENCdgCrI,,
Your Counselling,ChIJJ87Rp7lvcVMRYAUWNUZqXwg,,
Your Emergence Psychotherapy,ChIJMQyapCL1K4gRgHRSyQFFeTw,,
"Your Family Counseling Center, PLLC",ChIJGU9isJ0vU4gRe5JmEyTTM_M,,
Your Healing Centre,ChIJk8-N1SQtO4gRli-d38QAlPU,,
Your Healing Journey,ChIJ74YXmdiFM6cRfeYeq_b0vzM,,
Your Healing Therapy,ChIJxQAGIr8FzkwRAkIKvaO7tM8,,
Your Lifetime Counselling,ChIJKUxq8y1DK4gR0S5OtMf88X8,,
Your Story - Affordable Therapy York Region,ChIJs2Z20b_V1IkR-ankYvst1Tk,,
Your Story Counselling,ChIJx30Op9EuK4gR6csPHuQ8tcI,,
Your Story Counselling,ChIJoYWRe4fT1IkR9y1FgNP5wG4,,
Your Therapy,ChIJBS2Mct41K4gR2byrzfPeeFM,,
Your Thriving Family,ChIJ3WjEKv5VdFMRwVoUnTYHMUM,,
YourTherapist Psychotherapy and Counselling,ChIJvzTuNlUEzkwRyXbE6IuZOB4,,
YourTherapist Psychotherapy and Counselling,ChIJsa3Utjqr0kwR_XvXKuLrAeQ,,
Yuill Psychotherapy,ChIJIUpTZ2WbLIgR71GXe75DR40,,
Yutori Collective,ChIJt7h6bKQloFMRiwpEIqD1_fU,,
YYC Family Therapy,ChIJQwI7HWtvcVMR6qmS01cH-AA,,
Zahra Halfal - Z Halfal Psychotherapy,ChIJ2XWz9MvseKgRgOEFyF3G1_Q,,
Zaman & Associates Counseling Services,ChIJt4DHu3hfcVMRkoMfVXdfimc,,
Zayed Psychological Services,ChIJOdeezTjvLogROkL06n2k2Qc,,
Zema Wellness Lounge,ChIJE3u7NJIJsFMREKIggh_4FPY,,
Zenith Counselling,ChIJPTVEjmT1K4gRLmTnTHsLHRY,,
Zenith Physiotherapy and Wellness Clinic - Airdrie,ChIJQZm01qdfcVMRYxWN5XLI-iE,,
Ziya Psychotherapy,ChIJhxqr6qL1K4gRKLwc-0ccLEs,,
ėVölva Wellness,ChIJoy319graaGMRympeFT4xovk,,
2SLGBTQIA+ Society of Lloydminster,ChIJS6DvJQCzCVMRfrdg5mbw61s,,
4 Points Health and Wellness,ChIJWTRI3cQjoFMRHUMdP2FGhf0,,
ABA Therapy & Speech Therapy Mississauga Erindale & Dundas | Spectacokids,ChIJm4GqXf5HK4gR3EkN0uH4yOs,,
Acceleration Physiotherapy,ChIJ4QGiYjY9oFMRhcvv_UR080E,,
Access Information & Referral for Developmental Services,ChIJB7drycKaK4gRziprVIv5_pM,,
Acorn Family Health and Wellness Centre,ChIJfSVsjwFdK4gRQvYo4l4habI,,
Act Team Guelph-South,ChIJ08z3EY2aK4gRLfPU1qjAULM,,
Activa Clinics - Hamilton,ChIJE2VXkHmbLIgRTEP8v-jfNBU,,
Active Healing Massage,ChIJsU710N8sE1MR7JT89risLOM,,
Active Life Centre,ChIJex-CoaMloFMRRmwniCRjHMg,,
Actual Relief Massage,ChIJEe62lL2ZcVMR59_8qzroNsE,,
ADD Centre and Biofeedback Institute of Toronto,ChIJ_fVf5jBHK4gRFdU4wuDqjSY,,
Adlerian Counselling Toronto,ChIJA_cqUwDN1IkRfjdJEfELJ1A,,
Adoption Resource & Counseling Services,ChIJCdM6uIar0kwRg7wee7hJj6M,,
Adult Health and Wellness Centre,ChIJT3A5ETKrL00RiYBvv1LWJVQ,,
Adult Mental Health,ChIJ5a9qCbAhWU0R1q9VoLQiY_4,,
Advance Occupational Therapy Service,ChIJb58he1AtE1MRBRJHlsRHiEs,,
Advance Therapy,ChIJM69G_govK4gR7XBA8ICboLk,,
AERCs Therapy Toronto,ChIJNyJ1dMIzK4gRscZ3zvNcgSU,,
Aestus Health,ChIJQdjU-t1hK4gRbGeqO8kc4xg,,
Agape Christian Counselling,ChIJ69dnaK43K4gR15JUBpBGHj8,,
AHC Wellness Clinic - Oakville,ChIJp7Z1fypdK4gREH7nlQTiF-w,,
Aidan Parchelo Counselling & Psychotherapy,ChIJH866VVoFzkwRPq98csw3BGM,,
Aira Spa & Wellness Centre,ChIJ8UDl6G5fcVMRmERVgJSEMsw,,
Alberta Business and Health Institute Red Deer,ChIJZS-8TzBUdFMR6z6W9dVbfRA,,
Alberta Psychology Group,ChIJnWJXHIxvcVMRN9RQQqqB2zk,,
Alderson Kevin Dr,ChIJIUWbrHZpcVMRkpmLP8PCQlg,,
"Alicia House, Registered Psychotherapist",ChIJiWk4spb1K4gRifLTRmfuppk,,
"aligned on purpose, LLC",ChIJB48WtoxZBogRqyBoEqihZYw,,
"Alina Rydz, Registered Psychologist",ChIJ9yCm7y8ioFMRof4p6CrS4tU,,
Alive and Free Hypnosis & Wellness,ChIJP8hxKz0-K4gRnM8nzg5dp1Q,,
Allen & Associates Counselling Services,ChIJ_f8b0fPyLogRyaoJ10XqO90,,
Alliance Counselling and Assessment (West),ChIJm7Tf6MchoFMRpt-tzIDLAvc,,
Allora Psychology,ChIJvRI_kvhvcVMRFkkQRBXHUac,,
Alpha7 Therapy Clinic,ChIJyU4HXNY_K4gRJKO_OEFgPh4,,
Alternative Healing Massage Therapy and Rehab Clinic Vaughan,ChIJl44RcHkvK4gRQIHsq-m2QRg,,
Altum Health - Vaughan,ChIJ6aqyCY8uK4gRnRHKW5kdSnw,,
Amanda Meier Therapy,ChIJy-O2kalHK4gR6XSC9Gk0cUk,,
Amethyst Therapy,ChIJYxPNwV4joFMRqJb7SDACuiU,,
Andalusia Speech Therapy,ChIJ5yQasa_3K4gRBQimNsu1mzk,,
Andalusia Speech Therapy,ChIJc4RNejUBL00RyvA4iL-LYwM,,
Anfa Psychotherapy and Counselling,ChIJqaqq46kIzkwROSIo9K-itZI,,
Angela Colangelo Counselling Services,ChIJzXtNy0sp1YkR_nXoGysO0FE,,
Anger Therapy Brampton - McDowall Healthcare,ChIJ813gBpIWK4gRTvKz60JTQIs,,
"Aphelion Wellness Therapy | Windsor, On",ChIJ6RIzq9QtO4gRNZUZe5XGR0g,,
Applied Social Psychology MA & PhD Graduate Programs,ChIJ9ZCqanctO4gRFA4oPID-u5g,,
Arbour Counselling Associates,ChIJz6upFsyHblMRmdAb58CxZlc,,
Arcadia Counselling,ChIJ64cUsx1vcVMRc7GFaeIGF8A,,
Argyle Psychotherapy,ChIJfz94Wa4FzkwRWPedmHbS_2M,,
"Arlene Kerr-Martin, MSW, RSW",ChIJlWVlmX5R04kRxLewcfvdZwo,,
"Art of Mobility Mississauga ( Port Credit ) - Physiotherapy, Chiropractor, Massage Therapy, Psychotherapy",ChIJgwfItqVHK4gR-tQ0bTBGnkY,,
"Art Therapy, Art Smart",ChIJA6Xjc-bxLogRZ1pQEkm-ZNU,,
Arthur Counselling Services,ChIJOSZ4_OdcK4gRdDXjHHC-uEQ,,
Ask Psychotherapy Hub,ChIJ7-1EPCvN1IkRH6S40nFmtM8,,
Aspen Psychology Group,ChIJXYNyfTdxcVMRyS3KDAZcNSA,,
Aspire Chiropractic & Massage,ChIJawFRcShfcVMRLnllYS6OfYc,,
Atlas Counselling,ChIJDZHo4ztdK4gR8hNAW1wSX38,,
Aurora Psychology,ChIJ6brZEWxvcVMR_oWBRmdt-Sk,,
"Axis Therapy & Performance (Markham) - Physiotherapy, Massage Therapy, Chiropractor, Pelvic Health",ChIJ4dru2b_V1IkRoyWqQX9a6fA,,
Axis Therapy & Performance (Mississauga) -,ChIJp1b0vN1BK4gR0T-btflwuyc,,
Back to Health Wellness Centre,ChIJw-tT4rAFzkwRraVndzZev00,,
Balance Psychological Services - Stony Plain,ChIJtzCG33CPn1MRbgKN-QgtYLo,,
Bayridge Counselling Centres,ChIJ7WH1QSRxcVMRH3YD54Pq_n0,,
Bayridge Counselling Centres Grimsby,ChIJz78iSnmlLIgRk8idea49ob0,,
Beaches Therapy Group,ChIJZzOLv5gzK4gRTbM8Kdyf5OI,,
"Beacon Hill Therapeutic Massage (Kara McFarlane, RMT)",ChIJYWrklm4HsFMRFG1C5f7NFQc,,
Beacon of Hope Counselling Services,ChIJgdTcX0DVOogRc1OE6o1sG4E,,
Beechwood Psychological Services,ChIJQdrmlZD2K4gRJCRp1GICSa0,,
Being One Counselling in Edmonton & Barrhead,ChIJQwVaObQjoFMRAzNF4Lm-j64,,
being with,ChIJgYJr6udR04kRK0ziTAni8c4,,
Benn Kelly Dr,ChIJadoJPfyq0kwRoY3AAm_0LhA,,
Bergin Motion Inc.,ChIJmfsDLAi9KogR0HziFOPAvdA,,
Bespoke Clinical Counselling,ChIJAV7mcwBvcVMRN7OIHwuCdOI,,
Better Life Therapy,ChIJZczgkZ7zLogRs8KCa7y9NPQ,,
BetterCare,ChIJh5gpFx4vK4gRZ899EiBdkHA,,
Beyond Relief with Jaja RMT,ChIJFTGcC72rqa0RjVae0j__Tzk,,
Bhatia Psychology Group,ChIJLUHfNSMrK4gR7OfsaSSO1U8,,
Birdie Counselling,ChIJWdQHYOZvcVMRe2GwTHsvoB8,,
Bliss Milton Counselling + Psychotherapy,ChIJmXq5rdhvK4gRiOLmarILKGU,,
Bloom Integrative Health,ChIJEzxEwecHzkwR0KmdvQOn120,,
Bloom Psychology & Wellness,ChIJkV4wik7N1IkRpblADoxLJf4,,
Bloor West Therapy,ChIJRywbE7A3K4gR28rgHacah7M,,
BlueismyPhysiotherapist,ChIJc20d5VsVK4gRZJhJ073SBqc,,
Body Language Massage and Wellness,ChIJmbT-uBMd1YkRxDTj86RapaQ,,
Bone and Joint Physiotherapy Inc,ChIJ2dpuCVhVdFMRM7RVzzg8Yt0,,
Bonnie Demeulles Psychotherapist,ChIJ0-2iuNSqL00RBrgDTvjVqvc,,
Boréal Haven Wellness & Spa,ChIJx7jgFKSrL00RFSSfEcJlRvU,,
Bosma a Dr,ChIJGauUUUEfWU0Rn_CQeTHCcYI,,
Brad Moser,ChIJVVUlYLeHblMRbiVuWv2Rqaw,,
Braided Path Psychotherapy,ChIJKdmBZq9Bh2cR7HB0pLAfW-c,,
Breathe Counselling Calgary,ChIJUwL8cuJvcVMR14PfostuY5o,,
Breitman Pauline M A,ChIJ9W-pIoeQK4gRrVhDsKP-CWI,,
"Brianna Kestle, Registered Psychotherapist and Art Therapist",ChIJNRXjR2H1K4gRXKIR8Py8-aE,,
Bridgeport Consultant Clinic,ChIJ3wIMSWf0K4gRhskDIQjQSTg,,
Brintnell Counselling & Psychology,ChIJ6VpdDAA7oFMRdvatVJoSeJM,,
Brittani Ali & Associates: Counselling and Therapy,ChIJe60WUWUd5a8R7A5Mw9_pjrA,,
Brodie Debra Ann PhD,ChIJ-cn5BZ3SJIgRrXo8UILj7b4,,
Brookhaven Psychotherapy,ChIJ0yWDEC1vK4gRy29jTMj1BDM,,
Brooks Julie Bereavement Counselling,ChIJkYykv6-bLIgR2jm_4DYIsSw,,
Brunello-Prudencio Loreta Dr,ChIJc2ToW3L0K4gRL3XHytls5C0,,
"Bryan Muscat, MA, Registered Psychotherapist",ChIJQ5RYldyRK4gRh3XMAlZwlwA,,
Burlington Sports and Spine Clinic,ChIJFe2LfktgK4gRIrw9pyeDweo,,
CAFCO-CEAFO,ChIJM-rfkA4FzkwR6NguDsZHvfU,,
Caitlin Diggins Massage Therapy,ChIJwf1FtzuXcVMRI4jrIdVa0-E,,
Caitlyn Young Child and Family Therapy,ChIJo8GkH22ZLIgR8HmB5E2-rcE,,
Calm & Cozy Corner Heal. Rest. Recover,ChIJfb_ZGwoloFMRBhWnKkEq7qg,,
Calm Collective,ChIJ7SuT8vkjh2YRP10TELj7dpo,,
Calm Horizons Psychotherapy,ChIJ__-Lh72aLIgRbBthgIo_ikw,,
Calm Waters Counselling & Psychotherapy,ChIJAytGrOjvLogRTUrdarHN840,,
Calm Waters Psychology,ChIJS2HQjbJhK4gRR0N3l7uQprU,,
Camino Counselling,ChIJP2rx-f6ETAMRn1mMDMUcNYQ,,
Camrose - AISH Office (Assured Income for the Severely Handicapped),ChIJQ7vBRMW7ClMRXsyFp36MjtM,,
Camrose Animal Alliance Rescue Society,ChIJ5SCWVMS7ClMR3HqArKtNSP4,,
Camrose Helps,ChIJCaSyHHS7ClMRa34HQ-I87Bs,,
Canadian Centre for Cognitive Behavioural Therapy (Toronto),ChIJx0je2Nk1K4gRr2VHeFj88eg,,
Canadian MindCare Psychotherapy & Training,ChIJF_QyRRddK4gRTza1EzkoWGU,,
Capct,ChIJA9p310oUK4gRm7FMv9ut-kU,,
Capital Choice Counselling – Kanata,ChIJm6pH9Gb_zUwR1I3G8rfIYiw,,
Capital Counselling,ChIJpcP0IqsFzkwRrvIQnXKWnOA,,
"CARE Ltd - Centre for Autism Remediation & Education, ABA/IBI Behavior Therapy, ABA Family Training",ChIJAbIlROQvK4gRWDF8uSjwZUM,,
Careers By Design | Career Counselling Toronto,ChIJjXFBz2EtK4gRf77hNVDIspI,,
CARESPACE Health+Wellness,ChIJMy0gKlv1K4gRK5CJm9hvxnY,,
CARESPACE Health+Wellness,ChIJTXNnOBXzK4gRyWfjJIfpYOk,,
CARESPACE Health+Wellness,ChIJsVHQT5L1K4gRIIungfFYWGQ,,
Caring circle counselling,ChIJl6idM7MjoFMREOjc8pSWB-M,,
Caring Connections Counselling,ChIJO-0vvR1HK4gR_l-DGxMwOfQ,,
"Carolyn Claire, Registered Psychologist",ChIJ9bTaxiFwcVMRCgYKJcr54Bk,,
Carrie Le,ChIJPePZGftvcVMRXA__pFfyvAU,,
"Caspian Rehab , chiropractor in markham",ChIJd03Vq0UrK4gRTeiU0VXL04o,,
Catholic Family Services Of Hamilton,ChIJ6eIGqsibLIgRtPvhhtczBVU,,
Cavaliere Therapy Services,ChIJ_4qZrCaFLIgRxSk4_RML8x0,,
CBT Solutions,ChIJBwPMROObLIgRmLdY7XxElAQ,,
Center for Healing & Self-Development,ChIJ-YUUlnuJ0UwRmkUbBe8Skmo,,
Center Street Psychology,ChIJrfjHrfVlcVMRMK1-mJZiwFc,,
Central West Specialized Developmental Services,ChIJ7U3jEvRcK4gRlMWT4F24DOk,,
Centre for Compassionate Care,ChIJU8M4PDabLIgRcIO0q5vpHkQ,,
Centre for Health & Performance,ChIJA83jMy8vK4gR0C3O_-SazmY,,
Centre For Inner Freedom,ChIJg_-cI4yXVkARjA-_WpNpL70,,
Centre For Interpersonal Relationships - CFIR Toronto,ChIJXzjtArI0K4gRd1QeM1-3AbA,,
Centre for Psychology and Emotional Health,ChIJ0ytvFb00K4gRmAg5fisO0ZM,,
Centre for Wholeness & Well Being,ChIJHctkIrNtcVMRgsWNeZSGZcg,,
CH Wellness,ChIJq6r2RvIsO4gRcqEwYhS6eMQ,,
Chamberlain and Associates,ChIJ098UYebe1IkRT-jfHMnCPT0,,
"Cheryl Stewart, RP, M.Ed Counselling",ChIJH3NVfP7tLogRYYrPOsX6HZg,,
Child and Parent Resource Institute,ChIJK2g4HXrwLogRPCj3z4v-Tnc,,
Christian Counselling Centre,ChIJ25JEsiT3LogRuFkfrPZOIo0,,
Christian Counselling Services,ChIJ-UkY4DwzK4gRcmS1gUH6s4A,,
"Christina Bell, Registered Psychologist",ChIJEXsVgTsioFMRaKOCfT-ntuM,,
CHRISTINE CROCKER,ChIJAQBwRd8loFMRQp_QqoCFT00,,
Church Wellesley Counselling and Psychotherapy,ChIJy4tLLLM0K4gROfhMVLczi6o,,
Cida Horst Counselling Services,ChIJq6oOcHP0K4gRXMuR4KnkIpA,,
Circle of Love Community Outreach,ChIJr9HaW-Ad1YkRlDcoL4C43Bs,,
Circle of Support Counselling,ChIJXY_lU0LlzUwR9au8kUai-aM,,
"Claire Vernon, MSW RSW",ChIJ--a_V3dR04kRyUBmbW12OPg,,
Clarity Life Coaching- Psychic Raghav Ram,ChIJx8XqTxYvK4gR6IKJJvqU1GQ,,
Clearway Psychology and Wellness Inc.,ChIJA3rsQXsnoFMRpKNj9NAtkig,,
CMAP Health,ChIJL2Yu3U0HzkwRJ2QcKMKpPME,,
Community Crisis Centre,ChIJA7-X-vwsO4gRPdJ5wlVoci0,,
Compassionate Choice Psychotherapy and Counselling,ChIJiZfpc7mZKogRZuhar-BI1VA,,
Compassionate Connections Counselling Services,ChIJAQ-Anq8rO4gRXOD2YWdcAGI,,
COMphysio + Performance Wellness,ChIJYyn9n9W8KogRq870dbi3hf8,,
Complete Health Chiropractic & Massage,ChIJY7JjPtCZcVMRH2FvmI2U950,,
Connections Behaviour Consulting,ChIJ_STICEL1K4gRXEYIKjo5T8U,,
COPE Service Dogs,ChIJjY7F7yu9KogR9hCAzjJYT_I,,
Core Connections,ChIJ8SJhUSiFK4gRqH4nVSbCn68,,
Counselling & Psychotherapy Services,ChIJ8Yb0kGubLIgRniQWqrCbtk8,,
Counselling and Psychotherapy Services,ChIJJTjWn2cFzkwRqBO8_p5ozHg,,
Counselling London - Well Beings Counselling,ChIJNTQhxZrzLogRPOyC-Uvu9ys,,
Counselling On The Danforth,ChIJ26Gyjp7M1IkRDput7WJkpJA,,
Counselling Room Inc. (The),ChIJj970BvRWdFMRCEi1Hyt2Cjw,,
Counselling Services,ChIJ__8jIfBhK4gRQRkW7rwX3YY,,
Counselling with Colette,ChIJ3VreWwyzMm0RymizNEHaB-c,,
"Counsellor London, Ontario Rey T. Singh MSW, RCS, C.Hyp, RSW; Social Worker, Psychotherapist",ChIJmSxs8BzyLogRbOSa0_du8Pc,,
Couples Counseling Chicago,ChIJ4_S8FEfSD4gR4sS1cjMS2mY,,
Couples Counselling Centre - Mississauga,ChIJ007_sKdHK4gRMc1lkLfQt9w,,
Cozy Therapies,ChIJR16w_q8_cVMRSANhWM8J0A4,,
Creating Solutions Inc,ChIJ5y3U-sKiY0ERDD95BPgHBMw,,
Credit Counselling Society Calgary | Free Debt Help and Debt Relief,ChIJxa3SxeFkcVMRhwA8Zt-rucc,,
Credit Counselling Society Edmonton | Free Debt Help and Debt Relief,ChIJCdowlNMjoFMReQTPOead-04,,
Credit Counselling Society Mississauga | Free Debt Help and Debt Relief,ChIJFz4a4yVHK4gRP-BKXBSPFLw,,
Credit Counselling Society Toronto | Free Debt Help and Debt Relief,ChIJxzmpaK40K4gRgAn1vx_140U,,
Cross & Magill Psychological,ChIJkxkEMNMjoFMRkU66etEHFj0,,
Curated Counselling,ChIJnxlX0Js1K4gRG6xv8NCFFH8,,
Dalton Associates,ChIJoQMvrjwD1YkRaT8pREHDIv0,,
Dalton Associates,ChIJpcrH8CZO04kRFOZyW_Ik0aY,,
Darryl DeRoches Counselling Services,ChIJIZSqGtLzLogRUWwVMQigRwc,,
David James and Associates Professional Counselling Services,ChIJU1Qz13RQ04kR7NrPPKdfPEU,,
David Klassen Psychologist,ChIJgQhc7hv0K4gRYKq9zKgRVUc,,
DBT Hamilton,ChIJ-f-_eXibLIgRr2ywrJdKefU,,
"Dean Anderson, Addiction Recovery Support",ChIJNfO27X3zLogRtJwAHo2kEtQ,,
Debra MacRae Psychotherapy,ChIJPc4TCgLyLogRuzI4rpprjH4,,
Deep Roots Psychology,ChIJJ1VKIGQioFMRfdpGi75-YpQ,,
DeepTalk Therapy,ChIJx8WlOMxDK4gRm7BV57OaZC4,,
Derek DeBono Athletic Therapy,ChIJc5XHvpYsO4gRegWGoY9ltEM,,
Dermapure Sudbury,ChIJ-ba7rN6qL00RA8AWEng7_pQ,,
Desert Springs Spa,ChIJ3wKumpItE1MRLHtVypbURNo,,
Distress Centre,ChIJ__-v4sGaK4gRCe7_iVlO2j8,,
Distress Centre Calgary,ChIJI5FE3-ZvcVMRxZ6eE4iXvaM,,
Doreen Foy Registered Psychologist,ChIJZwHZUisioFMRr5V___YICpY,,
Dorothy Goettler,ChIJAQCkaZSaK4gRaEq5go50N0g,,
Dr Aprile Flickinger,ChIJE4xh6DAioFMRDIUBlWVDGZw,,
"Dr Marc Mandel, Psychologist",ChIJ4waKNZAuK4gRImLE0wsSbTQ,,
Dr. Alisa Singer Psychologist,ChIJySafVRQhoFMR0SPKyQIuZGQ,,
DR. ANDREA FELDSTAIN,ChIJOXCkjh9wcVMReO7bhanXIA8,,
Dr. Angela McHolm,ChIJq0hPcRubK4gRsXn1x34ITnU,,
Dr. Anna,ChIJDwlSxXL0K4gRp6X68jbGpeg,,
Dr. Anne Boland,ChIJ7abLm60FzkwRpcDmhE0fYdA,,
Dr. Aprile Flickinger,ChIJUQR5JtoXoFMRBk9RWNqic34,,
Dr. Douglas Saunders Psychologist,ChIJIbv7BAA1K4gRehGq4LFQ3Qc,,
"Dr. Elizabeth Stevens, Psychologist",ChIJcaghMyf1K4gRLN6ekHU10jQ,,
Dr. Erik Wikman - Registered Psychologist,ChIJE9fhYKghoFMRRcU9j6BsiRY,,
Dr. Forbes & Associates,ChIJe4cdgwfyLogRmenLg7MzNb0,,
Dr. Gabriele Bautz,ChIJVVWFhn1dK4gRRCHb8X_IWy0,,
Dr. Harpreet K. Chattha - Vaughan/North York Psychologist,ChIJtfhFh9ovK4gRMzHeESdYItY,,
Dr. Harry Potasznik,ChIJs1c02rQ0K4gRnLTQHybLZWs,,
Dr. Jennifer D.Walsh,ChIJbezgN7I0K4gR-RVPyavpMMg,,
"Dr. Joanne West, PhD, Registered Clinical Psychologist",ChIJTSWdotI0K4gRoIK0s6KhjUM,,
Dr. Kerri Wood,ChIJeW0sX3L0K4gR1DIKF5i9Nt0,,
Dr. Kimberly Sogge C.Psych.,ChIJK1nPNKYFzkwRluq0rJpk_RA,,
Dr. Kishore Sindhi,ChIJc4VCOOIPsFMRqcB0VuFIpHI,,
Dr. Kristel Thomassin Registered Child Psychologist,ChIJDWZa7ZybK4gRmj-y3UsFlC4,,
"DR. MICHELLE NELJAK, C.PSYCH",ChIJh421M5-r0kwRRdHLerCqCxo,,
"Dr. Mohammed El-Saidi, Psychiatrist",ChIJf_c63PZGK4gRNmsdYeDR0gE,,
Dr. Monica Vermani,ChIJe_Pu_jHL1IkRtsR77ckwmrY,,
Dr. Paul Basevitz,ChIJ7abLm60FzkwR3kZ62dEnbOY,,
"Dr. Paula Miceli, Clinical & Health Psychologist",ChIJL9Q4zfs1K4gRUEKz_APgO5Y,,
Dr. Queenie Lo and Associates,ChIJFWZhGb00K4gRaB-ZOYDeGHg,,
Dr. Rachel Greenbaum & Associates,ChIJB_VDaMk0K4gR0T41AyOXCSY,,
Dr. Sonia Dhawan,ChIJBwDA0vnU1IkRaCPxI3WY5To,,
Dr.Nez & Associates Psychology Services,ChIJjfuRDcCFLIgRU1ZSkBovn0U,,
Dragonfly Psychological Services,ChIJvTYMm99vcVMRvQoG3GnbD10,,
Driftwood Counselling,ChIJLx6LnVhhK4gRhymbqtsWIAg,,
Driftwood Psychotherapy,ChIJQ5QkDd6iKogRUQRwg2NRO2c,,
DropITandFocus,ChIJkWEc9aIJsFMRtrxNJTOMtEI,,
"Drs Dupont, Psychologists / Psychologues",ChIJcXQzYwEFzkwRm1b7HgSPHeo,,
Dufresne Annette Dr,ChIJuV4OofcsO4gRyup3LCN3LTM,,
Durham Family Wellness,ChIJX0x67Lsd1YkR5I--pilyuJo,,
Durham Mental Health Services,ChIJE84INnMe1YkRmWEMaMbWRUo,,
Durski Counselling,ChIJuXf9qo1cK4gRE4q7Ngfi8Oc,,
D​ream Wellness Psych.,ChIJtxY1zhTxLogRvshKhwCYVFY,,
East Toronto Therapy,ChIJ5aRQsZ_M1IkR9cHU_GKb1AE,,
Eastern Ottawa Psychological Centre / Centre psychologique de l’Est d’Ottawa,ChIJrYEqn9YRzkwRBOrIbcL1wVI,,
Eastside Community Mental Health Services (Wood's Homes),ChIJEZCbdyl7cVMR4twtQ_my_xw,,
Eckert Psychology & Education Centre - North,ChIJSz-xPLlvcVMRfR-j-ZHwQ0k,,
Edignite Specialized Learning Center- ABA Therapy Mississauga,ChIJhx6vJzpDK4gRv0Jfpc4Cx6A,,
Elana Goldin-Lerman,ChIJpR0vzhwrK4gR8IZEFT9D1_g,,
Elayne Tanner Social Work Professional Corporation,ChIJk3uGqP9vK4gRE9WpWVw7bZg,,
Elemental Essence Therapy,ChIJaWKfNsKzCVMRdVAXyjO9gQA,,
Elements Calgary Mental Health Centre,ChIJtW_A_OZvcVMRvVdLBA04rek,,
Elgin Counselling & Mediation Centre,ChIJ605e911eLogRbFNVaEINn8I,,
Elly Freund-Bell,ChIJ__-vsWvuLogR1DsjkwoU2zU,,
Embodied Psychology,ChIJIdqqKPYhoFMR1LtHdycH3Rk,,
Emma Chan Psychotherapy,ChIJ40LmlGubK4gRe5n4T9TJZ9Y,,
Enhanced Wellness Studio,ChIJkzEZUu_zK4gRsHmVtVzq5O8,,
Enterphase Child & Family Services,ChIJI1GK-FAd1YkReE5Z27mLGiI,,
Erica L Joseph Counselling Services,ChIJJRaOlDIUK4gRiVFi7xpyrc4,,
"Erin Lipsitt Counselling, Psychotherapy & Life Coaching",ChIJtxWknMydLIgR-YRKq6aCge4,,
Ever Therapy,ChIJ79PBOItvcVMRfbprRCPQLHs,,
F.A.S.T.,ChIJM86ao3FeK4gRqR-pvgvxLEY,,
Fairmarc Psychology Centre,ChIJ4WVfFQrN1IkRuAOGdZsnYJ0,,
Family & Psychological Svc,ChIJ53Xm5nkmoFMRXHsVKLpqiSA,,
Family Kinnections,ChIJkVGBWxpnK4gRreLZtNG6uVk,,
Family Matters Therapy and Wellness,ChIJ2YJ7E8PFD4gRbQHV-8zzEtc,,
Family Mediation and Resource Centre,ChIJ6dIa5uYc1YkRoOPpRvX_7KI,,
Family Mental Health Initiative,ChIJjdgkgd-8KogRrWzzqH2B72g,,
Family Service of Toronto,ChIJVVVVVXDO1IkR818e2LuiJ0A,,
Family Services Employee Assistance Program,ChIJsR5z2lSq0kwRURHanULHJ2w,,
Family Services Of Central Alberta,ChIJn3n_wrRVdFMR-Q6V2WZSW90,,
Family Wellness Counseling,ChIJmVWj_X3ZHoIR895nKrk_Mtg,,
Farrow Jill M.A. Psychological Associate,ChIJCdWpMrAVK4gR7DHdj2E7ksA,,
Fen Psychotherapy & Counselling,ChIJsX_yk-vV1IkR-bFeJETXCo0,,
Fern Banner Counselling & Consulting,ChIJ1alZwgHyLogRNGsBu1P5qIo,,
Fern Creek Psychotherapy,ChIJ2aSHmB4D1YkRu6LOo9vVA1I,,
Finding Hope Counselling & Education Centre,ChIJYfrIceB3cVMRPqaIsq7T0zo,,
Flare Counselling Services,ChIJw9yXyjojoFMRQXnBlxuVzgA,,
"FLORA SVINARENKO, MSW, RSW PSYCHOTHERAPIST",ChIJtU54BNooK4gRFvz-Tre7QtA,,
Flourish Psychotherapy,ChIJYwD_i-KbLIgRhh2iOwe05kE,,
Flow and Grow – Creative & Somatic Psychotherapy,ChIJIxTweAD1K4gRLRu9olir7t0,,
FLOW COUNSELLING GUELPH,ChIJ__8vFoeQK4gRBbx_D5sDuH0,,
Foothills Country Hospice Society,ChIJg2njxcyZcVMRnbHBNxn1Vy8,,
Footprint Health and Wellness Centre,ChIJwSIRcP29KogReZ05A27wR3g,,
Forever Balanced Massage & Wellness,ChIJQwjyrjr5n1MRxbELDGqoLic,,
Forget Me Knot Wellness,ChIJcfpz2ZUVK4gRhnoMqUflJHM,,
"Form & Function Physiotherapy, Chiropractor, Massage - Markham",ChIJdTeJk1fU1IkRQmkgtuXZa54,,
Foundation Physiotherapy & Wellness - Vaughan,ChIJ5Z8whugvK4gR28aD_j591bM,,
Four Wings Psychology,ChIJLxRd-IlH3kQRZjGlzc7pJlE,,
FQ Psychology,ChIJYceMHklvcVMR3ZJwoDkZsgk,,
Frame of Mind Counselling,ChIJawLqJ1AlK4gRg27rbgmkvJk,,
Freedman Sid Dr,ChIJcf3CtBryLogR3mo5fi9MxIY,,
Freedom & Hope Counselling & Therapeutic Services,ChIJD_LuDft3cVMRVUyOSbdosEw,,
Freedom Counselling,ChIJpY8SfSZVdFMRVv-O67lTsfg,,
Fresh Hope Counselling Ltd. West End,ChIJZzC6ksUjoFMRMqT38785-dA,,
G G Wellness Centre,ChIJyUXoANjxLogRVKO4uXckPbM,,
Gauri M Counselling and Psychotherapy,ChIJl0tRf6YVK4gRhh7d5why57I,,
Gentle Pathways Counselling & Psychotherapy- London Centre for Healing,ChIJpWnKAwrxLogRmbPhUiK07r0,,
Geode Health,ChIJq-_rEG8tDogR4GyTN9o1rCc,,
Get Reconnected Psychotherapy & Counselling Services,ChIJDcfra_lelY8RXf4ImJ5xDzs,,
Gina Santos Trauma Counselling,ChIJ3SPYhoXzLogR90iwB0opJoA,,
GMW Counselling Services,ChIJhUjxaXgfoFMRD034UglO3kE,,
Good Shepherd Centres - Women & Children,ChIJifhKC3ybLIgR7r5KK_uVBoE,,
Good Wellness,ChIJV8mqeGK9KogR2f5f5FiU8M4,,
Graceful Healing Therapy,ChIJdSpWwtfPKQoR85n0F__ikWU,,
Gracerenewal,ChIJpyEgfkkSzkwR9E-G-llEGoI,,
Grail Built,ChIJY2e_M5AhWU0RyDCXmn6oTeI,,
Grande Prairie & District Grief Support Assn,ChIJvRcDO0yRkFMRFzQMwyACL4o,,
Granneman & Daragon,ChIJ-ynxzI8rO4gRUNZr_o-buGQ,,
Green Door Clinic Edmonton,ChIJFQ3d3lEjoFMR3ePMqZmLgN8,,
Grey Method - Mississauga,ChIJXacOYJdBK4gRC6RpIUcV0X4,,
Growth Therapeutic Services LTD,ChIJ-dmgbc-RkFMRngECqetnA-M,,
Guelph Family Health Study,ChIJ-Wu8IyqbK4gRA2JU2gaM84Q,,
GuideLight Psychotherapy | Sarah Hussein,ChIJg81nmvIFzkwR-GSYU1LUSwA,,
Hands of Light Wellness Clinic,ChIJ5bnp5fgHsFMR-FZzQZZilFQ,,
Hanna Watkins Psychotherapy,ChIJ_cCJqlGdLIgRkwPgCHDUoGY,,
Happy Harmony Physiotherapy,ChIJsU5hhCXj2QYRBBzBVJRIJtA,,
Harrington Psychological Services,ChIJNWQldrwsO4gR5cpj_RY9Rtg,,
HART Hub Windsor,ChIJORsO7EAtO4gR2cSGHJV9FLc,,
Haus Of Body | Cryotherapy | Redlight Therapy | Lymphatic Drainage & More,ChIJA6V4_mEtE1MRfbkX0_FVaI4,,
Haven Healthcare,ChIJ1brTtV8d1YkRt1qA5jsq8Uk,,
Haven of Hope Counselling and Psychotherapy,ChIJ-fJkdpEsQo8REMRH9E37U8I,,
Hawryluk Garry Dr,ChIJ0yz68F0fWU0R9CjzpMxiOcI,,
Head in the Clouds Head Spa,ChIJmbIDLAD1K4gRJ5Q7YJ0Xrz4,,
Heads & Hearts,ChIJ-f-PCnT0K4gRMZNLV2eZF3M,,
Heal Through Love Art Therapy,ChIJneTqItfzLogRD_1wVTYvZQw,,
Heald Massage Therapy,ChIJ5VFIoHv5n1MR1w9JnlicLx4,,
Healing Evolution,ChIJ3a5MfF6IblMR8BIn-ooUYk0,,
Healing Hands Massage Therapy & Reflexology,ChIJofmj4ZayCVMRE4GfynvufgI,,
Healing Journey Collective Inc.,ChIJX-Y8_jCHblMRByKGgpv0YDE,,
Healing Souls Therapy and Coaching,ChIJrY7RWG1HK4gR4pGgTkdXYoI,,
Healing Through Me Counselling,ChIJY14ijR_VOogRMj4cEsAvP80,,
Healing Ways Psychotherapy and Consulting,ChIJzcI25ykvK4gRKGJmHIxcklM,,
Health Energies Vaughan,ChIJFSKG0jwlK4gRBMkuO1gIRZE,,
Heart & Soul Massage Therapy and Healing Arts Centre,ChIJ8RDAWCEpK4gR0YZD_JBlCFQ,,
Heart & Soul Project Counselling Services,ChIJIfQPqNQqO4gRoiE7mgENbzI,,
Heart to Art Therapy,ChIJkzjFlHHL1IkRpE2PES-45gY,,
Heartsong Massage Therapy & Wellness Centre,ChIJH9BWYTyVkFMRl6-8Z622z38,,
Heartwood Psychotherapy,ChIJDZ0GhWv0K4gRKvoIKebaE9g,,
Helen J Butlin PhD Registered Psychotherapist (CRPO),ChIJN8MsKznzLogRPSjzBRJxwhg,,
"Helena Rocca, RP",ChIJAQCQnrNR04kR-qH4_oDerS0,,
Hills Psychotherapy,ChIJ6ysTWZTzLogRVU88mliqbzM,,
Holistic Connection - Sports and Somatic Clinic,ChIJx-1ogec1K4gR-tJi_xDvIqM,,
Holistic Healthcare Centre,ChIJRyvwWyEpK4gR0jzIUJOoZ_Y,,
Holistic Psychotherapy,ChIJacOA1bMpK4gRX6ff2MEhTEU,,
Holistic Wellness Therapies,ChIJAQBwSygQzkwR5KzjWdy-kL0,,
Holly Behiels,ChIJp4SB_1Sq0kwRzAXzhC_UWrw,,
Hometown Well-Being Collective,ChIJSRLdaL2XcVMR6Xk7REsClf0,,
Homewood Health Centre,ChIJB09Gpo2aK4gR3XEPkjLMqlU,,
"Hope Counseling Centre, Stouffville",ChIJxYVCaIwv1YkRAb5C0HSqVcs,,
Hope for Healing Youth Services,ChIJd7VWwZafLIgRjcxUr76-Q5o,,
Hope Restored Counselling,ChIJJxnV4W1R04kRhXRcpc9pBTc,,
Horizon Counselling Service,ChIJZcNVc8kkoFMRGnN1rHWHog0,,
HouseYourMind Counselling & Psychology,ChIJBWXW9u4joFMR6Vdm7CBz-j8,,
Hrushka Cory,ChIJ8yu0vM4eoFMREGa_aq6ek2U,,
Human Growth Hormone Injections Therapy Center,ChIJo9O9P8wJsFMR9R2fkqeuafY,,
HumanaCare,ChIJO6suuEqRkFMReLptzXAoPP8,,
Humble Hearts Therapy,ChIJzRMOIsA5K4gRurBaHhQt-4Y,,
Hurley Karen S,ChIJ28u9yPZGK4gR8PSpExxys5E,,
Hypnosis for Health and Happiness Red Deer,ChIJsaW-xGtoC1MRULDW4oceYDI,,
Ian Robertson Therapy Group,ChIJSdETQeRR04kRyIDylHCs0bE,,
Imago Relationship Therapy,ChIJMw2Jr5AsO4gRA0DlLyys-fc,,
"IMATTER - Dr. Easter Yassa, Registered Psychologist",ChIJdYglXYltcVMR5NCIut4VVP8,,
"Impact Mental Health, Special Needs And Behavioral Services Inc.",ChIJ2SJa0Lgb1YkR19YS58ZRXxk,,
iMPOWER Counselling Services,ChIJyx8HCgLyLogR47R2Sp-vZFI,,
Indigenous Trauma Specialist Counselling & Psychotherapy for Ontario First Nations at LMCAAS,ChIJ7eugwAPzLogRuU8XVT2412E,,
Individual and Family Connection,ChIJFZS1LODSD4gR33pWJvFHWz0,,
Inglewood Plaza,ChIJSWFq5OQloFMRLo9qK7CH7Yw,,
Inner Essence Wellness,ChIJB9b4-9AXoFMRcrx01deVVls,,
Inner Light Counselling and Consultation Services,ChIJc7Et932bLIgRAPqFBHB4aF8,,
Inner Mind Counselling and Psychotherapy,ChIJ8_2g9HUvK4gRu0BNuMQHJzo,,
Inner Spark Counselling & Psychotherapy,ChIJM0OikcBjk0sRFNj5A6tHu2k,,
Innerdynamics Counselling (Kelly Dean),ChIJba7XAHGt0kwR2hh330ImG1A,,
InnerSpace Art Therapy,ChIJVZ7VnlxcdC4Rv8ScA1QFgJQ,,
Innervate Psychological Ltd.,ChIJf1xJnHgjoFMRRdg440XZeBI,,
Innova Psychology,ChIJcy7YyCFwcVMRu_YrzYoFhJk,,
InPsych Consultation,ChIJ4UjzKEHW1IkRANvmqAMY9Fg,,
Insight & Wellness Therapy Centre,ChIJjYMAaJ_L1IkRBvOrj988pnM,,
Inspire Counselling Services,ChIJ_y0-wYrlUyMRsNJ3WLsoTUQ,,
Institut Guy-Lacombe de la Famille - Grande Prairie,ChIJ7R6gWpyRkFMRvF3vsOBCZv8,,
Integrated Behaviour Consulting,ChIJ9xQlUKWjKogRqykh20b8hBE,,
INTEGRATED WELLNESS 0TTAWA,ChIJ___vXfwFzkwRC9fheIhhaJc,,
Integrative Minds Psychotherapy,ChIJH9018IZDK4gR8LKFtnZB8XY,,
Interactive Rehabilitation Associates,ChIJgxqEPhQuO4gRkd6H5Ydc4UQ,,
Intersections Therapy Collective (ITC),ChIJe3Sidq0FzkwRFYS-Khf7J_U,,
Intrinsic Therapy,ChIJ6W4yy_xvcVMR9P_5aX9SeKc,,
INTUITION Fascia & Flow Wellness,ChIJT5LpiLpVdFMRxxQF-Bfu3Tg,,
J. Gordon Psychology Group,ChIJi_ImrssYoFMROSfNNk2VZgQ,,
"J.M. Claire Sales, MSW RSW, Counselling and Psychotherapy",ChIJyZH_6KoIzkwR3hca2uWlZSM,,
"Jamie Watson, Registered Psychologist",ChIJjwznlVlvcVMRC9k71jgHZPc,,
Jan Yordy Counselling & Neurofeedback Centre,ChIJneVo2cvzK4gRcqFVIm3PEu4,,
Jane Scurfield Counselling,ChIJH8rk5ySeLIgRvDEvcTGpguc,,
Janet Caryk Psychological Services - No More Fear,ChIJl2mJsMohoFMRam55m5UgRh8,,
Janine Porter Psychotherapy,ChIJJzudnG8D1YkR7v7uQs0V9_4,,
Janus Associates Psychological Services,ChIJS2XhGOFvcVMRLv4XEOje--c,,
Jason Troy Medium,ChIJCzp6bD4c1YkRrzWshsqiAJs,,
Jeanne L Williams Psychological Services,ChIJE9yBFxEioFMRHx1m_aUqSPA,,
Jennifer O'Connor Counselling,ChIJ8aVGE5_0K4gR7bLIszBCTHk,,
Jessica McDonald Psychology,ChIJs3Ax4f5vcVMRebiFenoL67Y,,
Joubert Psychology & Art-Therapy,ChIJtUhJ65dvcVMRZNVaH063tgA,,
Journey Therapy & Wellness,ChIJqU9I3rY1K4gRJi_wo4gqJF0,,
Jovito Mauricio RMT at The Roots of wellness,ChIJv1-45w-zCVMRyaDCnGVt7E8,,
JS Wellness Counselling & Consulting Services,ChIJneteNE8ZoFMRfCO8Pt2CWO0,,
Juanita Lepage - Counselling & Energy Healing,ChIJfU0AwySeLIgREcCTJhYPbBQ,,
Julie Gosen Psychotherapy,ChIJ-af7Bj7zLogROHrzxB-zvjA,,
Junction Point© Physical Therapy Grande Prairie,ChIJCYc6mUqRkFMRYeoJ9CN05_8,,
Just Like Family Home Care South Alberta,ChIJIa1S75hKuGYRxixe_3Fd16k,,
Kaitlyn Duquette Therapy,ChIJ_69EhACFK4gRG-BaIOOoKuk,,
Kapwa Counselling & Psychotherapy,ChIJf6oMgvI1K4gR3DCtVBIQ6Dw,,
Karis Christian Counselling,ChIJablcCFJQ04kRcBx_80GeRsI,,
Karis Disability Services,ChIJwUkuKIr2K4gRJ5OtsU8JAf8,,
Karma Cares Community Therapy and Counselling,ChIJhVq8ksQzK4gRfafOykdLuL8,,
Kat Nantz,ChIJG06tXqmbK4gRphc0_6nMN6A,,
"Kathy Al-Zand, MSW RSW",ChIJbSdXrbYFzkwRKd5_M3jZbm4,,
KATIE DAVIDMAN COUNSELLING SERVICES,ChIJD-sxqW2bLIgRmdjFFTyQvTg,,
Kayla Ann Colton Psychotherapy,ChIJqzm3r-2bLIgRtg2gQks2KIo,,
KB Counseling Services,ChIJ__9rCNiiKogRmuytbt6_pcs,,
KCM Counselling,ChIJLZDbHxat0kwRWIynQpBUjWE,,
Keen Joanne Chart'd Psychologist,ChIJKdgnyihUdFMRE8dgRW9uUkw,,
Kelly Stephenson RSW - Toronto - Couples Counselling,ChIJjeNQmkJio0kRhkBU8-HPQkg,,
Ketamind Health | Ketamine | Toronto,ChIJ-zgW35bV1IkRTOz0v29lOZk,,
Key Counselling Services,ChIJ__8PCgLyLogRVRmNCI2sYl0,,
Keyes to Wellness Psychotherapy,ChIJdWGIsDLzLogRscqfjPOS4bM,,
Keystone Psychology,ChIJAQDAHywrK4gRY30Po854Zjk,,
Kids Zen,ChIJVVWFM8TzLogRDyQtyAEMBOw,,
Kingston Orthopaedic Pain Institute,ChIJVTpA4aGr0kwREoI-pUGY7pg,,
Kintsugi Counselling,ChIJzz4k9rgLHC4Ri_pYHpL2wNI,,
Klassen Daniel PHD,ChIJCcXVgnAhWU0Rn-sC5D7f8Nw,,
"KMA Therapy Yorkville: Yonge and Bloor Counselling, Psychotherapists and Psychologists",ChIJK-OfTQg1K4gRo-751VURZhQ,,
"KMA Therapy: King West - Psychotherapists, Counselors, and Therapists",ChIJD-O6Udk0K4gRogpa87KGm1c,,
"KMA Therapy: Liberty Village Psychotherapists, Psychologists and Counselling",ChIJucKOtQY1K4gRZGmOmx9my_k,,
Know Better Counselling,ChIJ3Ydhw9aG9oYRjbxIt2V160o,,
Koza Glow,ChIJK6iEX1dVdFMRx4OFVtlCON8,,
"Kris Thiele, M.A. , C. Psych. Assoc.",ChIJ2ef9-FSq0kwRgUQA0EQ9Irs,,
"Kristen Reinhardt, PhD, CPsych",ChIJVVUFHeqaK4gRZR_RpGf_1SE,,
Kusan Counselling Mediation Consultation,ChIJ4_VLNZJVLk0Rpk-4bNbeWxA,,
KūRated Care Collaborative Kingston East,ChIJjZrAxmyp0kwRlEJoKIo4FU8,,
L Corsini,ChIJrUbGCrsFzkwRknc23C2ZJBo,,
Lacasse Counselling,ChIJ12oCpgkFzkwRg6T-9O0IJRo,,
LaJoie Counselling & Consulting,ChIJ_6hZRGkrE1MRU1TCeYPiJJY,,
Lakeland Therapy Centre,ChIJlU2tTEfL1IkRx2j-z9jw0Vk,,
Lakeshore Adult ADHD Clinic,ChIJu3mEbcktO4gRWls_s1QiSFE,,
Lakeside Psychological and Educational Services,ChIJ9_RDYTueLIgRFz-TA37gCwg,,
Lakeview Therapy,ChIJxQZ7lhxFK4gRbfgwNQBajg8,,
Lane Psychology,ChIJ__9P_zcioFMRaedsOMyB4FY,,
Lansdowne Consolidated Professional Counselling & Mediation,ChIJX6cZ8baHblMRHIOtc7_YyME,,
Lasting Change Counselling,ChIJZYXxRBR3hlQRflDcxwe_GTI,,
Laura Bruno Psychotherapy,ChIJl4vm3E0qK4gRGwG5uAJgBYw,,
Laura McDade Psychotherapy,ChIJwTF4bhir0kwRDMc2jpJZ9jE,,
"Laura Sygrove Therapy: Adult and Teen Therapy for Anxiety, Trauma, Complex Trauma, Depression, Overwhelm",ChIJkwcLy-k1K4gRFQDZFsgrpHU,,
Laura Wittman Psychology,ChIJ55mvtyBUdFMR4hQnysUFL8A,,
Laurentian University Department of Psychology,ChIJnR_rw4GrL00R4YBpxWfH9go,,
Lawrence Counselling Services,ChIJO6suuEqRkFMRhBZf3AgQnzw,,
LEANNA ZEYL MSW RSW COUNSELLING,ChIJp9oFCgLyLogRcVOUBVvL-iw,,
"Leanne Jones-Bowen, RSW, MSW",ChIJr96JwjoloFMRaY71jdKk4ac,,
Leduc LINX Connect Centre,ChIJfza_0nT5n1MR-RjekiX_z0o,,
Lemon Tree Health Ltd.,ChIJddneXlEjoFMR34CzXopkORw,,
Lemonade Psychology Collective,ChIJCW_abRhlcVMRJ1VfpnBdxLE,,
Lemons & Love | Child and Family Wellness,ChIJVxF6tlGkkQcR1KUo88rPnLg,,
Lemons into Lemonade Counselling Services,ChIJ7SRBYVObLIgRRYhjl6bWnUo,,
Liberty Counselling,ChIJ6f7cwgBxcVMRaxtnbYXroCI,,
Life Therapy,ChIJAQAwkoPFKogRTOCxXkLrpV8,,
Life Transitions Therapy,ChIJkRIU0k7N1IkR14BMLhJPWKo,,
Life Zone Coaching and Consulting,ChIJlQQtHSZVLk0RKL4bEsOZtSY,,
Life-Circle Consulting,ChIJx6bY1zKs0kwRRrHYqXOpq10,,
LifeCycle Counselling,ChIJY86eoBfV1IkRDIBpuIg7DNM,,
LifeRoots Counselling,ChIJAWBwRAwioFMRiL6MKgCkZHU,,
Lift Psychology,ChIJpxW72OhvcVMRLNnQvjS-EwM,,
Light Your Journey,ChIJ0fhaG4ybLIgR_YJvNouLSW4,,
LightHouse Counselling and Wellness,ChIJU1zo16T_zUwRcoyoco8-NOE,,
Liminal Psychology,ChIJ2_5JXqlvcVMRSuFcem_KjsM,,
Lindsay Lait,ChIJAQAkO0aGblMRxvvP3ZwNN7E,,
Lindsay Thalla Therapy,ChIJhd12qByfLIgR4ADZGwwwrBg,,
Lisa Baranieski Psychologist,ChIJwbsdxw4ioFMRdXOBpxhqltk,,
Lise Fitzsimmons Therapy,ChIJ-TJaWRVhK4gRTiWdX09QAgY,,
Little Oaks Psychology,ChIJ8_MrgjsioFMRMMt869ZSRc8,,
LittleKind Psychology,ChIJu8QtEqlvcVMRf3X4ygUUcQU,,
"LIV THERAPY Health & Wellness - Physiotherapy, Chiropractic, Massage Therapy and more",ChIJcWt4n97V1IkRWl3GpLGa5lI,,
Living Springs Coaching Services,ChIJeVRqpHUVK4gRsnU7xAGxr2A,,
Lloyd Psychology,ChIJGV0zWQDzLogRDbcHGayt1hc,,
Lloydminster Continuing Care Centre (LCC),ChIJCbxumnSyCVMRNddqcP_P80Q,,
Lloydminster Region Health Foundation,ChIJZzkl-YiyCVMRdnvH-cdtee4,,
London Counselling Services,ChIJL8bbXNDzLogRtJjyaQKo6fk,,
London Integrative Therapy,ChIJQV3neUfzLogRfFrjNdLrPXM,,
Lore Counselling,ChIJc7ZM6aizEUARJQlthpIPeqk,,
Luceris Psychotherapy Clinic,ChIJ6Xpi8JjT1IkRtvbFnhO2F44,,
Lucky Robin Psychotherapy,ChIJjTScBBb9zUwRx8Af4g0Ov38,,
LV Physiotherapy,ChIJExg_rw1R04kRZbhZgg9HBzE,,
"Lynn Walsh MS LLP Clinical Therapist, Ltd. Licensed Psychologist",ChIJ150W7_TVJIgRlZ2loI9ChFo,,
M. Naylor Counselling Inc.,ChIJz6upFsyHblMR-i_nWz--Q6A,,
Maggie Lindsay Psychologist,ChIJh_5uvshvcVMRCjkde46ZLVE,,
Magie Abdelmalek,ChIJ8QRXvPNHK4gRRxleAmHfNqY,,
Making Space Psychotherapy (Hamilton Mountain),ChIJZfegfc2bLIgRX7oiCHoyOw0,,
Mamunia Massage & Wellness,ChIJcQxZ9XwtE1MR4ePeLhsWZSk,,
Marcus Lynn - Infidelity & Attachment-Focused Therapist,ChIJoafsK4JvcVMRfIgv52DMUb4,,
Massage Addict Oshawa,ChIJ_XMXQGMb1YkR5Lw4DI_0byA,,
Massage Addict Sherwood Park,ChIJJ5U6jSsWoFMRHaMls6Is4NY,,
Massage therapy by daisy,ChIJ1amo3j8d1YkR8njEwu-Ask4,,
Mazmanian Dwight Dr,ChIJ6Qab90YfWU0RsyNMQX3PSmU,,
McColl Therapy,ChIJb_QrgjsioFMRQ05orX0lXnM,,
McIntosh Counselling and Assessment Services,ChIJi0eudicUK4gRCuJxeY15OAM,,
Medicine Hat Regional Hospital,ChIJwQhkeeUsE1MRBUkl1zST4XA,,
Medicine Tree Healing Arts Centre Inc,ChIJb3j03DOGblMR7S5ifgHnjs0,,
Megan Rafuse Therapy,ChIJv5ndt6Q0K4gR_-7py0BJTOI,,
Melanie Le Voguer Psychotherapy,ChIJk2lIJmEFzkwRBz949p-D8to,,
Mellon Paulette Child & Family Counselling,ChIJrStJv3ErO4gRjujJEQpn6lU,,
Men & Healing: Psychotherapy for Men,ChIJd5qLGbAFzkwR08B5EPkausw,,
Men Therapy Toronto,ChIJhacE0TwzK4gR5d3oDO9RQ8U,,
Mental Health and Addictions Urgent Crisis Centre,ChIJzX3Ax7MtO4gRfkX0ISqGIAs,,
Mental Wellness Team,ChIJFeyPVNOqL00RvWjwwz--Y_0,,
Meredith Bailey Counselling & Psychotherapy,ChIJEwaiKFhhK4gRbEYWufTBH-c,,
Michelle Lehoux Psychotherapy,ChIJ_0TGHQCt0kwRh08gGoomSpo,,
Milner and Pailing Psychology,ChIJBzxN-Y5R04kROrGxllJ_rhE,,
Mind Body Sport,ChIJZ46Kp6X1K4gRTek7Ziu8Fx8,,
Mindful + Psychotherapy,ChIJbWnP0bTf5g4RXDiyWD9xrfA,,
Mindful Career Ottawa: Career Coach | Student Academic Advisor | Career Counselling Ottawa,ChIJi94GFx8FzkwRmTfyCARSd_U,,
Mindful Career Toronto: Career Coach | Student Academic Advisor | Career Counselling Toronto,ChIJDYfX9EU_yUwRKT6NzTHBqeQ,,
MindPeace Psychology (Downtown Toronto),ChIJb7mrWC81K4gRmlzL1EMHA9Q,,
Mindset Therapy - Psychotherapy Toronto North,ChIJFVbFco81K4gRPHj4zZK_37g,,
Mindshifts Psychotherapy,ChIJZaDVU1HzLogRy0cmNDb_3xk,,
Mississauga Pelvic Health,ChIJVdq4wgibLIgRP5As8PZVfdI,,
Mississauga Psychology Centre,ChIJZ6B3BbhBK4gRfsfkMvBVbJI,,
MIVA Counselling,ChIJ359jHCZvcVMRcQ02BtqjMw8,,
Mode Psychology,ChIJFSrzRprMlg8R1mjfobPo0VU,,
Modern Touch Therapy,ChIJaxgXvt2QkFMRoMiAs0thWf0,,
Moir Counselling,ChIJQTpraR8joFMRaSThqnS2riU,,
"Molly Molnar, Registered Psychotherapist (Qualifying)",ChIJZYhaLuCbK4gRnd9Fgux1o6I,,
Montgomery-Graham Psychology,ChIJrw9YvYDxLogR-zY8zFj-Kgc,,
Mood Disorders Support Group of Guelph,ChIJ-Zx1KcKaK4gR4n4uZm8S1QM,,
Moon Wellness & Healing,ChIJ7cwty3KRkFMR2MVIWbZBf0c,,
Mosaic Counselling,ChIJG4eZ-Ds1K4gRJ9gp2mEn_vw,,
Mosaic Minds - South Asian Therapists,ChIJB5EpWyBHK4gRLfgfjcllGHY,,
Mountain Therapy Psychological Services,ChIJL7iFlFLFcFMRiOFlV_pK4m4,,
Mourning Breaks Grief Counselling & Support,ChIJNduktYXzLogRn3KdD-BNql4,,
Movement Therapy,ChIJ2VbHMQVhK4gRc8sjeCaz1as,,
Moving Mountains Psychotherapy- Eating Disorder Recovery,ChIJQy1oGBQPngQRSbv1vOAfqm0,,
Mulberry Wellness,ChIJHQi7MaObLIgRVR7zHN6l0l4,,
Murray Psychology,ChIJuRXRwjojoFMRMZy0xZFqy_I,,
Muslim Counselling and Psychotherapy Services,ChIJOXgjArZHK4gRz3RCtdbJQig,,
Muslim Family Services of Ottawa,ChIJxbEyl6wFzkwRes_plTHkzyw,,
Mvment Therapy,ChIJST1c-7lVdFMRPFvn4J6y4d0,,
My Inner Peace Counselling & Psychotherapy: Newmarket,ChIJ4S2ysD_X64MRRGhDb3SSlQ8,,
Myo Mississauga,ChIJkWijCk5BK4gRxXrwdT8KvWo,,
Myofascial Release Mississauga,ChIJGz_l7cpHK4gRc4A8Ird03wY,,
Myriam Khouzam - Psychosomatic and Mindful Approaches - Hamilton Therapist,ChIJd8IdABlatkcRFgmz5LwsPzo,,
"Nancy Sigafoos, M.A.,R.P.",ChIJ7Qry77JR04kRibQ-LKrpncw,,
"Nastaran Adibrad, Ph.D",ChIJzSzc6_ksK4gRK8iE1PaLoUU,,
National Collaboration for Youth Mental Health,ChIJM-f65f8EzkwRnXgKQMW6U74,,
Natural Health Clinic of Halton - Oakville - Naturopath - Osteopathy - Psychotherapy - Acupuncture.,ChIJUzZQWJ9nK4gRvZDspX_qKdQ,,
Natural Injector Aesthetics Limited,ChIJuROC24qzCVMRWcWuc4pwHBs,,
Natural Route Health,ChIJm7-_sKWt0kwRsOB-6RSySIA,,
Nature's Clarity Skincare,ChIJva8Qbs6HblMReY07URtK0Gg,,
Nature's Salt Cave,ChIJ0ebU-xqbK4gRHUrWWasnjhE,,
Naturelife Health Centre,ChIJ9-Lq8pBdK4gRjHNp3kz9XBQ,,
Naturopathic Doctor Brampton - McDowall Psychology & Healthcare,ChIJSZTs-J0VK4gREj8GynyChFA,,
Navya: Hypnosis-Assisted Psychotherapy,ChIJDw3Y9u-bLIgR18GVIgEY-IU,,
"Nelia DeAmaral, Coaching & Counseling for Women",ChIJHRJHPaJvK4gRZowI3VzWy2I,,
Nest Psychological Services,ChIJS_31XR6RkFMR7koMrqD_VEo,,
Neuro Physio,ChIJW7mclGVVLk0RiGgeeFeo4-Y,,
New Dawn Counselling,ChIJfZUmy0FGK4gRuyroEaoYa1U,,
New Dawn Walk-In Clinic Oshawa,ChIJBa_ndcsd1YkRms090cp2C9Y,,
New Leaf Anger Management,ChIJW4BoaREtO4gR7UeXsvO38ug,,
New Pathways Therapy Centre,ChIJq66mOic1K4gRqzc2JwGoDLg,,
New Start Counselling Services Inc.,ChIJs9KP0Xw8oFMRAlhDG-B_gBk,,
Niagara Children's Centre,ChIJ4TnzndJP04kRVYYoUWTzy0k,,
Nicole Barbour RSW,ChIJIb7bWmK9KogRemo7o3DeSMs,,
Night Owl Counseling,ChIJt5sUnB2LK4gRRUvFOzI6rmw,,
Northern Play Therapy,ChIJWaW6-GqrL00Rn3q1S-ym9z0,,
NOVA Counseling,ChIJt1HWzLQBL00RiGxQnyfKVfU,,
Nova Psychology,ChIJ58b59AhhK4gRDSUkj69h8cY,,
Oakridges Therapy Centre,ChIJHcAt4MrVKogRj02gEgeGdx0,,
Oakwell Mental Health Services,ChIJC6Alz7BfLogR8CWG5P4jyPY,,
Oasis Counselling and Consulting Services,ChIJdf59mgXyLogRFm_7iOi9XmE,,
OCATT,ChIJAQBwrwb_zUwRWG7HJnwbhfs,,
Odyssey To Me Psychotherapy Clinic,ChIJVcmnIxUrK4gR-5QlC3LO8Cc,,
Office 231 (Psychology & Counselling Services),ChIJO-A9KBstE1MRnUy68E4cX4A,,
Ontario Counselling Coop,ChIJ4V1qseUVK4gRoMJiSv7Fuy0,,
Ontario Counselling Coop,ChIJH6eM3Ar1K4gRrzRdYdJ-360,,
Ontario Counselling Coop,ChIJA_pA4_krO4gRhpID_yPiEWo,,
Ontario Counselling Coop,ChIJy3cXv4G9KogRU1So7DKi-kc,,
Ontario Psychotherapy & Counseling Associates,ChIJablcCFJQ04kRjXnm1wfFLKU,,
Ontario Psychotherapy and Counselling College,ChIJjyTs7rA1K4gRdwuBg60Efm4,,
Open Heart Counselling,ChIJfSjDLPf0K4gRiwX00QOlhfE,,
Orange Spark Counselling,ChIJd4S2HrphK4gRwJj3mgH3wCU,,
OSR Clinics,ChIJ6xw_JlcsO4gR3XP3bC1tj7M,,
Ottawa Centre for Resilience,ChIJ732RHOUFzkwRSsxIsdRYzIU,,
Ottawa Psychotherapist Group,ChIJo0W687gFzkwRi5haTllgHoA,,
Ottawa Talk and Thrive Psychology,ChIJK7yzSnIFzkwRYq6Sv0RXck0,,
Out of the Box Counselling & Collaborations,ChIJSfcv_mb1K4gR1oKxpdo-Q_8,,
Palmer Peter W,ChIJkUXR_8yHblMR8hXd8aP751U,,
Pam Santon,ChIJUfLkVZybLIgR54punycJxLg,,
Pando Counselling & Psychotherapy,ChIJraIbYd_L1IkRZ12vo5Otenw,,
Paper Crane Psychotherapy Services,ChIJxSEEk8GZLIgRdBE5fqGWTIw,,
Parachute Therapy & Wellness,ChIJiVENU2P1K4gRthtDokwKGyk,,
Parkside Therapy Square One,ChIJMU9ramFHK4gRkcyLtolH_rM,,
Parmar Counseling Services,ChIJbXfi2BknoFMRpLCOTdZ1IvM,,
Parsa Noroozian Counselling,ChIJB10jVkA1K4gRq5NmtGMyF14,,
Pastoral Counselling Services,ChIJH0r6qXEtO4gRgaamin8sYw0,,
Path to Peace (Grief Counselling Windsor),ChIJVQ980i3dOogRshUHh8CSDag,,
Pathway-Therapy,ChIJxZbkbLg1K4gRM_zW-YPWmag,,
Patmos Counseling Associates,ChIJ-VOJjXmbLIgRJTk-bax8YbQ,,
Patricia Berendsen,ChIJv_GqJTbxLogR4t60CrVW_DU,,
Patricia Berendsen and associates,ChIJX96eFgHyLogRh-L7DSxBeto,,
Pazaratz Don DR,ChIJcatjcRwd1YkRdS-8bCjxxP4,,
Peace Autism Collective,ChIJW0XbCBiRkFMRFWVt5yPUStQ,,
Peace of Mind CBT,ChIJmyNKXSWeLIgRhc5HSnvC2Z8,,
Peace of Mind Youth Therapy Services,ChIJBwDAtLu7KogRMUFpVNiDEaQ,,
Peaceful Escape & Rejuvenate Massage & Wellness,ChIJVUhDMVP5n1MRMisxn2O_zwA,,
Peak Rehab,ChIJ220-fFoVK4gRUZAyNBd5D6Y,,
Peel Autism Centre,ChIJbaSDoWA_K4gR69MXEAhZY6k,,
Peggy Hill Team Community Centre,ChIJ6_JLSb29KogRRcU8BWmTgq8,,
Penny Lock - Soulfood Psychotherapy,ChIJrZC2YO9hK4gRbEz_0CHcYd4,,
Pesta Psychological Services,ChIJN2fiwLZvcVMRERoxtDrnDnE,,
Petal & Pine Massage,ChIJ49G_YS_5n1MR79YG8KrSWEE,,
Phoebe Chin Therapy,ChIJEVGywK80K4gRLXVB1jd2UEU,,
Physiocare Wellness and Rehab Centre,ChIJH950obcd1YkRosJ_A1eARjU,,
PhysioChiroWellness - Vaughan,ChIJb7xwaicpK4gRX6mReEfKJJs,,
PhysioMax Wellness,ChIJRVcQKeNhK4gR7nRDOxggom4,,
Physiotherapy @ Woodbridge,ChIJh7cBCR0vK4gRHILl725YaCc,,
Physiotherapy Kingston - CBI Health,ChIJa3x54aGr0kwRgYApSaFP5VY,,
"PinPoint Health Brampton- Physiotherapy, Chiropractic, Massage (RMT), & Naturopathy",ChIJ_0Ggi8prK4gRZJ4RxMrF-v0,,
Platinum Psychology Inc.,ChIJzy-qfvkjoFMRgPwC8uOzg9k,,
Play Therapy for Children,ChIJ___Tiz2eLIgRfmpqmOFtFBY,,
Playful Expressions Child Counselling,ChIJh-r3WzwloFMRsqgvHtZ0Njo,,
Polly Li,ChIJk4vgpywrK4gR0CSSepMzNd4,,
Positive Kids Inc. #1 Toronto Child Therapy Center,ChIJ80L09KNAK4gRdU-HnD0CZZE,,
Poulter Counselling,ChIJS2yjwiSeLIgRMbhOJHJyVjo,,
Precious Souls Therapy Services,ChIJq6r6xPI7K4gRo3B9PNGSti4,,
Preston Psychotherapy Services,ChIJJatsbVi3960Rp9vIdkqq_zM,,
Prism Counselling,ChIJ422tTXpxcVMREu_QMpFFTGY,,
Progressive Healing Clinic,ChIJU3TA_DVdK4gRIp34JqvSQms,,
Providence Care Hospital,ChIJRf7xhWmr0kwRyApK3y0NsjE,,
PRS Toronto (Psychotherapy Referral Service),ChIJPW_k4ps0K4gR5EneZ6UsH_Q,,
Pryor Linder and Associates,ChIJn1PnVgYDWkARTHmAuGgT53U,,
Psych Company,ChIJIYDDrjwzK4gRU60z1jAXC8w,,
Psychiatric Survivors of Ottawa,ChIJh4q64k0EzkwRjyWUUdpUeG4,,
Psychological Services,ChIJa3DeppMVK4gRMitV98cMip0,,
Psychologist,ChIJ88jAQzoloFMRUvAcWlTbaPc,,
Psychology Education Assessment Centre,ChIJpxllff5AK4gRW_O1KBdliCg,,
Psychotherapist,ChIJY6wYfePf1IkRtuebWbzXRxE,,
Psychotherapy with Dr. Karen Hack at the Head To Toe Health Centre,ChIJrVHA_8E0K4gRYETovGAe1YQ,,
"Psychotherapy, Hope and Healing",ChIJl6lKfLDR1IkRD8cp5UERjlw,,
PsyVitalitï Toronto,ChIJCwjKHr81K4gRNDCK-Uvnyd4,,
Pure Spa,ChIJvbwl4bWHblMROzNmPDVssXc,,
Purposeful Change,ChIJ1TYCCBrFKogRVD94q7tpiwc,,
Pyramid Psychology,ChIJ04yY4Ll3cVMRXDqyPh8edI0,,
Queer Counselling in Hamilton,ChIJRawLBqybLIgRh4tTddee2eE,,
Queer Joy Therapy,ChIJe9cR9zY1K4gR0tgYDuml1b0,,
Rachel Ginsberg Counselling and Psychotherapy,ChIJF43ENBTb1IkR02rLszowdlw,,
"Ramsay and Associates, Dr. Jason T. Ramsay, C. Psych (Registered Psychologist)",ChIJzam-YHibLIgRl7q7c-TJKvQ,,
Ramsey Lake Health Centre,ChIJvUORczRVLk0RPWwGalXV6G4,,
Real Life Health,ChIJ_27Zoc9ULk0R4Dtrc_gFqO4,,
Rebalance Within Massage Therapy - Laura Seabrook,ChIJLTFGpF-RkFMRgBQYBPI0jtM,,
"Rebecca Machado, RP, M.Ed., CCS",ChIJ11kq2gbyLogRawCimWkw9fE,,
Rebirth Wellness Centre,ChIJvZannwHyLogR8GtkSUwCh9g,,
Reclaim Your Nature Psychotherapy,ChIJwyhlWHtxcVMRqywK007qQGo,,
Reclaiming The Wild,ChIJgaKcYXn1K4gRrra0Y9ijR-M,,
Red Deer Play Therapy,ChIJ07adUwBVdFMRfK90MM2J-PM,,
Red Pine Therapy,ChIJSbFT742r0kwRzwgbM7RTiek,,
Redbird Therapy,ChIJ_7tsJ4g2K4gRrmdKxrXtfGc,,
Regain Rehab Centre,ChIJtW4MVisZK4gR4earoFNd5_U,,
Regesh Family & Child Services - Psychotherapy,ChIJ270X-kItK4gRM7otYBLCSQw,,
Registered Psychotherapist Evelina Hovich,ChIJTbIDEp01K4gRF-WWSb1oV9M,,
Registered Psychotherapist Vera Kelim,ChIJt9BTeEv1K4gRo0i6KLs8UWU,,
Renew Psychology,ChIJK1fnUqRncVMRz2HPbSNidkc,,
Renew+Refresh Medical Spa,ChIJqY9P82I_cVMRMpCUzkYzG_A,,
Renewal Inner Peace Psychotherapy,ChIJmeFa59CbK4gRFEbT2EEbgzU,,
Resilience Counselling and Consulting,ChIJo9f-R_VvcVMRuYrwM7eJ-Z4,,
Resolution Physiotherapy & IMS Clinic - Barrie,ChIJSyuRQtS8KogRVvDg4PWPhsc,,
Resolution Psychology Clinic,ChIJmenzxXTL1IkRpi_Enjhcy90,,
Resolvology Marriage Counselling & Mediation,ChIJIYDXoPlvcVMRC_N2H5L_eoA,,
Restore Counselling and Wellness,ChIJoTIS8XT1K4gRizJfn2DpXg8,,
Restore Psychology,ChIJV6Qh2olxcVMRKL38RKQlBSY,,
Reta Faye Walker,ChIJU1wSzKNdK4gRErzeEkXKTw4,,
Revitalize Osteopathic,ChIJm7Lb0g4tE1MRtyUO70lksuM,,
Rhoen's Ground and Growth Therapy,ChIJmybuo28FzkwRMHH4TWgi7Qg,,
Ricci & Associates ( Psychology Professional Corporation),ChIJVeDPc3AGzkwRANsdWTfuCog,,
Rich and Grounded,ChIJGSEkExBVdFMR2L4plU7Abpc,,
Ripple Effect Counselling and Psychotherapy,ChIJq6rGta0FzkwRIv-pZmG6LTM,,
Rise and Reflect Counselling Services,ChIJJVbXpMkFdFMRw2S7-hhviLU,,
Riverwood Therapy,ChIJVVVhyuqaK4gRutpLRWFcY6c,,
Rivia Therapeutics - Injury • Sport • Chronic Pain,ChIJYw-PXBizCVMRJQv_zmiiZig,,
Roberta McKay Psychotherapy,ChIJ8ZFV45X0K4gRXZ9Fl4V193Y,,
Rocky Mountain Harmonic Egg,ChIJx6abAZNBcVMRMNzPVkU_ghw,,
Rocky Mountain Psychological Services,ChIJjZdbVRtwcVMRiVNRRDJ03ps,,
Roe & Co Counselling,ChIJ5_0sDFFtEAoRROmsE8HzneQ,,
Root 33 Wellness,ChIJBxq6YtU9oFMRAwQ7iS4dhV4,,
Root Bloom Thrive,ChIJG0B4lTVVLk0REIa50rstxXc,,
Rooted In Hope Therapy Services,ChIJ5xczxoYjoFMRzyh-dc4cAfU,,
Rooted Regulation,ChIJPXLwnyvN1IkRnBNJRv-HYhk,,
Rose of Sharon,ChIJzcPoNhOZcVMRbeOBx-daxpA,,
Rose Psychotherapy Centre,ChIJM_dG_ggtK4gR1gnSZtnMz5s,,
Russo Family Clinic,ChIJJ2ig404VK4gRIdVixACol4w,,
Safe Refuge Therapy,ChIJ5RGxPAXM1IkRyGOzZmaoGFI,,
Sage Counselling Services,ChIJEwa2ln4joFMR9No55LQOzSY,,
Sage Naturopathic Clinic Kitchener,ChIJXUbk2Pn0K4gRGm2f2imOq4s,,
Sara Dimerman Psychological Services,ChIJkyLFuLwsK4gR8_fH36ukoKs,,
Sarah Baker,ChIJd1R377JR04kR_ZBjgtiRZ_o,,
Sarah Hammond Counselling and Therapy Services,ChIJJ7IL67dR04kRgwCyDbP5dow,,
Sarah Montes Recovery & Assoicates,ChIJBzCTd7nzLogR41vDNTi-TPU,,
"Sarah Pace, MSW, RSW",ChIJK-d6RT6bK4gRujk1uM-_CWc,,
Sather Reid Sport Medicine North,ChIJQzOMcKEloFMRHFYOiZI-QVY,,
Schizopherenia Society of Alberta-Camrose Chapter,ChIJFZJDZsS7ClMR6Ieqcne4rU4,,
Seashell Medical Centre Oakville,ChIJRQ6ylkRDK4gR4zIi4QBAkkg,,
Self Compassion Co,ChIJD0WH5koXoFMRAWX8GdbODEg,,
Self Help Alliance,ChIJFZWDhu30K4gRZSf0BuX_xZs,,
Self-Care Counselling and Psychological Services,ChIJAVsduPhxcVMRiwJ-ymCmIsE,,
Senta Counselling Services,ChIJQ6sRpz39zUwR6HESLkRmFSE,,
Serenity Now Massage Therapy,ChIJl-Hom60XoFMRFAhrH0NJrL0,,
Shalyn Isaacs Couples Psychotherapy,ChIJMyQtk7SbLIgRMlHqGz6PaxY,,
Shannon Burton MSW RSW/child therapy/youth counseling,ChIJRT9wWJI0K4gRubKQbDX0kLo,,
Shanti Psychotherapy - Niagara,ChIJfYy9f7RR04kRrTIDHcFL1UI,,
"Sharon M. Slate, R.Psych",ChIJhwd-ln5VdFMR58yqFXiExbA,,
Sheila Mirafzal - Counselling & Psychotherapy Services,ChIJw3DtReCbK4gRDMb9y3P9wwo,,
Sherry’s Massage Therapy and Wellness,ChIJo9EpoiP5n1MRnv5Fdm_an9U,,
Shine Mental Health Collective - Isabella St.,ChIJ_R1hUwAFzkwRGtJwy6FcGAQ,,
Shubh wellness clinic,ChIJW0dF_6uLK4gR8OQ26drEXWY,,
Simcoe Muskoka Family Connexions,ChIJV8TFEKGjKogRoatOtHbTrf4,,
Simcoe Psychology,ChIJjx-ARyi9KogRX2JyyXij7dU,,
Sip & Psych,ChIJVVXFOpdvcVMRpuBzCxG0_tI,,
SKG Psychology,ChIJZ_Sna9USrykR75oq_JUGhOA,,
SKN Loft,ChIJhcPyl_BBcVMRYOzkzldV8LA,,
Sky Therapies,ChIJmboQ0neYg4MRToYJnDPhbs4,,
Sky Wellness Clinic - Markham,ChIJiwbp5lPV1IkRPN0emPkajds,,
SLS Centre,ChIJsX3a5YZAcVMRDRgnMgSWZlc,,
Sly Walters Mental Performance,ChIJR6hA3nhBK4gRhuvO7_M1QvA,,
SMILE Therapy for Kids Burlington,ChIJ6xPlgkdhK4gRUgemYxAGJKU,,
SOCIAL AND MENTAL HEALTH INCLUSION SERVICE,ChIJSdQSMsg5clMRb3RIjf1gdfs,,
Social Connections ABA Therapy,ChIJZUGs0OlJ04kR_GVEibZO6NU,,
Sol Wellness,ChIJsyBQR1mOn1MRDLZsaTabuCM,,
Sonder Counseling,ChIJx2DAiiKvJIgRILA7Y5U8Ouw,,
Sonder Psychotherapy,ChIJn2E64huB2YQRX3-Poq79LZ8,,
Sorry Knot Sorry Massage,ChIJn-NyGoX5n1MRLg4T0hj9bSs,,
SOS Program - Service Options For Seniors Society,ChIJB5xoW8O7ClMR-_UC-mRWmt8,,
Soul Aspire Counselling Services,ChIJaW5Z81JvcVMRkqzIppEebYk,,
Soul Santé Psychotherapy and Wellness,ChIJFXNpOszdNK4Row1hfXjU0v4,,
Soul Therapy,ChIJDU34T62WkFMRea7z18eAZaE,,
Soul-Alliance Psychological Services,ChIJq7mAEQF3cVMRH8ke6Ukh19E,,
Soul2Sole Massage St. Albert Clinic,ChIJHdr6TJsloFMRX_ikQ4UnZDQ,,
Sound Minds Psychiatry and Esketamine (Spravato),ChIJOfXRP2SHToYRIIWe9zNn0YU,,
Southern Ontario Counselling Centre,ChIJ8aNfTSb4K4gRLVB6UmWqbrE,,
Southern Ontario Counselling Services,ChIJVVUFZtJ8LogRYhbHdVufnKo,,
Spadina Therapy Centre,ChIJxe9mt5c0K4gRdAtFDn-5_Ak,,
Sparrow Creative Counselling Collective,ChIJ9zZ98EojoFMRg8QZpBVcxsc,,
Sparrow Psychology,ChIJqb2pSgBdK4gRkqZULb5q4CE,,
Speech Associates Speech and ABA Therapy Kingston - Home Service,ChIJh-XMquKt0kwROPNMJEDya1Q,,
Speech Associates Speech and ABA Therapy Sudbury - Home Service,ChIJWfRBoAEBL00RH_zSxfQP3R4,,
Spinal Tap Craniosacral therapy and Reflexology services,ChIJA4s3GhMtE1MRlrOlQUMCYnI,,
Spirit of the West Osteopathy,ChIJf2HAj2g_cVMRNvR9lZche7o,,
Springboard ADHD Clinic (Oakville),ChIJyT5mT-tDK4gRcVoOFVyGjtg,,
Springbrook Health and Wellness,ChIJt1J2LegVK4gRp1PSyZ8weF4,,
Springs Counselling Services,ChIJ6e6NU76LK4gRkeHZYOY4WmU,,
St Macrina Counselling Services,ChIJtTCyIGzL1IkRxbNBs3RqQ-s,,
St. Albert Physio & Lymphatic Centre,ChIJx7gEcHwloFMRKQvL6p3XnX8,,
St. Mary's Hospital,ChIJwYj44dC7ClMRjhv25WHC6Ns,,
"Stacey Jenkins, Jungian Analyst & Registered Psychotherapist",ChIJWbjvsHU1K4gRVK-yE-bKb60,,
Stark Wellness Clinic,ChIJ-S4yaD_L1IkRw_CIlwkw0g0,,
Start Me Up Niagara,ChIJT4lNplFQ04kRTK2mn8AnOr4,,
Steffy Counselling & Mindfulness Centre,ChIJVVXFbufxLogRnqEDvwE4K-Y,,
Step Up Massage & Rehab - Yonge & Wellington,ChIJPwrWhTnL1IkRn6k0Oqzmak8,,
Steve Carroll Counselling & Psychotherapy,ChIJxTuoLgCr0kwRIu31Ie8QdJw,,
Straight Up Health,ChIJdVDR6VkzK4gR7qCynF0jvjo,,
Stressfree Counselling and Mental Health,ChIJhYmg8DSgXY8RbnhwypKSOZA,,
Stretch Itt - Stretch Therapy,ChIJJ1AREYgd1YkRVu5ncca0u74,,
Studio of Healing & Illumination,ChIJB5fuPPSHblMRyVsPuEmLPaw,,
Successful Beginning,ChIJVVUJH9aiKogR_e06PDgUbsc,,
Sucré Medical,ChIJExf4GQiZcVMReHT03n0Hhe8,,
Sudbury Developmental Services - Services pour Handicaps de developpement de Sudbury,ChIJqSKOfe2qL00RfUT8-lRMqBE,,
Sudbury District Nurse Practitioner Clinics,ChIJj4m-3tKrL00RYPaeK53OKOs,,
"Sue MacLean, Therapist",ChIJfWQ87TLzLogRNdQGIFZvWKY,,
Sunbeam Community & Developmental Services,ChIJXeDZ6vyLK4gR5fvD1CzFEmM,,
Sunflower Psychotherapy and Counselling,ChIJJf9Xr6g9K4gRoB4SoyRpez0,,
Supportive Steps Services,ChIJMexQ1ivTKogRbVvFg9NZEz0,,
Suzanne Johnston,ChIJa7alxZtR04kRN19sGJILMBM,,
SWAT Health Burlington - Formerly Denise Semple & Associates,ChIJI6x7QwZhK4gRHVLYw6z0Bkc,,
"Sylvie Graziani Counselling Services | Barrie, On",ChIJe7RE1yijKogRWUF5CKWxrcU,,
Tahera Vawda Psychotherapy Services,ChIJB6cK9JpR04kRg_eyZiGFIoI,,
"Take Care Psychotherapy - Mental Health Counselling | Online Therapy for Youth, Adults, Parents",ChIJxyNGA6JHK4gRzDppsMuL13k,,
Talia Karl Holistic Coaching & Massage Therapy,ChIJub7eawybcVMRPXAbEEUbu9s,,
Talk Therapy,ChIJZ-XjuoZ2cVMRdvheKg1TF2U,,
"Tammy Lawless, Sparrow Treatment & Recovery",ChIJx0quyWthK4gRGpFMHjvqcSA,,
Taylor Clark Psychological Services,ChIJT3Lb3eZvcVMRaoRGJZKdU-M,,
Tea Time Therapy,ChIJYb0hzFxHK4gRh1Kymz-gPzM,,
Tenneille Slater Registered Massage Therapy,ChIJn915O6qPn1MRpbb9eohhGhU,,
The Anxious Athlete,ChIJEyqMbYVfcVMRMhLK3UV-S5E,,
The Balanced Practice,ChIJlSA1LZ8RzkwRS9UBUXQ-Pws,,
The Bloom Centre For ABA Therapy and Development,ChIJvcR4qJ0vK4gRvt4WJrO_wFg,,
The Body Image Therapist Inc.,ChIJ3_pZmUJ3cVMRMxEEf2O_ty4,,
The Brick House Collective,ChIJhVgK0WIjoFMRgYKxDlLmGKE,,
The Calm Collective Psychotherapy,ChIJj0zh4SA0K4gRavTccuNWQXk,,
The Cave Sauna Day Spa,ChIJGTIVFJxAcVMRkCsJBj2HA-k,,
The Centre for MindBody Health,ChIJiYZ28BYzK4gRIgfLob2fhGE,,
The Coach House Therapeutic Centre,ChIJM8sT2Gz0K4gR1G5e4rZM67s,,
The Counselling Centre,ChIJZ0U6oCUsK4gR3_q4N8bjDYY,,
The Counselling Institute,ChIJxVNFAiwlK4gR7Oq41ultdmA,,
The Downtown Psychology Clinic,ChIJxYAun4o1K4gR2AFdqsOxcx4,,
The Fern Room,ChIJXxrHz2GtCVMRwVkkv9QCje0,,
The Flourishing Space,ChIJO2FxQM6dLIgRyVLbrNl0N7E,,
The Healing Cocoon Collective,ChIJI3Os22OZcVMR3wBND22xNmc,,
The Healing Hive Therapy Co.,ChIJGWcEQbJvcVMR6VCP5Cm_PlI,,
The Healing Movement Ltd.,ChIJqzp4gR4d1YkRmEdys575Fb0,,
The Hive And Grove Centre for Holistic Wellness,ChIJx8QeXJT0K4gRVy9-gr1bo-E,,
The Integrative Counselling Centre,ChIJoVyUtvybLIgRbANPXNB4xQ4,,
the Lounge Medical Spa & Wellness,ChIJVUvRRoMloFMRs7trlQV9w3k,,
The Mama's Physio - Perinatal and Pelvic Health,ChIJVzkI-K_xLogRFgUbV72H68Y,,
The Mindfulness Clinic,ChIJBQ4yDMo0K4gRDryrW9FDd60,,
The Nurture Nook Massage Therapy,ChIJqe7YktSZcVMRpawwyIzq0Nc,,
The Pink Syringe – Nurse Injector & Medical Aesthetics Sudbury,ChIJqZvySRirL00Rbw9HtRqlx-E,,
The PsychoEd Clinic,ChIJP7W2UDEFzkwRL-YUlROM1VA,,
The Robin’s Wing Counselling Services,ChIJ3Sy1HjSbLIgRjRyGWYBE7wA,,
The Royal,ChIJdzGXZCcEzkwReLHvrW_joPc,,
The Social Work Consulting Group,ChIJ-___uNEuK4gRU5-Cx5viGGA,,
The Soul Center ~ Reiki Healing and Wellness - Partners with Crystals and Sun Signs Co,ChIJg1Od8P9UdFMRHq9jETtTzuY,,
The Therapy Centre,ChIJdTwBaf0zK4gRNW2tz9mtAYk,,
The Vine Counseling Center (TVCC),ChIJx14ZqHeLK4gRsa3GR1YXl_w,,
The Wellness Collaborative,ChIJASVBQOqaK4gRxPS9rJ9_V7g,,
Therapy Bee Inc. In-Person and Virtual Grief & Trauma Therapy,ChIJ41o9Wm1DK4gR46NA-NemxGQ,,
Therapy Puppy Studio - Vaughan,ChIJ4cWcEAAvK4gRcDKqGz7nF6w,,
Theravive Counseling Detroit - Nolan Moore,ChIJ7R_px23UJIgR6Rl1tmOrqDk,,
Theravive Counselling - Bruce L. Taylor,ChIJJRyCPKKEK4gRezsV__Fsh8M,,
Theravive Counselling Markham - Elizabeth Hepworth,ChIJl32EjyDW1IkRBrsWbCTR3wk,,
Thompson Wellness Clinic,ChIJq6xzd1-bK4gRTf6JrQu72gc,,
Three Tides Wellness,ChIJU38GbDX1K4gRiQSeIpUAGVo,,
Three Willows Therapy,ChIJATAsoSv3LogRHF-UoBUfY44,,
Thresholds Homes and Supports Inc.,ChIJAQAAAGH0K4gRgyxzKkbLX1M,,
Thriive Wellness Clinic,ChIJN7qOlWObK4gRuGOwjKrbNP0,,
"Thrive Counselling, Psychotherapy & Mental Health Consulting",ChIJVVXFuT4ioFMR9tU8XT3sMvA,,
Thrive Program Sudbury,ChIJ62vxuumqL00R-dczav5cyKU,,
ThriveWell Counselling,ChIJ8X2avT41K4gR6j__ayHQuI8,,
Tilley Psychological Services,ChIJt5rgq6UjoFMRPDJMtfOHb5I,,
Tim Rieck Psychotherapy,ChIJHdCcpNzzK4gR_lLFuzZUryI,,
Tizzy Psychology,ChIJAbs8y6JvcVMRjBTof9UMiQU,,
TMC Child Psychology,ChIJBbffbPZlcVMRv99Yqvrvev4,,
TO Therapy — Online Psychotherapy,ChIJyUjX8ebL1IkRmYMmX-QZaXQ,,
"Toronto Wellness Collective, Savannah Dasilva, Psychotherapy",ChIJv94uA76KkI4RrkpPEXatnic,,
Toronto-Markham Counselling & Hypnotherapy,ChIJvUQC9HrW1IkRzIYvWf2s4HQ,,
Total Wellness Rehab,ChIJG-3LCiAVK4gRO8tleEjdw_U,,
Total Wellness Therapy Inc,ChIJM18BBs5fcVMRZ2wn1lAIsqg,,
Touched By Coby,ChIJ8d9bAs27ClMRtpVM1ihfwik,,
Tranquility Place Counselling,ChIJx3qhhajF1YkRQv4X8JdL0rk,,
Transformation Counselling - Markham (Online Only),ChIJr9nmrcPV1IkR3_5TSEu0vXg,,
Transformation Counselling - Mississauga (Online Only),ChIJD5mSa3pHK4gRi1-AiUU_jlc,,
Transformational Growth Psychotherapy | Thornhill Trauma & Couples Therapy,ChIJ6fuXQGAsK4gRLrwvxR3ujZ4,,
Transparency Counselling Services: Riham Al-Saadi,ChIJ____IGosO4gReW9p0vx01e0,,
Trauma & Grief Institute (TGI),ChIJN5r23Q7_zUwRgoM3sWSOcmo,,
Tri-City Psychotherapy,ChIJTTlxWmP1K4gRdw-gmK2s7IQ,,
Triangle Physiotherapy Mississauga,ChIJE7Jf5SpHK4gRCidx6lTNNrQ,,
Trinity Naturopathic Clinic,ChIJX4IFPpyHW40RqGt9GJrwTrE,,
TriPoint Health Clinic,ChIJ60zhyN67ClMRL48ctH7ysOo,,
True Roots Therapy,ChIJJ_CVN7_L1IkR2Sfp2KC9rkg,,
Tsingtao Wellness Spa | Markham RMT Massage,ChIJf85HiSfW1IkRaRtin-zWctI,,
Tuning In Therapy - Online Psychotherapy in Ontario,ChIJrapRPykdQqARhhkoW-DpKFQ,,
"Two Can Talk - Speech Therapy, Occupational Therapy & Autism Services",ChIJ0RkyGX8pK4gRjX7XQIHSTRg,,
Two Doves Psychotherapy Services,ChIJp8oHWvVR04kRMo7KpBLSzs8,,
Unhaltered Hope,ChIJlerDCGFkNqARG5Ep1Y7ws80,,
Unified Health and Wellness,ChIJm3cJ-EHVOogRojtoRsdvjbA,,
Unique Psychology & Consulting,ChIJl1DtWYkXoFMR28qemdf0tnQ,,
Until Psychology,ChIJG1Q62Ms1K4gR_Mbu2Sb9xu8,,
Uptown Wellness Psychotherapy - Christina McLean,ChIJqb2pSgBdK4gRam4NoEK2tfs,,
Urban Massage & Wellness Inc,ChIJGQStwOYloFMR-Y2T9Ij3RNM,,
"Valerie Copping, Psy. D. (Doctorate Clinical Psychology, U.S.)",ChIJHXtGI8CaK4gRIMaQd455lUg,,
Vaughan Counselling Services,ChIJWdxLYUQlK4gR-lf4Uo5OSGA,,
Vaughan Head and Neck Therapies,ChIJwSER9xMvK4gRq7bJjyj4MCw,,
Vengris Counselling Collective,ChIJLep-wrGbLIgROm0iMMlru8Y,,
Veronica Ross RMT,ChIJf5P3TQJBcVMRv9uVA9MPxlA,,
Vibrant Minds Psychotherapy,ChIJ-WdTjD_V1IkRn_pDbkL6nGs,,
Village Centre CBT,ChIJlxd2uDBHK4gRvE9RFr6jx-c,,
Vitality Rehabilitation Group,ChIJ--_C02gFzkwRX553zILdA2c,,
Vivid Psychology,ChIJVVXFOpdvcVMRl7d_b8SoBtM,,
VOLPONE COUNSELLING,ChIJAQBAdTO9KogR86lbUv3cEF8,,
Wallace and Wallace Healing Centre,ChIJFZnfqA7xLogRC7X9t7nYOqs,,
Waters Of Change Counselling Service,ChIJjcITRuiqL00RGi_Q0m9v6zA,,
WAYS Mental Health Support,ChIJb5ibig7yLogRowXDgmn8f_4,,
Wearne Psychotherapy,ChIJxWN3gEgFzkwR7_0LqeeIUAA,,
Well Beings Counselling - Burlington,ChIJ05-Ifo5hK4gRcDGyITinTEo,,
WELL Mental Health & Wellness - Woodbridge,ChIJMd8JtiQvK4gRgg7AzQ3hpe0,,
Welling Centre,ChIJBYfOjFYfoFMRKq-Q2xJCDo4,,
Wellness Counselling Group,ChIJv9Du_OdcK4gRkQ5Q3fH1Zio,,
Wellness Empowered Counselling Services,ChIJQ_gS4wadoFMRNwR0C4-75lw,,
Wellnest,ChIJdYBqeV01K4gRiSXqoiGAWwk,,
Wellsession Psychotherapy,ChIJfUAy9oKNK4gRqlviK_hKiFA,,
Westbridge Associates,ChIJ01RJSwfyLogRhN3G-Jz06Ws,,
White Lotus Massage Therapy,ChIJXVhC9EuRkFMRUCufg4jkz2s,,
White Pine Counselling,ChIJE9d6-FhVdFMRDE_GhxMk0uc,,
Wholistic Health & Wellness,ChIJuWgUtFIrO4gRj8_yRQSOq8s,,
Whyte Avenue Psychological Assessment & Wellness Inc.,ChIJi_uND3cioFMR5UifSt6NeU4,,
Wiebe Jan,ChIJb3j03DOGblMRLX7bwIKpyKw,,
Wild Heart Psychology,ChIJJ9YHQWNxcVMRf00j_8I4eNY,,
Wild Rose Therapy Services,ChIJrw3jJMhvcVMRc32bCgqXcEI,,
Windsor Essex Community Health Centre (weCHC) - Teen Health,ChIJv3X_lxrBOogRI_17uU6cbTI,,
Windsor Family Health Organization - Private Clinic,ChIJzej0oWcsO4gRCZTRbff3duU,,
Wise Minds,ChIJia6GB4rxLogRSQ7CTK-nvLc,,
Witch Way Intuitive Healing,ChIJfRzw4q2HblMRrgz8uy2kjoE,,
Women's Centre of Hamilton,ChIJn3b7z5qbLIgRAaNLkQ3QMFs,,
Woodbine House Skin & Wellness,ChIJnxn8s_aOn1MRl_pvi1q0Hso,,
Woodrows Counselling Services,ChIJW8wZA7aHblMRSMlK8dQRdQY,,
Worden Consulting & Counselling,ChIJu_YQxKstE1MRLYSGsHoI-r0,,
Yellow Room Registered Massage Therapy,ChIJP4dKn86XkFMRmiDWOH9I8kI,,
YORK FAMILY COUNSELLING,ChIJjaslgFrTKogRsltdPOZUMKo,,
Your Healing Journey Counselling,ChIJ9eVGhabV1IkRJX4jKooSgl8,,
Your Oasis Psychotherapy,ChIJozybu2AFzkwR8tOrumPDZgo,,
Yvonne Dion Massage Therapy,ChIJM5Olfm8JsFMRQ94BZnYWbyI,,
Yvonne Vandebovenkamp,ChIJ5UyQupAsO4gRaoIfN0Tc6Wo,,
Zen Paradise Massage & Wellness,ChIJIzjMwqD5n1MRxSQVoSU8sHs,,
Zen Psychology,ChIJ7S9Dz61xcVMRCE9HPaeehUM,,
Zen Social Worker,ChIJAT4fFkmaLIgREG4W2tHOYC0,,
Zephyr Psychological Services,ChIJg3aFzKkFzkwR7nx026hkNj0,,
Zormin Counselling & Psychotherapy Services,ChIJRQE3g4NHK4gRKC9QyUJoNUg,,
éva dolhai solution focused counselling for families,ChIJcZgCYd-xLIgRD43TcingZxg,,
